=== phase1 start 2026-09-07 22:51:37 ===

======== retina_r50  2026-09-07 22:51:37 ========
[cmd] DATASET=retinamnist ARCH=resnet50 SUFFIX=_r50
[retina_r50] retinamnist arch=resnet50 size=224 batch=24 classes=5 device=cuda binary=False mixup=0.0 cutmix=0.0
[mem] train split -> memmap C:\Users\so\Desktop\AI-Powered Radiology Hub\api\data\medmnist\_memmap\retinamnist_train_224.npy (0.16 GB)
[retina_r50] train=1080 val=120 test=400 | test balance=[174, 46, 92, 68, 20]
  ep  1/30 [A(head)] loss=1.6012 val_loss=1.4308 val_acc=0.5583 val_bacc=0.4214
  ep  2/30 [A(head)] loss=1.4925 val_loss=1.4269 val_acc=0.4750 val_bacc=0.4086
  ep  3/30 [A(head)] loss=1.4442 val_loss=1.3764 val_acc=0.4500 val_bacc=0.3879
  ep  4/30 [B(full)] loss=1.3305 val_loss=1.1164 val_acc=0.5917 val_bacc=0.6100
  ep  5/30 [B(full)] loss=1.1269 val_loss=1.0081 val_acc=0.5917 val_bacc=0.5349
  ep  6/30 [B(full)] loss=1.1242 val_loss=1.1412 val_acc=0.5750 val_bacc=0.5605
  ep  7/30 [B(full)] loss=1.0199 val_loss=1.0482 val_acc=0.5917 val_bacc=0.5712
  ep  8/30 [B(full)] loss=0.9757 val_loss=1.0710 val_acc=0.5667 val_bacc=0.5842
  ep  9/30 [B(full)] loss=0.9120 val_loss=1.0357 val_acc=0.5833 val_bacc=0.5728
  ep 10/30 [B(full)] loss=0.8351 val_loss=1.0787 val_acc=0.6000 val_bacc=0.5649
  ep 11/30 [B(full)] loss=0.7775 val_loss=0.9644 val_acc=0.6250 val_bacc=0.5880
  ep 12/30 [B(full)] loss=0.7441 val_loss=0.9264 val_acc=0.6667 val_bacc=0.5751
  ep 13/30 [B(full)] loss=0.7513 val_loss=1.1103 val_acc=0.6667 val_bacc=0.6390
  ep 14/30 [B(full)] loss=0.7002 val_loss=1.0089 val_acc=0.6250 val_bacc=0.5724
  ep 15/30 [B(full)] loss=0.6269 val_loss=0.9769 val_acc=0.6833 val_bacc=0.5888
  ep 16/30 [B(full)] loss=0.6185 val_loss=0.9546 val_acc=0.6167 val_bacc=0.5748
  ep 17/30 [B(full)] loss=0.5677 val_loss=0.9710 val_acc=0.6750 val_bacc=0.6352
  ep 18/30 [B(full)] loss=0.5742 val_loss=1.0279 val_acc=0.6583 val_bacc=0.6020
  ep 19/30 [B(full)] loss=0.5286 val_loss=1.0389 val_acc=0.6833 val_bacc=0.6296
  ep 20/30 [B(full)] loss=0.4872 val_loss=1.0634 val_acc=0.6417 val_bacc=0.5504
  ep 21/30 [B(full)] loss=0.4835 val_loss=1.0567 val_acc=0.6417 val_bacc=0.5487
  ep 22/30 [B(full)] loss=0.4774 val_loss=0.9743 val_acc=0.6500 val_bacc=0.5234
  ep 23/30 [B(full)] loss=0.4605 val_loss=0.9276 val_acc=0.6833 val_bacc=0.5766
  [early stop] patience 8

[report]
               precision    recall  f1-score   support

           0       0.84      0.75      0.79       174
           1       0.33      0.65      0.44        46
           2       0.72      0.34      0.46        92
           3       0.60      0.76      0.68        68
           4       0.37      0.50      0.43        20

    accuracy                           0.63       400
   macro avg       0.57      0.60      0.56       400
weighted avg       0.69      0.63      0.64       400

[RESULT] retina_r50 test_acc=0.6325 train_acc=0.9185 gap=+0.2860 macroF1=0.5588 auc=0.8573 tta=True
RETINA_R50_DONE
[exit] retina_r50 rc=0

======== retina_eb0  2026-09-07 23:02:30 ========
[cmd] DATASET=retinamnist ARCH=efficientnet_b0 SUFFIX=_eb0
[retina_eb0] retinamnist arch=efficientnet_b0 size=224 batch=24 classes=5 device=cuda binary=False mixup=0.0 cutmix=0.0
[mem] train split -> memmap C:\Users\so\Desktop\AI-Powered Radiology Hub\api\data\medmnist\_memmap\retinamnist_train_224.npy (0.16 GB)
[retina_eb0] train=1080 val=120 test=400 | test balance=[174, 46, 92, 68, 20]
  ep  1/30 [A(head)] loss=1.5854 val_loss=1.2973 val_acc=0.5000 val_bacc=0.4271
  ep  2/30 [A(head)] loss=1.4415 val_loss=1.2070 val_acc=0.5333 val_bacc=0.4989
  ep  3/30 [A(head)] loss=1.4067 val_loss=1.1775 val_acc=0.5583 val_bacc=0.4822
  ep  4/30 [B(full)] loss=1.3305 val_loss=1.0534 val_acc=0.6250 val_bacc=0.5759
  ep  5/30 [B(full)] loss=1.1450 val_loss=1.0292 val_acc=0.5333 val_bacc=0.5046
  ep  6/30 [B(full)] loss=1.0429 val_loss=0.9213 val_acc=0.6583 val_bacc=0.6588
  ep  7/30 [B(full)] loss=0.9363 val_loss=1.0045 val_acc=0.6500 val_bacc=0.6676
  ep  8/30 [B(full)] loss=0.9045 val_loss=0.8972 val_acc=0.6250 val_bacc=0.5654
  ep  9/30 [B(full)] loss=0.8526 val_loss=0.9529 val_acc=0.6667 val_bacc=0.6424
  ep 10/30 [B(full)] loss=0.7966 val_loss=1.0935 val_acc=0.6250 val_bacc=0.6789
  ep 11/30 [B(full)] loss=0.7243 val_loss=0.8535 val_acc=0.6917 val_bacc=0.6450
  ep 12/30 [B(full)] loss=0.6741 val_loss=0.9832 val_acc=0.6667 val_bacc=0.6208
  ep 13/30 [B(full)] loss=0.6449 val_loss=0.8574 val_acc=0.6750 val_bacc=0.6408
  ep 14/30 [B(full)] loss=0.6411 val_loss=0.9510 val_acc=0.6750 val_bacc=0.6020
  ep 15/30 [B(full)] loss=0.6142 val_loss=0.8985 val_acc=0.6583 val_bacc=0.6046
  ep 16/30 [B(full)] loss=0.5957 val_loss=0.9604 val_acc=0.6583 val_bacc=0.6499
  ep 17/30 [B(full)] loss=0.5663 val_loss=0.9988 val_acc=0.6500 val_bacc=0.6090
  ep 18/30 [B(full)] loss=0.5596 val_loss=0.9668 val_acc=0.6667 val_bacc=0.6198
  ep 19/30 [B(full)] loss=0.5113 val_loss=0.8717 val_acc=0.6583 val_bacc=0.6395
  [early stop] patience 8
  [tta] val_plain=0.6917 val_tta=0.7000 -> use_tta=True (decided on val)

[report]
               precision    recall  f1-score   support

           0       0.84      0.79      0.81       174
           1       0.39      0.63      0.48        46
           2       0.62      0.54      0.58        92
           3       0.64      0.66      0.65        68
           4       0.70      0.35      0.47        20

    accuracy                           0.67       400
   macro avg       0.64      0.59      0.60       400
weighted avg       0.69      0.67      0.67       400

[RESULT] retina_eb0 test_acc=0.6700 train_acc=0.8796 gap=+0.2096 macroF1=0.5974 auc=0.8539 tta=True
RETINA_EB0_DONE
[exit] retina_eb0 rc=0
=== phase1 end 2026-09-07 23:07:50 ===
=== sweep queue_phase23.txt start 2026-09-07 23:09:26 ===

======== retina_eb0mix  2026-09-07 23:09:26 ========
[cmd] DATASET=retinamnist ARCH=efficientnet_b0 MIXUP=0.2  SUFFIX=_eb0mix
[retina_eb0mix] retinamnist arch=efficientnet_b0 size=224 batch=24 classes=5 device=cuda binary=False mixup=0.2 cutmix=0.0
[mem] train split -> memmap C:\Users\so\Desktop\AI-Powered Radiology Hub\api\data\medmnist\_memmap\retinamnist_train_224.npy (0.16 GB)
[retina_eb0mix] train=1080 val=120 test=400 | test balance=[174, 46, 92, 68, 20]
  ep  1/30 [A(head)] loss=1.5914 val_loss=1.3128 val_acc=0.4917 val_bacc=0.4206
  ep  2/30 [A(head)] loss=1.5243 val_loss=1.2851 val_acc=0.5167 val_bacc=0.5013
  ep  3/30 [A(head)] loss=1.4552 val_loss=1.2552 val_acc=0.5833 val_bacc=0.5322
  ep  4/30 [B(full)] loss=1.4148 val_loss=1.0335 val_acc=0.5750 val_bacc=0.5367
  ep  5/30 [B(full)] loss=1.3028 val_loss=1.0303 val_acc=0.6250 val_bacc=0.5957
  ep  6/30 [B(full)] loss=1.2352 val_loss=1.0071 val_acc=0.6167 val_bacc=0.6176
  ep  7/30 [B(full)] loss=1.1542 val_loss=1.0461 val_acc=0.6500 val_bacc=0.6604
  ep  8/30 [B(full)] loss=1.0533 val_loss=0.9158 val_acc=0.6500 val_bacc=0.6519
  ep  9/30 [B(full)] loss=1.0289 val_loss=0.9087 val_acc=0.6583 val_bacc=0.6280
  ep 10/30 [B(full)] loss=1.0612 val_loss=1.0337 val_acc=0.6250 val_bacc=0.6345
  ep 11/30 [B(full)] loss=1.0108 val_loss=0.9157 val_acc=0.6500 val_bacc=0.6197
  ep 12/30 [B(full)] loss=0.8714 val_loss=0.9134 val_acc=0.6583 val_bacc=0.6473
  ep 13/30 [B(full)] loss=0.8821 val_loss=0.8765 val_acc=0.6833 val_bacc=0.6773
  ep 14/30 [B(full)] loss=0.9126 val_loss=0.9082 val_acc=0.6667 val_bacc=0.6021
  ep 15/30 [B(full)] loss=0.8282 val_loss=1.0461 val_acc=0.6250 val_bacc=0.6026
  ep 16/30 [B(full)] loss=0.7791 val_loss=0.9090 val_acc=0.6583 val_bacc=0.5978
  ep 17/30 [B(full)] loss=0.7809 val_loss=0.9733 val_acc=0.6417 val_bacc=0.5762
  ep 18/30 [B(full)] loss=0.7968 val_loss=1.0317 val_acc=0.6083 val_bacc=0.5578
  ep 19/30 [B(full)] loss=0.7776 val_loss=0.9843 val_acc=0.6417 val_bacc=0.5959
  ep 20/30 [B(full)] loss=0.7285 val_loss=0.9350 val_acc=0.6583 val_bacc=0.5905
  ep 21/30 [B(full)] loss=0.7660 val_loss=1.0304 val_acc=0.6000 val_bacc=0.5549
  [early stop] patience 8
  [tta] val_plain=0.6833 val_tta=0.6750 -> use_tta=False (decided on val)

[report]
               precision    recall  f1-score   support

           0       0.87      0.75      0.81       174
           1       0.31      0.46      0.37        46
           2       0.64      0.42      0.51        92
           3       0.59      0.90      0.71        68
           4       0.44      0.35      0.39        20

    accuracy                           0.65       400
   macro avg       0.57      0.58      0.56       400
weighted avg       0.68      0.65      0.65       400

[RESULT] retina_eb0mix test_acc=0.6475 train_acc=0.8806 gap=+0.2331 macroF1=0.5565 auc=0.8683 tta=False
RETINA_EB0MIX_DONE
[exit] retina_eb0mix rc=0

======== retina_eb0cut  2026-09-07 23:17:55 ========
[cmd] DATASET=retinamnist ARCH=efficientnet_b0 CUTMIX=1.0 SUFFIX=_eb0cut
[retina_eb0cut] retinamnist arch=efficientnet_b0 size=224 batch=24 classes=5 device=cuda binary=False mixup=0.0 cutmix=1.0
[mem] train split -> memmap C:\Users\so\Desktop\AI-Powered Radiology Hub\api\data\medmnist\_memmap\retinamnist_train_224.npy (0.16 GB)
[retina_eb0cut] train=1080 val=120 test=400 | test balance=[174, 46, 92, 68, 20]
  ep  1/30 [A(head)] loss=1.6367 val_loss=1.4156 val_acc=0.5083 val_bacc=0.4284
  ep  2/30 [A(head)] loss=1.5870 val_loss=1.3527 val_acc=0.5500 val_bacc=0.4922
  ep  3/30 [A(head)] loss=1.5508 val_loss=1.3099 val_acc=0.5167 val_bacc=0.4195
  ep  4/30 [B(full)] loss=1.5401 val_loss=1.1018 val_acc=0.5750 val_bacc=0.5376
  ep  5/30 [B(full)] loss=1.4296 val_loss=1.0506 val_acc=0.6250 val_bacc=0.6221
  ep  6/30 [B(full)] loss=1.3783 val_loss=1.0950 val_acc=0.5750 val_bacc=0.6052
  ep  7/30 [B(full)] loss=1.3276 val_loss=1.0372 val_acc=0.6167 val_bacc=0.6060
  ep  8/30 [B(full)] loss=1.2947 val_loss=1.0041 val_acc=0.6167 val_bacc=0.5482
  ep  9/30 [B(full)] loss=1.3073 val_loss=0.9293 val_acc=0.7000 val_bacc=0.6344
  ep 10/30 [B(full)] loss=1.2898 val_loss=0.9971 val_acc=0.6833 val_bacc=0.6636
  ep 11/30 [B(full)] loss=1.2731 val_loss=0.9380 val_acc=0.6833 val_bacc=0.6417
  ep 12/30 [B(full)] loss=1.1959 val_loss=0.9779 val_acc=0.6750 val_bacc=0.6674
  ep 13/30 [B(full)] loss=1.2445 val_loss=0.9897 val_acc=0.6667 val_bacc=0.6469
  ep 14/30 [B(full)] loss=1.2212 val_loss=0.9184 val_acc=0.6833 val_bacc=0.6508
  ep 15/30 [B(full)] loss=1.2354 val_loss=0.9661 val_acc=0.6917 val_bacc=0.6892
  ep 16/30 [B(full)] loss=1.2431 val_loss=1.0212 val_acc=0.6417 val_bacc=0.6555
  ep 17/30 [B(full)] loss=1.1763 val_loss=0.8942 val_acc=0.7083 val_bacc=0.7342
  ep 18/30 [B(full)] loss=1.1230 val_loss=0.8693 val_acc=0.6750 val_bacc=0.6190
  ep 19/30 [B(full)] loss=1.1627 val_loss=0.8938 val_acc=0.7000 val_bacc=0.7021
  ep 20/30 [B(full)] loss=1.1400 val_loss=0.8946 val_acc=0.6917 val_bacc=0.6397
  ep 21/30 [B(full)] loss=1.1080 val_loss=0.9137 val_acc=0.6833 val_bacc=0.6647
  ep 22/30 [B(full)] loss=1.0712 val_loss=0.9554 val_acc=0.6583 val_bacc=0.6326
  ep 23/30 [B(full)] loss=1.0804 val_loss=0.9506 val_acc=0.6667 val_bacc=0.6634
  ep 24/30 [B(full)] loss=1.0322 val_loss=0.9008 val_acc=0.6750 val_bacc=0.6667
  ep 25/30 [B(full)] loss=1.1418 val_loss=0.9238 val_acc=0.6667 val_bacc=0.6567
  [early stop] patience 8
  [tta] val_plain=0.7083 val_tta=0.7167 -> use_tta=True (decided on val)

[report]
               precision    recall  f1-score   support

           0       0.85      0.71      0.78       174
           1       0.31      0.57      0.40        46
           2       0.64      0.41      0.50        92
           3       0.64      0.82      0.72        68
           4       0.45      0.50      0.48        20

    accuracy                           0.64       400
   macro avg       0.58      0.60      0.57       400
weighted avg       0.68      0.64      0.64       400

[RESULT] retina_eb0cut test_acc=0.6350 train_acc=0.8241 gap=+0.1891 macroF1=0.5739 auc=0.8775 tta=True
RETINA_EB0CUT_DONE
[exit] retina_eb0cut rc=0

======== retina_bin_eb0  2026-09-07 23:27:00 ========
[cmd] DATASET=retinamnist ARCH=efficientnet_b0 BINARY=1 SUFFIX=_eb0
[retina_bin_eb0] retinamnist arch=efficientnet_b0 size=224 batch=24 classes=2 device=cuda binary=True mixup=0.0 cutmix=0.0
[mem] train split -> memmap C:\Users\so\Desktop\AI-Powered Radiology Hub\api\data\medmnist\_memmap\retinamnist_train_224.npy (0.16 GB)
[retina_bin_eb0] train=1080 val=120 test=400 | test balance=[220, 180]
  ep  1/30 [A(head)] loss=0.6021 val_loss=0.4438 val_acc=0.8083 val_bacc=0.8056
  ep  2/30 [A(head)] loss=0.5345 val_loss=0.4280 val_acc=0.8000 val_bacc=0.8047
  ep  3/30 [A(head)] loss=0.5222 val_loss=0.4174 val_acc=0.8000 val_bacc=0.8013
  ep  4/30 [B(full)] loss=0.4874 val_loss=0.3977 val_acc=0.8333 val_bacc=0.8418
  ep  5/30 [B(full)] loss=0.3997 val_loss=0.2877 val_acc=0.8833 val_bacc=0.8805
  ep  6/30 [B(full)] loss=0.3496 val_loss=0.3198 val_acc=0.8417 val_bacc=0.8392
  ep  7/30 [B(full)] loss=0.3282 val_loss=0.2716 val_acc=0.8833 val_bacc=0.8805
  ep  8/30 [B(full)] loss=0.3225 val_loss=0.3690 val_acc=0.8417 val_bacc=0.8325
  ep  9/30 [B(full)] loss=0.2737 val_loss=0.3146 val_acc=0.8750 val_bacc=0.8662
  ep 10/30 [B(full)] loss=0.2719 val_loss=0.3250 val_acc=0.8583 val_bacc=0.8510
  ep 11/30 [B(full)] loss=0.2560 val_loss=0.3010 val_acc=0.8583 val_bacc=0.8493
  ep 12/30 [B(full)] loss=0.2417 val_loss=0.3237 val_acc=0.8833 val_bacc=0.8788
  ep 13/30 [B(full)] loss=0.2160 val_loss=0.4342 val_acc=0.8500 val_bacc=0.8384
  [early stop] patience 8
  [tta] val_plain=0.8833 val_tta=0.8750 -> use_tta=False (decided on val)

[report]
                            precision    recall  f1-score   support

non-referable (grade 0-1)       0.86      0.89      0.88       220
 referable DR (grade 2-4)       0.86      0.82      0.84       180

                 accuracy                           0.86       400
                macro avg       0.86      0.86      0.86       400
             weighted avg       0.86      0.86      0.86       400

[RESULT] retina_bin_eb0 test_acc=0.8600 train_acc=0.9194 gap=+0.0594 macroF1=0.858 auc=0.9438 tta=False
RETINA_BIN_EB0_DONE
[exit] retina_bin_eb0 rc=0

======== breast_eb0  2026-09-07 23:32:15 ========
[cmd] DATASET=breastmnist ARCH=efficientnet_b0 SUFFIX=_eb0
[breast_eb0] breastmnist arch=efficientnet_b0 size=224 batch=24 classes=2 device=cuda binary=False mixup=0.0 cutmix=0.0
[breast_eb0] train=546 val=78 test=156 | test balance=[42, 114]
  ep  1/30 [A(head)] loss=0.6677 val_loss=0.6701 val_acc=0.5897 val_bacc=0.6591
  ep  2/30 [A(head)] loss=0.6203 val_loss=0.6281 val_acc=0.6538 val_bacc=0.7030
  ep  3/30 [A(head)] loss=0.5974 val_loss=0.5492 val_acc=0.8077 val_bacc=0.7932
  ep  4/30 [B(full)] loss=0.5686 val_loss=0.5390 val_acc=0.7564 val_bacc=0.8033
  ep  5/30 [B(full)] loss=0.4368 val_loss=0.4373 val_acc=0.7821 val_bacc=0.8208
  ep  6/30 [B(full)] loss=0.4332 val_loss=0.4568 val_acc=0.8205 val_bacc=0.8622
  ep  7/30 [B(full)] loss=0.3932 val_loss=0.4230 val_acc=0.8077 val_bacc=0.8534
  ep  8/30 [B(full)] loss=0.3802 val_loss=0.2532 val_acc=0.8974 val_bacc=0.9148
  ep  9/30 [B(full)] loss=0.3310 val_loss=0.2722 val_acc=0.8846 val_bacc=0.9060
  ep 10/30 [B(full)] loss=0.3326 val_loss=0.2232 val_acc=0.9103 val_bacc=0.9236
  ep 11/30 [B(full)] loss=0.2699 val_loss=0.3784 val_acc=0.8590 val_bacc=0.8885
  ep 12/30 [B(full)] loss=0.2798 val_loss=0.3491 val_acc=0.8846 val_bacc=0.9060
  ep 13/30 [B(full)] loss=0.2587 val_loss=0.3945 val_acc=0.8590 val_bacc=0.8885
  ep 14/30 [B(full)] loss=0.2877 val_loss=0.2669 val_acc=0.9103 val_bacc=0.9236
  ep 15/30 [B(full)] loss=0.2525 val_loss=0.3222 val_acc=0.9231 val_bacc=0.9323
  ep 16/30 [B(full)] loss=0.2631 val_loss=0.4681 val_acc=0.8462 val_bacc=0.8947
  ep 17/30 [B(full)] loss=0.2591 val_loss=0.3657 val_acc=0.8974 val_bacc=0.9148
  ep 18/30 [B(full)] loss=0.2497 val_loss=0.3420 val_acc=0.9103 val_bacc=0.9386
  ep 19/30 [B(full)] loss=0.2413 val_loss=0.3711 val_acc=0.8974 val_bacc=0.9148
  ep 20/30 [B(full)] loss=0.2087 val_loss=0.3013 val_acc=0.9359 val_bacc=0.9411
  ep 21/30 [B(full)] loss=0.2151 val_loss=0.3262 val_acc=0.9231 val_bacc=0.9323
  ep 22/30 [B(full)] loss=0.2182 val_loss=0.3547 val_acc=0.9103 val_bacc=0.9236
  ep 23/30 [B(full)] loss=0.2130 val_loss=0.3437 val_acc=0.9103 val_bacc=0.9236
  ep 24/30 [B(full)] loss=0.2187 val_loss=0.3254 val_acc=0.9103 val_bacc=0.9236
  ep 25/30 [B(full)] loss=0.2134 val_loss=0.2927 val_acc=0.9231 val_bacc=0.9323
  ep 26/30 [B(full)] loss=0.2114 val_loss=0.3357 val_acc=0.9231 val_bacc=0.9323
  ep 27/30 [B(full)] loss=0.2049 val_loss=0.3041 val_acc=0.9231 val_bacc=0.9323
  ep 28/30 [B(full)] loss=0.2057 val_loss=0.3197 val_acc=0.9231 val_bacc=0.9323
  [early stop] patience 8
  [tta] val_plain=0.9359 val_tta=0.9359 -> use_tta=False (decided on val)

[report]
                 precision    recall  f1-score   support

     malignant       0.77      0.86      0.81        42
normal, benign       0.94      0.90      0.92       114

      accuracy                           0.89       156
     macro avg       0.86      0.88      0.87       156
  weighted avg       0.90      0.89      0.89       156

[RESULT] breast_eb0 test_acc=0.8910 train_acc=0.9853 gap=+0.0943 macroF1=0.8664 auc=0.9313 tta=False
BREAST_EB0_DONE
[exit] breast_eb0 rc=0

======== derma_bin_eb0  2026-09-07 23:36:19 ========
[cmd] DATASET=dermamnist  ARCH=efficientnet_b0 BINARY=1 SUFFIX=_eb0
[derma_bin_eb0] dermamnist arch=efficientnet_b0 size=224 batch=24 classes=2 device=cuda binary=True mixup=0.0 cutmix=0.0
[mem] train split -> memmap C:\Users\so\Desktop\AI-Powered Radiology Hub\api\data\medmnist\_memmap\dermamnist_train_224.npy (1.05 GB)
[mem] val split -> memmap C:\Users\so\Desktop\AI-Powered Radiology Hub\api\data\medmnist\_memmap\dermamnist_val_224.npy (0.15 GB)
[mem] test split -> memmap C:\Users\so\Desktop\AI-Powered Radiology Hub\api\data\medmnist\_memmap\dermamnist_test_224.npy (0.30 GB)
[derma_bin_eb0] train=7007 val=1003 test=2005 | test balance=[1613, 392]
  ep  1/30 [A(head)] loss=0.5924 val_loss=0.5317 val_acc=0.7109 val_bacc=0.7759
  ep  2/30 [A(head)] loss=0.5714 val_loss=0.4737 val_acc=0.7627 val_bacc=0.7753
  ep  3/30 [A(head)] loss=0.5732 val_loss=0.4540 val_acc=0.7827 val_bacc=0.8012
  ep  4/30 [B(full)] loss=0.5498 val_loss=0.3970 val_acc=0.8245 val_bacc=0.8156
  ep  5/30 [B(full)] loss=0.5054 val_loss=0.4467 val_acc=0.7657 val_bacc=0.8196
  ep  6/30 [B(full)] loss=0.4777 val_loss=0.3629 val_acc=0.8495 val_bacc=0.8446
  ep  7/30 [B(full)] loss=0.4516 val_loss=0.3339 val_acc=0.8744 val_bacc=0.8621
  ep  8/30 [B(full)] loss=0.4400 val_loss=0.3454 val_acc=0.8584 val_bacc=0.8637
  ep  9/30 [B(full)] loss=0.4184 val_loss=0.3181 val_acc=0.8744 val_bacc=0.8621
  ep 10/30 [B(full)] loss=0.4062 val_loss=0.3004 val_acc=0.8814 val_bacc=0.8490
  ep 11/30 [B(full)] loss=0.3796 val_loss=0.3618 val_acc=0.8524 val_bacc=0.8581
  ep 12/30 [B(full)] loss=0.3605 val_loss=0.2632 val_acc=0.9013 val_bacc=0.8305
  ep 13/30 [B(full)] loss=0.3486 val_loss=0.2848 val_acc=0.8953 val_bacc=0.8519
  ep 14/30 [B(full)] loss=0.3396 val_loss=0.2788 val_acc=0.9003 val_bacc=0.8608
  ep 15/30 [B(full)] loss=0.3171 val_loss=0.3089 val_acc=0.8883 val_bacc=0.8572
  ep 16/30 [B(full)] loss=0.3180 val_loss=0.2762 val_acc=0.9003 val_bacc=0.8492
  ep 17/30 [B(full)] loss=0.2981 val_loss=0.2837 val_acc=0.8973 val_bacc=0.8628
  ep 18/30 [B(full)] loss=0.2815 val_loss=0.2749 val_acc=0.9003 val_bacc=0.8685
  ep 19/30 [B(full)] loss=0.2728 val_loss=0.2765 val_acc=0.9073 val_bacc=0.8651
  ep 20/30 [B(full)] loss=0.2687 val_loss=0.2823 val_acc=0.8983 val_bacc=0.8557
  ep 21/30 [B(full)] loss=0.2591 val_loss=0.2673 val_acc=0.9073 val_bacc=0.8497
  ep 22/30 [B(full)] loss=0.2531 val_loss=0.3091 val_acc=0.8993 val_bacc=0.8814
  ep 23/30 [B(full)] loss=0.2420 val_loss=0.2677 val_acc=0.9113 val_bacc=0.8657
  ep 24/30 [B(full)] loss=0.2370 val_loss=0.2598 val_acc=0.9123 val_bacc=0.8721
  ep 25/30 [B(full)] loss=0.2411 val_loss=0.2569 val_acc=0.9093 val_bacc=0.8548
  ep 26/30 [B(full)] loss=0.2349 val_loss=0.2563 val_acc=0.9123 val_bacc=0.8566
  ep 27/30 [B(full)] loss=0.2347 val_loss=0.2579 val_acc=0.9133 val_bacc=0.8611
  ep 28/30 [B(full)] loss=0.2298 val_loss=0.2655 val_acc=0.9053 val_bacc=0.8600
  ep 29/30 [B(full)] loss=0.2273 val_loss=0.2540 val_acc=0.9143 val_bacc=0.8656
  ep 30/30 [B(full)] loss=0.2305 val_loss=0.2569 val_acc=0.9123 val_bacc=0.8663
  [tta] val_plain=0.9143 val_tta=0.9153 -> use_tta=True (decided on val)

[report]
                                             precision    recall  f1-score   support

                   benign (bkl/df/nv/vasc)       0.95      0.95      0.95      1613
malignant or pre-malignant (akiec/bcc/mel)       0.78      0.80      0.79       392

                                  accuracy                           0.92      2005
                                 macro avg       0.87      0.87      0.87      2005
                              weighted avg       0.92      0.92      0.92      2005

[RESULT] derma_bin_eb0 test_acc=0.9172 train_acc=0.9969 gap=+0.0797 macroF1=0.8694 auc=0.9457 tta=True
DERMA_BIN_EB0_DONE
[exit] derma_bin_eb0 rc=0

======== derma_eb0  2026-09-08 00:32:37 ========
[cmd] DATASET=dermamnist  ARCH=efficientnet_b0 SUFFIX=_eb0
[derma_eb0] dermamnist arch=efficientnet_b0 size=224 batch=24 classes=7 device=cuda binary=False mixup=0.0 cutmix=0.0
[mem] train split -> memmap C:\Users\so\Desktop\AI-Powered Radiology Hub\api\data\medmnist\_memmap\dermamnist_train_224.npy (1.05 GB)
[mem] val split -> memmap C:\Users\so\Desktop\AI-Powered Radiology Hub\api\data\medmnist\_memmap\dermamnist_val_224.npy (0.15 GB)
[mem] test split -> memmap C:\Users\so\Desktop\AI-Powered Radiology Hub\api\data\medmnist\_memmap\dermamnist_test_224.npy (0.30 GB)
[derma_eb0] train=7007 val=1003 test=2005 | test balance=[66, 103, 220, 23, 223, 1341, 29]
  ep  1/30 [A(head)] loss=2.0721 val_loss=1.4431 val_acc=0.4975 val_bacc=0.5196
  ep  2/30 [A(head)] loss=1.9302 val_loss=1.4474 val_acc=0.4905 val_bacc=0.5557
  ep  3/30 [A(head)] loss=1.9121 val_loss=1.3364 val_acc=0.5513 val_bacc=0.5708
  ep  4/30 [B(full)] loss=1.8021 val_loss=1.1434 val_acc=0.6301 val_bacc=0.6452
  ep  5/30 [B(full)] loss=1.6172 val_loss=1.1731 val_acc=0.6630 val_bacc=0.7284
  ep  6/30 [B(full)] loss=1.5011 val_loss=1.1229 val_acc=0.7139 val_bacc=0.7668
  ep  7/30 [B(full)] loss=1.4369 val_loss=1.0146 val_acc=0.7458 val_bacc=0.7936
  ep  8/30 [B(full)] loss=1.3726 val_loss=1.0417 val_acc=0.7378 val_bacc=0.7994
  ep  9/30 [B(full)] loss=1.3332 val_loss=1.0637 val_acc=0.7318 val_bacc=0.7851
  ep 10/30 [B(full)] loss=1.2878 val_loss=0.9217 val_acc=0.7737 val_bacc=0.7917
  ep 11/30 [B(full)] loss=1.2723 val_loss=1.0388 val_acc=0.7238 val_bacc=0.7673
  ep 12/30 [B(full)] loss=1.2082 val_loss=0.9271 val_acc=0.8046 val_bacc=0.7589
  ep 13/30 [B(full)] loss=1.2150 val_loss=0.9225 val_acc=0.7876 val_bacc=0.8085
  ep 14/30 [B(full)] loss=1.1827 val_loss=0.9636 val_acc=0.7876 val_bacc=0.8049
  ep 15/30 [B(full)] loss=1.1352 val_loss=0.9142 val_acc=0.8136 val_bacc=0.8266
  ep 16/30 [B(full)] loss=1.0982 val_loss=0.9271 val_acc=0.8275 val_bacc=0.8358
  ep 17/30 [B(full)] loss=1.0861 val_loss=0.9289 val_acc=0.8086 val_bacc=0.8234
  ep 18/30 [B(full)] loss=1.0624 val_loss=0.9393 val_acc=0.8096 val_bacc=0.8112
  ep 19/30 [B(full)] loss=1.0266 val_loss=0.9418 val_acc=0.8166 val_bacc=0.8250
  ep 20/30 [B(full)] loss=1.0416 val_loss=0.9068 val_acc=0.8215 val_bacc=0.8014
  ep 21/30 [B(full)] loss=0.9967 val_loss=0.8547 val_acc=0.8574 val_bacc=0.8135
  ep 22/30 [B(full)] loss=1.0155 val_loss=0.8741 val_acc=0.8495 val_bacc=0.8215
  ep 23/30 [B(full)] loss=0.9990 val_loss=0.8469 val_acc=0.8534 val_bacc=0.8247
  ep 24/30 [B(full)] loss=0.9854 val_loss=0.8375 val_acc=0.8684 val_bacc=0.8321
  ep 25/30 [B(full)] loss=0.9519 val_loss=0.8440 val_acc=0.8604 val_bacc=0.8203
  ep 26/30 [B(full)] loss=0.9806 val_loss=0.8262 val_acc=0.8714 val_bacc=0.8286
  ep 27/30 [B(full)] loss=0.9597 val_loss=0.8355 val_acc=0.8684 val_bacc=0.8336
  ep 28/30 [B(full)] loss=0.9686 val_loss=0.8471 val_acc=0.8594 val_bacc=0.8309
  ep 29/30 [B(full)] loss=0.9500 val_loss=0.8416 val_acc=0.8644 val_bacc=0.8494
  ep 30/30 [B(full)] loss=0.9721 val_loss=0.8311 val_acc=0.8694 val_bacc=0.8356
  [tta] val_plain=0.8714 val_tta=0.8714 -> use_tta=False (decided on val)

[report]
                                                  precision    recall  f1-score   support

actinic keratoses and intraepithelial carcinoma       0.88      0.74      0.80        66
                           basal cell carcinoma       0.74      0.90      0.81       103
                  benign keratosis-like lesions       0.73      0.87      0.80       220
                                 dermatofibroma       0.54      0.83      0.66        23
                                       melanoma       0.70      0.75      0.72       223
                               melanocytic nevi       0.97      0.91      0.94      1341
                               vascular lesions       0.85      0.97      0.90        29

                                       accuracy                           0.88      2005
                                      macro avg       0.77      0.85      0.80      2005
                                   weighted avg       0.89      0.88      0.88      2005

[RESULT] derma_eb0 test_acc=0.8793 train_acc=0.9655 gap=+0.0862 macroF1=0.8043 auc=0.9621 tta=False
DERMA_EB0_DONE
[exit] derma_eb0 rc=0

======== derma_bin_r50  2026-09-08 01:32:14 ========
[cmd] DATASET=dermamnist  ARCH=resnet50 BINARY=1 SUFFIX=_r50
[derma_bin_r50] dermamnist arch=resnet50 size=224 batch=24 classes=2 device=cuda binary=True mixup=0.0 cutmix=0.0
[mem] train split -> memmap C:\Users\so\Desktop\AI-Powered Radiology Hub\api\data\medmnist\_memmap\dermamnist_train_224.npy (1.05 GB)
[mem] val split -> memmap C:\Users\so\Desktop\AI-Powered Radiology Hub\api\data\medmnist\_memmap\dermamnist_val_224.npy (0.15 GB)
[mem] test split -> memmap C:\Users\so\Desktop\AI-Powered Radiology Hub\api\data\medmnist\_memmap\dermamnist_test_224.npy (0.30 GB)
[derma_bin_r50] train=7007 val=1003 test=2005 | test balance=[1613, 392]
  ep  1/30 [A(head)] loss=0.5847 val_loss=0.4347 val_acc=0.8076 val_bacc=0.7974
  ep  2/30 [A(head)] loss=0.5551 val_loss=0.4795 val_acc=0.7657 val_bacc=0.7965
  ep  3/30 [A(head)] loss=0.5543 val_loss=0.4467 val_acc=0.7916 val_bacc=0.8029
  ep  4/30 [B(full)] loss=0.5458 val_loss=0.4233 val_acc=0.7996 val_bacc=0.8117
  ep  5/30 [B(full)] loss=0.5130 val_loss=0.4062 val_acc=0.8076 val_bacc=0.7896
  ep  6/30 [B(full)] loss=0.4928 val_loss=0.4926 val_acc=0.7647 val_bacc=0.8190
  ep  7/30 [B(full)] loss=0.4713 val_loss=0.4551 val_acc=0.7667 val_bacc=0.8106
  ep  8/30 [B(full)] loss=0.4642 val_loss=0.3783 val_acc=0.8295 val_bacc=0.8419
  ep  9/30 [B(full)] loss=0.4587 val_loss=0.3892 val_acc=0.8175 val_bacc=0.8364
  ep 10/30 [B(full)] loss=0.4462 val_loss=0.4007 val_acc=0.8046 val_bacc=0.8399
  ep 11/30 [B(full)] loss=0.4388 val_loss=0.3468 val_acc=0.8514 val_bacc=0.8459
  ep 12/30 [B(full)] loss=0.4270 val_loss=0.3209 val_acc=0.8514 val_bacc=0.8439
  ep 13/30 [B(full)] loss=0.4062 val_loss=0.2904 val_acc=0.8833 val_bacc=0.8020
  ep 14/30 [B(full)] loss=0.3977 val_loss=0.4143 val_acc=0.8166 val_bacc=0.8281
  ep 15/30 [B(full)] loss=0.3785 val_loss=0.3080 val_acc=0.8814 val_bacc=0.8548
  ep 16/30 [B(full)] loss=0.3534 val_loss=0.3649 val_acc=0.8614 val_bacc=0.8521
  ep 17/30 [B(full)] loss=0.3542 val_loss=0.3364 val_acc=0.8684 val_bacc=0.8719
  ep 18/30 [B(full)] loss=0.3396 val_loss=0.3096 val_acc=0.8933 val_bacc=0.8622
  ep 19/30 [B(full)] loss=0.3206 val_loss=0.3422 val_acc=0.8644 val_bacc=0.8655
  ep 20/30 [B(full)] loss=0.3068 val_loss=0.2986 val_acc=0.8973 val_bacc=0.8415
  ep 21/30 [B(full)] loss=0.2943 val_loss=0.3186 val_acc=0.8863 val_bacc=0.8579
  ep 22/30 [B(full)] loss=0.2820 val_loss=0.3059 val_acc=0.8903 val_bacc=0.8488
  ep 23/30 [B(full)] loss=0.2720 val_loss=0.3273 val_acc=0.8903 val_bacc=0.8642
  ep 24/30 [B(full)] loss=0.2695 val_loss=0.2887 val_acc=0.9073 val_bacc=0.8497
  ep 25/30 [B(full)] loss=0.2580 val_loss=0.2796 val_acc=0.9143 val_bacc=0.8849
  ep 26/30 [B(full)] loss=0.2548 val_loss=0.3214 val_acc=0.8983 val_bacc=0.8847
  ep 27/30 [B(full)] loss=0.2533 val_loss=0.3049 val_acc=0.9003 val_bacc=0.8704
  ep 28/30 [B(full)] loss=0.2495 val_loss=0.2891 val_acc=0.9063 val_bacc=0.8664
  ep 29/30 [B(full)] loss=0.2462 val_loss=0.3089 val_acc=0.8983 val_bacc=0.8653
  ep 30/30 [B(full)] loss=0.2349 val_loss=0.2952 val_acc=0.9043 val_bacc=0.8652
  [tta] val_plain=0.9143 val_tta=0.9163 -> use_tta=True (decided on val)

[report]
                                             precision    recall  f1-score   support

                   benign (bkl/df/nv/vasc)       0.96      0.93      0.94      1613
malignant or pre-malignant (akiec/bcc/mel)       0.75      0.83      0.79       392

                                  accuracy                           0.91      2005
                                 macro avg       0.85      0.88      0.87      2005
                              weighted avg       0.92      0.91      0.91      2005

[RESULT] derma_bin_r50 test_acc=0.9117 train_acc=0.9927 gap=+0.0810 macroF1=0.8654 auc=0.9525 tta=True
DERMA_BIN_R50_DONE
[exit] derma_bin_r50 rc=0

======== oct_eb0  2026-09-08 03:07:01 ========
[cmd] DATASET=octmnist ARCH=efficientnet_b0 SIZE=224 MAX_TRAIN=40000 VAL_MAX=3000 EPOCHS=14 SUFFIX=_eb0
[oct_eb0] octmnist arch=efficientnet_b0 size=224 batch=24 classes=4 device=cuda binary=False mixup=0.0 cutmix=0.0
Traceback (most recent call last):
  File "C:\Users\so\Desktop\AI-Powered Radiology Hub\api\venv_gpu\lib\site-packages\medmnist\dataset.py", line 106, in download
    download_url(
  File "C:\Users\so\Desktop\AI-Powered Radiology Hub\api\venv_gpu\lib\site-packages\torchvision\datasets\utils.py", line 121, in download_url
    url = _get_redirect_url(url, max_hops=max_redirect_hops)
  File "C:\Users\so\Desktop\AI-Powered Radiology Hub\api\venv_gpu\lib\site-packages\torchvision\datasets\utils.py", line 66, in _get_redirect_url
    with urllib.request.urlopen(urllib.request.Request(url, headers=headers)) as response:
  File "C:\Users\so\AppData\Local\Programs\Python\Python310\lib\urllib\request.py", line 216, in urlopen
    return opener.open(url, data, timeout)
  File "C:\Users\so\AppData\Local\Programs\Python\Python310\lib\urllib\request.py", line 525, in open
    response = meth(req, response)
  File "C:\Users\so\AppData\Local\Programs\Python\Python310\lib\urllib\request.py", line 634, in http_response
    response = self.parent.error(
  File "C:\Users\so\AppData\Local\Programs\Python\Python310\lib\urllib\request.py", line 563, in error
    return self._call_chain(*args)
  File "C:\Users\so\AppData\Local\Programs\Python\Python310\lib\urllib\request.py", line 496, in _call_chain
    result = func(*args)
  File "C:\Users\so\AppData\Local\Programs\Python\Python310\lib\urllib\request.py", line 643, in http_error_default
    raise HTTPError(req.full_url, code, msg, hdrs, fp)
urllib.error.HTTPError: HTTP Error 504: Gateway Time-out

During handling of the above exception, another exception occurred:

Traceback (most recent call last):
  File "C:\Users\so\Desktop\AI-Powered Radiology Hub\api\train_medmnist_v2.py", line 471, in <module>
    main()
  File "C:\Users\so\Desktop\AI-Powered Radiology Hub\api\train_medmnist_v2.py", line 244, in main
    Xtr, ytr = load_split("train"); Xva, yva = load_split("val"); Xte, yte = load_split("test")
  File "C:\Users\so\Desktop\AI-Powered Radiology Hub\api\train_medmnist_v2.py", line 140, in load_split
    ds = DataClass(split=split, download=True, size=SIZE, root=DATA_ROOT)
  File "C:\Users\so\Desktop\AI-Powered Radiology Hub\api\venv_gpu\lib\site-packages\medmnist\dataset.py", line 56, in __init__
    self.download()
  File "C:\Users\so\Desktop\AI-Powered Radiology Hub\api\venv_gpu\lib\site-packages\medmnist\dataset.py", line 113, in download
    raise RuntimeError(
RuntimeError: 
                Automatic download failed! Please download octmnist_224.npz manually.
                1. [Optional] Check your network connection: 
                    Go to https://github.com/MedMNIST/MedMNIST/ and find the Zenodo repository
                2. Download the npz file from the Zenodo repository or its Zenodo data link: 
                    https://zenodo.org/records/10519652/files/octmnist_224.npz?download=1
                3. [Optional] Verify the MD5: 
                    abc493b6d529d5de7569faaef2773ba3
                4. Put the npz file under your MedMNIST root folder: 
                    C:\Users\so\Desktop\AI-Powered Radiology Hub\api\data\medmnist
                
[exit] oct_eb0 rc=1
=== sweep queue_phase23.txt end 2026-09-08 03:07:50 ===
=== sweep queue_phase45.txt start 2026-09-08 03:08:03 ===

======== derma_bin_r18e30  2026-09-08 03:08:03 ========
[cmd] DATASET=dermamnist ARCH=resnet18 BINARY=1 EPOCHS=30 SUFFIX=_r18e30
[derma_bin_r18e30] dermamnist arch=resnet18 size=224 batch=32 classes=2 device=cuda binary=True mixup=0.0 cutmix=0.0
[mem] train split -> memmap C:\Users\so\Desktop\AI-Powered Radiology Hub\api\data\medmnist\_memmap\dermamnist_train_224.npy (1.05 GB)
[mem] val split -> memmap C:\Users\so\Desktop\AI-Powered Radiology Hub\api\data\medmnist\_memmap\dermamnist_val_224.npy (0.15 GB)
[mem] test split -> memmap C:\Users\so\Desktop\AI-Powered Radiology Hub\api\data\medmnist\_memmap\dermamnist_test_224.npy (0.30 GB)
[derma_bin_r18e30] train=7007 val=1003 test=2005 | test balance=[1613, 392]
  ep  1/30 [A(head)] loss=0.6467 val_loss=0.7052 val_acc=0.6231 val_bacc=0.7388
  ep  2/30 [A(head)] loss=0.5930 val_loss=0.5189 val_acc=0.7288 val_bacc=0.7735
  ep  3/30 [A(head)] loss=0.5921 val_loss=0.5084 val_acc=0.7458 val_bacc=0.7937
  ep  4/30 [B(full)] loss=0.5789 val_loss=0.5273 val_acc=0.7159 val_bacc=0.7887
  ep  5/30 [B(full)] loss=0.5195 val_loss=0.4119 val_acc=0.7856 val_bacc=0.7779
  ep  6/30 [B(full)] loss=0.5057 val_loss=0.3925 val_acc=0.8056 val_bacc=0.8386
  ep  7/30 [B(full)] loss=0.4943 val_loss=0.3499 val_acc=0.8504 val_bacc=0.8182
  ep  8/30 [B(full)] loss=0.4918 val_loss=0.3586 val_acc=0.8554 val_bacc=0.8175
  ep  9/30 [B(full)] loss=0.4826 val_loss=0.4185 val_acc=0.8106 val_bacc=0.8379
  ep 10/30 [B(full)] loss=0.4623 val_loss=0.4359 val_acc=0.8066 val_bacc=0.8141
  ep 11/30 [B(full)] loss=0.4617 val_loss=0.3337 val_acc=0.8604 val_bacc=0.7394
  ep 12/30 [B(full)] loss=0.4497 val_loss=0.3829 val_acc=0.8265 val_bacc=0.8439
  ep 13/30 [B(full)] loss=0.4413 val_loss=0.3401 val_acc=0.8704 val_bacc=0.8441
  ep 14/30 [B(full)] loss=0.4278 val_loss=0.3572 val_acc=0.8594 val_bacc=0.8238
  ep 15/30 [B(full)] loss=0.4215 val_loss=0.3078 val_acc=0.8734 val_bacc=0.8093
  ep 16/30 [B(full)] loss=0.4104 val_loss=0.3084 val_acc=0.8674 val_bacc=0.8384
  ep 17/30 [B(full)] loss=0.3997 val_loss=0.3386 val_acc=0.8744 val_bacc=0.8601
  ep 18/30 [B(full)] loss=0.3863 val_loss=0.2899 val_acc=0.8814 val_bacc=0.8394
  ep 19/30 [B(full)] loss=0.3733 val_loss=0.3103 val_acc=0.8774 val_bacc=0.8543
  ep 20/30 [B(full)] loss=0.3623 val_loss=0.2884 val_acc=0.8883 val_bacc=0.8379
  ep 21/30 [B(full)] loss=0.3560 val_loss=0.3740 val_acc=0.8475 val_bacc=0.8550
  ep 22/30 [B(full)] loss=0.3364 val_loss=0.3012 val_acc=0.8833 val_bacc=0.8618
  ep 23/30 [B(full)] loss=0.3308 val_loss=0.3364 val_acc=0.8754 val_bacc=0.8511
  ep 24/30 [B(full)] loss=0.3180 val_loss=0.2835 val_acc=0.9023 val_bacc=0.8504
  ep 25/30 [B(full)] loss=0.3039 val_loss=0.2973 val_acc=0.8923 val_bacc=0.8500
  ep 26/30 [B(full)] loss=0.3075 val_loss=0.2729 val_acc=0.9073 val_bacc=0.8593
  ep 27/30 [B(full)] loss=0.2919 val_loss=0.2793 val_acc=0.9033 val_bacc=0.8588
  ep 28/30 [B(full)] loss=0.2912 val_loss=0.2834 val_acc=0.8993 val_bacc=0.8660
  ep 29/30 [B(full)] loss=0.2874 val_loss=0.2733 val_acc=0.9003 val_bacc=0.8569
  ep 30/30 [B(full)] loss=0.2897 val_loss=0.2827 val_acc=0.9023 val_bacc=0.8717
  [tta] val_plain=0.9073 val_tta=0.9063 -> use_tta=False (decided on val)

[report]
                                             precision    recall  f1-score   support

                   benign (bkl/df/nv/vasc)       0.94      0.93      0.94      1613
malignant or pre-malignant (akiec/bcc/mel)       0.74      0.77      0.75       392

                                  accuracy                           0.90      2005
                                 macro avg       0.84      0.85      0.85      2005
                              weighted avg       0.90      0.90      0.90      2005

[RESULT] derma_bin_r18e30 test_acc=0.9017 train_acc=0.9819 gap=+0.0801 macroF1=0.846 auc=0.9358 tta=False
DERMA_BIN_R18E30_DONE
[exit] derma_bin_r18e30 rc=0

======== retina_bin_r50  2026-09-08 03:56:23 ========
[cmd] DATASET=retinamnist ARCH=resnet50 BINARY=1 SUFFIX=_r50
[retina_bin_r50] retinamnist arch=resnet50 size=224 batch=24 classes=2 device=cuda binary=True mixup=0.0 cutmix=0.0
[mem] train split -> memmap C:\Users\so\Desktop\AI-Powered Radiology Hub\api\data\medmnist\_memmap\retinamnist_train_224.npy (0.16 GB)
[retina_bin_r50] train=1080 val=120 test=400 | test balance=[220, 180]
  ep  1/30 [A(head)] loss=0.6398 val_loss=0.5788 val_acc=0.7417 val_bacc=0.7348
  ep  2/30 [A(head)] loss=0.5498 val_loss=0.5397 val_acc=0.7667 val_bacc=0.7744
  ep  3/30 [A(head)] loss=0.5414 val_loss=0.5351 val_acc=0.7750 val_bacc=0.7955
  ep  4/30 [B(full)] loss=0.5099 val_loss=0.3964 val_acc=0.8083 val_bacc=0.8056
  ep  5/30 [B(full)] loss=0.3906 val_loss=0.3544 val_acc=0.8417 val_bacc=0.8510
  ep  6/30 [B(full)] loss=0.3618 val_loss=0.3434 val_acc=0.8250 val_bacc=0.8157
  ep  7/30 [B(full)] loss=0.3460 val_loss=0.3513 val_acc=0.8500 val_bacc=0.8468
  ep  8/30 [B(full)] loss=0.3152 val_loss=0.4228 val_acc=0.8167 val_bacc=0.8232
  ep  9/30 [B(full)] loss=0.2897 val_loss=0.4355 val_acc=0.8500 val_bacc=0.8384
  ep 10/30 [B(full)] loss=0.2701 val_loss=0.3883 val_acc=0.8583 val_bacc=0.8594
  ep 11/30 [B(full)] loss=0.2703 val_loss=0.4692 val_acc=0.8417 val_bacc=0.8258
  ep 12/30 [B(full)] loss=0.2656 val_loss=0.3632 val_acc=0.8833 val_bacc=0.8771
  ep 13/30 [B(full)] loss=0.2415 val_loss=0.3839 val_acc=0.8417 val_bacc=0.8359
  ep 14/30 [B(full)] loss=0.2218 val_loss=0.4843 val_acc=0.8167 val_bacc=0.7997
  ep 15/30 [B(full)] loss=0.2250 val_loss=0.3471 val_acc=0.8833 val_bacc=0.8788
  ep 16/30 [B(full)] loss=0.2076 val_loss=0.3374 val_acc=0.9000 val_bacc=0.8956
  ep 17/30 [B(full)] loss=0.1894 val_loss=0.3187 val_acc=0.8750 val_bacc=0.8746
  ep 18/30 [B(full)] loss=0.1750 val_loss=0.3144 val_acc=0.8917 val_bacc=0.8897
  ep 19/30 [B(full)] loss=0.1777 val_loss=0.3687 val_acc=0.8833 val_bacc=0.8771
  ep 20/30 [B(full)] loss=0.1609 val_loss=0.3649 val_acc=0.8917 val_bacc=0.8864
  ep 21/30 [B(full)] loss=0.1684 val_loss=0.3236 val_acc=0.8917 val_bacc=0.8880
  ep 22/30 [B(full)] loss=0.1527 val_loss=0.3906 val_acc=0.8667 val_bacc=0.8603
  ep 23/30 [B(full)] loss=0.1598 val_loss=0.3432 val_acc=0.8917 val_bacc=0.8880
  ep 24/30 [B(full)] loss=0.1623 val_loss=0.3473 val_acc=0.8750 val_bacc=0.8712
  [early stop] patience 8
  [tta] val_plain=0.9000 val_tta=0.9000 -> use_tta=False (decided on val)

[report]
                            precision    recall  f1-score   support

non-referable (grade 0-1)       0.86      0.93      0.89       220
 referable DR (grade 2-4)       0.90      0.82      0.86       180

                 accuracy                           0.88       400
                macro avg       0.88      0.87      0.88       400
             weighted avg       0.88      0.88      0.88       400

[RESULT] retina_bin_r50 test_acc=0.8800 train_acc=0.9926 gap=+0.1126 macroF1=0.8776 auc=0.9463 tta=False
RETINA_BIN_R50_DONE
[exit] retina_bin_r50 rc=0

======== derma_bin_eb0l  2026-09-08 04:10:07 ========
[cmd] DATASET=dermamnist ARCH=efficientnet_b0 BINARY=1 EPOCHS=45 SUFFIX=_eb0l
[derma_bin_eb0l] dermamnist arch=efficientnet_b0 size=224 batch=24 classes=2 device=cuda binary=True mixup=0.0 cutmix=0.0
[mem] train split -> memmap C:\Users\so\Desktop\AI-Powered Radiology Hub\api\data\medmnist\_memmap\dermamnist_train_224.npy (1.05 GB)
[mem] val split -> memmap C:\Users\so\Desktop\AI-Powered Radiology Hub\api\data\medmnist\_memmap\dermamnist_val_224.npy (0.15 GB)
[mem] test split -> memmap C:\Users\so\Desktop\AI-Powered Radiology Hub\api\data\medmnist\_memmap\dermamnist_test_224.npy (0.30 GB)
[derma_bin_eb0l] train=7007 val=1003 test=2005 | test balance=[1613, 392]
  ep  1/45 [A(head)] loss=0.5924 val_loss=0.5317 val_acc=0.7109 val_bacc=0.7759
  ep  2/45 [A(head)] loss=0.5714 val_loss=0.4737 val_acc=0.7627 val_bacc=0.7753
  ep  3/45 [A(head)] loss=0.5732 val_loss=0.4540 val_acc=0.7827 val_bacc=0.8012
  ep  4/45 [B(full)] loss=0.5498 val_loss=0.3971 val_acc=0.8245 val_bacc=0.8156
  ep  5/45 [B(full)] loss=0.5053 val_loss=0.4470 val_acc=0.7647 val_bacc=0.8190
  ep  6/45 [B(full)] loss=0.4781 val_loss=0.3569 val_acc=0.8455 val_bacc=0.8248
  ep  7/45 [B(full)] loss=0.4538 val_loss=0.3379 val_acc=0.8634 val_bacc=0.8456
  ep  8/45 [B(full)] loss=0.4432 val_loss=0.3379 val_acc=0.8554 val_bacc=0.8387
  ep  9/45 [B(full)] loss=0.4227 val_loss=0.3260 val_acc=0.8704 val_bacc=0.8673
  ep 10/45 [B(full)] loss=0.4089 val_loss=0.3430 val_acc=0.8475 val_bacc=0.8531
  ep 11/45 [B(full)] loss=0.3858 val_loss=0.3240 val_acc=0.8794 val_bacc=0.8690
  ep 12/45 [B(full)] loss=0.3711 val_loss=0.2962 val_acc=0.8923 val_bacc=0.8017
  ep 13/45 [B(full)] loss=0.3574 val_loss=0.2554 val_acc=0.9033 val_bacc=0.8337
  ep 14/45 [B(full)] loss=0.3528 val_loss=0.3235 val_acc=0.8873 val_bacc=0.8508
  ep 15/45 [B(full)] loss=0.3357 val_loss=0.3369 val_acc=0.8804 val_bacc=0.8600
  ep 16/45 [B(full)] loss=0.3321 val_loss=0.2701 val_acc=0.9003 val_bacc=0.8357
  ep 17/45 [B(full)] loss=0.3124 val_loss=0.3274 val_acc=0.8913 val_bacc=0.8707
  ep 18/45 [B(full)] loss=0.3039 val_loss=0.3176 val_acc=0.8893 val_bacc=0.8771
  ep 19/45 [B(full)] loss=0.2932 val_loss=0.3233 val_acc=0.8963 val_bacc=0.8197
  ep 20/45 [B(full)] loss=0.2889 val_loss=0.2546 val_acc=0.9113 val_bacc=0.8425
  ep 21/45 [B(full)] loss=0.2845 val_loss=0.2639 val_acc=0.9123 val_bacc=0.8566
  ep 22/45 [B(full)] loss=0.2720 val_loss=0.2742 val_acc=0.9023 val_bacc=0.8794
  ep 23/45 [B(full)] loss=0.2604 val_loss=0.2598 val_acc=0.9172 val_bacc=0.8713
  ep 24/45 [B(full)] loss=0.2529 val_loss=0.2721 val_acc=0.9133 val_bacc=0.8688
  ep 25/45 [B(full)] loss=0.2536 val_loss=0.2841 val_acc=0.9172 val_bacc=0.8868
  ep 26/45 [B(full)] loss=0.2498 val_loss=0.2463 val_acc=0.9262 val_bacc=0.8711
  ep 27/45 [B(full)] loss=0.2483 val_loss=0.2651 val_acc=0.9093 val_bacc=0.8625
  ep 28/45 [B(full)] loss=0.2361 val_loss=0.2625 val_acc=0.9143 val_bacc=0.8559
  ep 29/45 [B(full)] loss=0.2351 val_loss=0.2636 val_acc=0.9202 val_bacc=0.8828
  ep 30/45 [B(full)] loss=0.2308 val_loss=0.2602 val_acc=0.9272 val_bacc=0.8794
  ep 31/45 [B(full)] loss=0.2297 val_loss=0.2785 val_acc=0.9222 val_bacc=0.8879
  ep 32/45 [B(full)] loss=0.2291 val_loss=0.2714 val_acc=0.9232 val_bacc=0.8943
  ep 33/45 [B(full)] loss=0.2245 val_loss=0.2582 val_acc=0.9242 val_bacc=0.8679
  ep 34/45 [B(full)] loss=0.2218 val_loss=0.2502 val_acc=0.9292 val_bacc=0.8749
  ep 35/45 [B(full)] loss=0.2209 val_loss=0.2527 val_acc=0.9312 val_bacc=0.8916
  ep 36/45 [B(full)] loss=0.2197 val_loss=0.2412 val_acc=0.9292 val_bacc=0.8788
  ep 37/45 [B(full)] loss=0.2181 val_loss=0.2526 val_acc=0.9272 val_bacc=0.8833
  ep 38/45 [B(full)] loss=0.2152 val_loss=0.2536 val_acc=0.9342 val_bacc=0.8876
  ep 39/45 [B(full)] loss=0.2136 val_loss=0.2518 val_acc=0.9272 val_bacc=0.8717
  ep 40/45 [B(full)] loss=0.2135 val_loss=0.2675 val_acc=0.9272 val_bacc=0.8852
  ep 41/45 [B(full)] loss=0.2158 val_loss=0.2557 val_acc=0.9272 val_bacc=0.8794
  ep 42/45 [B(full)] loss=0.2122 val_loss=0.2534 val_acc=0.9262 val_bacc=0.8730
  ep 43/45 [B(full)] loss=0.2151 val_loss=0.2572 val_acc=0.9262 val_bacc=0.8730
  ep 44/45 [B(full)] loss=0.2118 val_loss=0.2521 val_acc=0.9272 val_bacc=0.8698
  ep 45/45 [B(full)] loss=0.2134 val_loss=0.2501 val_acc=0.9252 val_bacc=0.8685
  [tta] val_plain=0.9342 val_tta=0.9332 -> use_tta=False (decided on val)

[report]
                                             precision    recall  f1-score   support

                   benign (bkl/df/nv/vasc)       0.95      0.95      0.95      1613
malignant or pre-malignant (akiec/bcc/mel)       0.80      0.81      0.81       392

                                  accuracy                           0.92      2005
                                 macro avg       0.88      0.88      0.88      2005
                              weighted avg       0.93      0.92      0.92      2005

[RESULT] derma_bin_eb0l test_acc=0.9247 train_acc=0.9994 gap=+0.0747 macroF1=0.8809 auc=0.9425 tta=False
DERMA_BIN_EB0L_DONE
[exit] derma_bin_eb0l rc=0

======== organc_eb0  2026-09-08 05:33:59 ========
[cmd] DATASET=organcmnist ARCH=efficientnet_b0 SIZE=224 SUFFIX=_eb0
[organc_eb0] organcmnist arch=efficientnet_b0 size=224 batch=24 classes=11 device=cuda binary=False mixup=0.0 cutmix=0.0
  0%|          | 0.00/760M [00:00<?, ?B/s]  0%|          | 32.8k/760M [00:00<1:05:44, 193kB/s]  0%|          | 131k/760M [00:00<31:04, 408kB/s]     0%|          | 295k/760M [00:00<19:43, 642kB/s]  0%|          | 459k/760M [00:00<16:44, 756kB/s]  0%|          | 688k/760M [00:00<13:21, 947kB/s]  0%|          | 918k/760M [00:01<11:58, 1.06MB/s]  0%|          | 1.15M/760M [00:01<11:15, 1.12MB/s]  0%|          | 1.34M/760M [00:01<11:24, 1.11MB/s]  0%|          | 1.51M/760M [00:01<11:58, 1.06MB/s]  0%|          | 1.64M/760M [00:01<13:13, 956kB/s]   0%|          | 1.80M/760M [00:01<11:38, 1.09MB/s]  0%|          | 2.10M/760M [00:02<09:18, 1.36MB/s]  0%|          | 2.26M/760M [00:02<09:16, 1.36MB/s]  0%|          | 2.69M/760M [00:02<06:13, 2.03MB/s]  0%|          | 2.92M/760M [00:02<06:14, 2.02MB/s]  0%|          | 3.54M/760M [00:02<04:45, 2.65MB/s]  1%|          | 4.39M/760M [00:02<03:17, 3.83MB/s]  1%|          | 4.78M/760M [00:02<03:16, 3.85MB/s]  1%|          | 5.18M/760M [00:03<04:43, 2.67MB/s]  1%|          | 5.51M/760M [00:03<05:04, 2.48MB/s]  1%|          | 5.80M/760M [00:03<05:45, 2.18MB/s]  1%|          | 6.36M/760M [00:03<05:51, 2.14MB/s]  1%|          | 6.68M/760M [00:03<05:30, 2.28MB/s]  1%|          | 7.27M/760M [00:03<04:12, 2.98MB/s]  1%|1         | 7.67M/760M [00:03<04:09, 3.02MB/s]  1%|1         | 8.03M/760M [00:04<04:18, 2.91MB/s]  1%|1         | 8.39M/760M [00:04<04:07, 3.04MB/s]  1%|1         | 8.81M/760M [00:04<03:46, 3.32MB/s]  1%|1         | 9.18M/760M [00:04<04:12, 2.98MB/s]  1%|1         | 9.57M/760M [00:04<03:56, 3.18MB/s]  1%|1         | 10.0M/760M [00:04<03:58, 3.15MB/s]  1%|1         | 10.4M/760M [00:04<03:58, 3.14MB/s]  1%|1         | 10.7M/760M [00:04<03:57, 3.16MB/s]  1%|1         | 11.1M/760M [00:05<03:43, 3.36MB/s]  2%|1         | 11.4M/760M [00:05<05:17, 2.36MB/s]  2%|1         | 11.8M/760M [00:05<04:37, 2.69MB/s]  2%|1         | 12.2M/760M [00:05<05:07, 2.43MB/s]  2%|1         | 12.6M/760M [00:05<05:04, 2.45MB/s]  2%|1         | 12.8M/760M [00:05<05:03, 2.46MB/s]  2%|1         | 13.1M/760M [00:05<04:52, 2.55MB/s]  2%|1         | 13.5M/760M [00:06<05:04, 2.45MB/s]  2%|1         | 13.8M/760M [00:06<04:56, 2.52MB/s]  2%|1         | 14.1M/760M [00:06<04:27, 2.79MB/s]  2%|1         | 14.4M/760M [00:06<04:43, 2.63MB/s]  2%|1         | 14.7M/760M [00:06<04:54, 2.53MB/s]  2%|1         | 15.0M/760M [00:06<04:33, 2.72MB/s]  2%|2         | 15.3M/760M [00:06<04:56, 2.51MB/s]  2%|2         | 15.7M/760M [00:06<04:38, 2.67MB/s]  2%|2         | 16.0M/760M [00:07<05:06, 2.43MB/s]  2%|2         | 16.3M/760M [00:07<05:01, 2.47MB/s]  2%|2         | 16.6M/760M [00:07<04:41, 2.64MB/s]  2%|2         | 17.0M/760M [00:07<05:04, 2.44MB/s]  2%|2         | 17.2M/760M [00:07<06:03, 2.05MB/s]  2%|2         | 17.7M/760M [00:07<05:35, 2.22MB/s]  2%|2         | 18.1M/760M [00:08<05:44, 2.16MB/s]  2%|2         | 18.3M/760M [00:08<05:42, 2.17MB/s]  2%|2         | 18.6M/760M [00:08<05:16, 2.34MB/s]  2%|2         | 18.8M/760M [00:08<05:52, 2.11MB/s]  3%|2         | 19.1M/760M [00:08<05:45, 2.15MB/s]  3%|2         | 19.4M/760M [00:08<05:32, 2.23MB/s]  3%|2         | 19.6M/760M [00:08<05:36, 2.20MB/s]  3%|2         | 19.9M/760M [00:08<05:30, 2.24MB/s]  3%|2         | 20.2M/760M [00:08<05:12, 2.37MB/s]  3%|2         | 20.4M/760M [00:09<05:22, 2.29MB/s]  3%|2         | 20.7M/760M [00:09<05:19, 2.32MB/s]  3%|2         | 21.0M/760M [00:09<05:11, 2.38MB/s]  3%|2         | 21.3M/760M [00:09<05:18, 2.32MB/s]  3%|2         | 21.6M/760M [00:09<05:03, 2.44MB/s]  3%|2         | 21.8M/760M [00:09<05:08, 2.39MB/s]  3%|2         | 22.1M/760M [00:09<05:09, 2.38MB/s]  3%|2         | 22.4M/760M [00:09<04:56, 2.49MB/s]  3%|2         | 22.7M/760M [00:09<04:56, 2.49MB/s]  3%|3         | 22.9M/760M [00:10<04:52, 2.52MB/s]  3%|3         | 23.2M/760M [00:10<05:02, 2.44MB/s]  3%|3         | 23.5M/760M [00:10<05:09, 2.38MB/s]  3%|3         | 23.8M/760M [00:10<04:52, 2.52MB/s]  3%|3         | 24.1M/760M [00:10<05:03, 2.42MB/s]  3%|3         | 24.3M/760M [00:10<04:58, 2.46MB/s]  3%|3         | 24.6M/760M [00:10<04:47, 2.56MB/s]  3%|3         | 24.9M/760M [00:10<05:28, 2.24MB/s]  3%|3         | 25.2M/760M [00:11<05:35, 2.19MB/s]  3%|3         | 25.5M/760M [00:11<05:13, 2.35MB/s]  3%|3         | 25.8M/760M [00:11<05:00, 2.44MB/s]  3%|3         | 26.1M/760M [00:11<05:04, 2.41MB/s]  3%|3         | 26.3M/760M [00:11<05:05, 2.40MB/s]  3%|3         | 26.6M/760M [00:11<04:51, 2.52MB/s]  4%|3         | 26.9M/760M [00:11<04:54, 2.49MB/s]  4%|3         | 27.2M/760M [00:11<05:03, 2.42MB/s]  4%|3         | 27.5M/760M [00:11<04:48, 2.54MB/s]  4%|3         | 27.8M/760M [00:12<04:46, 2.55MB/s]  4%|3         | 28.0M/760M [00:12<05:05, 2.40MB/s]  4%|3         | 28.3M/760M [00:12<05:00, 2.44MB/s]  4%|3         | 28.6M/760M [00:12<04:46, 2.56MB/s]  4%|3         | 28.9M/760M [00:12<05:02, 2.42MB/s]  4%|3         | 29.2M/760M [00:12<04:46, 2.55MB/s]  4%|3         | 29.5M/760M [00:12<04:46, 2.55MB/s]  4%|3         | 29.8M/760M [00:12<04:49, 2.52MB/s]  4%|3         | 30.1M/760M [00:12<04:39, 2.62MB/s]  4%|3         | 30.4M/760M [00:13<04:42, 2.59MB/s]  4%|4         | 30.7M/760M [00:13<04:44, 2.57MB/s]  4%|4         | 30.9M/760M [00:13<04:44, 2.56MB/s]  4%|4         | 31.2M/760M [00:13<04:40, 2.60MB/s]  4%|4         | 31.5M/760M [00:13<04:33, 2.66MB/s]  4%|4         | 31.8M/760M [00:13<04:34, 2.65MB/s]  4%|4         | 32.1M/760M [00:13<04:32, 2.67MB/s]  4%|4         | 32.4M/760M [00:13<04:33, 2.66MB/s]  4%|4         | 32.7M/760M [00:13<04:29, 2.69MB/s]  4%|4         | 33.0M/760M [00:14<04:34, 2.65MB/s]  4%|4         | 33.3M/760M [00:14<04:33, 2.66MB/s]  4%|4         | 33.6M/760M [00:14<04:36, 2.63MB/s]  4%|4         | 33.9M/760M [00:14<04:39, 2.60MB/s]  5%|4         | 34.3M/760M [00:14<04:30, 2.69MB/s]  5%|4         | 34.6M/760M [00:14<04:30, 2.69MB/s]  5%|4         | 34.9M/760M [00:14<04:33, 2.65MB/s]  5%|4         | 35.2M/760M [00:14<04:24, 2.75MB/s]  5%|4         | 35.5M/760M [00:15<04:30, 2.68MB/s]  5%|4         | 35.8M/760M [00:15<04:27, 2.71MB/s]  5%|4         | 36.2M/760M [00:15<04:18, 2.80MB/s]  5%|4         | 36.5M/760M [00:15<04:27, 2.71MB/s]  5%|4         | 36.8M/760M [00:15<04:13, 2.86MB/s]  5%|4         | 37.2M/760M [00:15<04:10, 2.89MB/s]  5%|4         | 37.5M/760M [00:15<04:24, 2.73MB/s]  5%|4         | 37.8M/760M [00:15<04:05, 2.94MB/s]  5%|5         | 38.1M/760M [00:15<04:05, 2.95MB/s]  5%|5         | 38.5M/760M [00:16<04:24, 2.73MB/s]  5%|5         | 38.9M/760M [00:16<03:58, 3.03MB/s]  5%|5         | 39.2M/760M [00:16<03:54, 3.08MB/s]  5%|5         | 39.5M/760M [00:16<04:12, 2.85MB/s]  5%|5         | 39.8M/760M [00:16<04:04, 2.95MB/s]  5%|5         | 40.2M/760M [00:16<03:59, 3.01MB/s]  5%|5         | 40.5M/760M [00:16<03:56, 3.04MB/s]  5%|5         | 40.9M/760M [00:16<03:47, 3.16MB/s]  5%|5         | 41.3M/760M [00:16<03:43, 3.22MB/s]  5%|5         | 41.6M/760M [00:17<03:44, 3.20MB/s]  6%|5         | 41.9M/760M [00:17<03:52, 3.09MB/s]  6%|5         | 42.3M/760M [00:17<03:54, 3.07MB/s]  6%|5         | 42.7M/760M [00:17<03:47, 3.16MB/s]  6%|5         | 43.0M/760M [00:17<03:54, 3.06MB/s]  6%|5         | 43.4M/760M [00:17<04:01, 2.97MB/s]  6%|5         | 43.7M/760M [00:17<04:06, 2.90MB/s]  6%|5         | 44.1M/760M [00:17<03:59, 2.99MB/s]  6%|5         | 44.5M/760M [00:18<04:20, 2.75MB/s]  6%|5         | 44.8M/760M [00:18<04:08, 2.88MB/s]  6%|5         | 45.1M/760M [00:18<04:06, 2.90MB/s]  6%|5         | 45.4M/760M [00:18<04:27, 2.68MB/s]  6%|6         | 45.7M/760M [00:18<04:13, 2.82MB/s]  6%|6         | 46.1M/760M [00:18<04:16, 2.78MB/s]  6%|6         | 46.5M/760M [00:18<04:02, 2.95MB/s]  6%|6         | 46.9M/760M [00:18<03:51, 3.09MB/s]  6%|6         | 47.2M/760M [00:18<04:11, 2.84MB/s]  6%|6         | 47.5M/760M [00:19<04:09, 2.85MB/s]  6%|6         | 47.9M/760M [00:19<03:41, 3.21MB/s]  6%|6         | 48.2M/760M [00:19<03:41, 3.21MB/s]  6%|6         | 48.6M/760M [00:19<05:08, 2.31MB/s]  6%|6         | 49.0M/760M [00:19<04:20, 2.73MB/s]  6%|6         | 49.3M/760M [00:19<04:45, 2.49MB/s]  7%|6         | 49.6M/760M [00:19<04:35, 2.58MB/s]  7%|6         | 49.9M/760M [00:20<04:25, 2.67MB/s]  7%|6         | 50.2M/760M [00:20<05:02, 2.34MB/s]  7%|6         | 50.5M/760M [00:20<04:56, 2.39MB/s]  7%|6         | 50.9M/760M [00:20<04:38, 2.54MB/s]  7%|6         | 51.2M/760M [00:20<04:43, 2.50MB/s]  7%|6         | 51.4M/760M [00:20<04:31, 2.61MB/s]  7%|6         | 51.8M/760M [00:20<04:23, 2.69MB/s]  7%|6         | 52.1M/760M [00:20<04:37, 2.55MB/s]  7%|6         | 52.4M/760M [00:20<04:31, 2.61MB/s]  7%|6         | 52.7M/760M [00:21<04:29, 2.63MB/s]  7%|6         | 53.0M/760M [00:21<04:22, 2.70MB/s]  7%|7         | 53.3M/760M [00:21<04:26, 2.66MB/s]  7%|7         | 53.6M/760M [00:21<04:26, 2.65MB/s]  7%|7         | 54.0M/760M [00:21<04:06, 2.86MB/s]  7%|7         | 54.3M/760M [00:21<04:17, 2.74MB/s]  7%|7         | 54.6M/760M [00:21<04:21, 2.70MB/s]  7%|7         | 54.9M/760M [00:21<04:16, 2.75MB/s]  7%|7         | 55.2M/760M [00:22<04:11, 2.80MB/s]  7%|7         | 55.5M/760M [00:22<04:11, 2.80MB/s]  7%|7         | 55.8M/760M [00:22<04:02, 2.90MB/s]  7%|7         | 56.1M/760M [00:22<04:34, 2.56MB/s]  7%|7         | 56.6M/760M [00:22<03:49, 3.07MB/s]  7%|7         | 56.9M/760M [00:22<04:35, 2.56MB/s]  8%|7         | 57.3M/760M [00:22<04:05, 2.87MB/s]  8%|7         | 57.6M/760M [00:22<04:33, 2.57MB/s]  8%|7         | 58.0M/760M [00:23<04:03, 2.89MB/s]  8%|7         | 58.4M/760M [00:23<04:23, 2.67MB/s]  8%|7         | 58.7M/760M [00:23<04:21, 2.68MB/s]  8%|7         | 58.9M/760M [00:23<04:17, 2.72MB/s]  8%|7         | 59.3M/760M [00:23<04:07, 2.84MB/s]  8%|7         | 59.6M/760M [00:23<04:11, 2.79MB/s]  8%|7         | 59.9M/760M [00:23<04:10, 2.80MB/s]  8%|7         | 60.2M/760M [00:23<04:15, 2.74MB/s]  8%|7         | 60.5M/760M [00:23<04:05, 2.85MB/s]  8%|8         | 60.9M/760M [00:24<03:59, 2.92MB/s]  8%|8         | 61.1M/760M [00:24<04:03, 2.87MB/s]  8%|8         | 61.4M/760M [00:24<04:02, 2.89MB/s]  8%|8         | 61.8M/760M [00:24<04:06, 2.83MB/s]  8%|8         | 62.1M/760M [00:24<03:52, 3.00MB/s]  8%|8         | 62.5M/760M [00:24<04:00, 2.90MB/s]  8%|8         | 62.8M/760M [00:24<04:07, 2.81MB/s]  8%|8         | 63.1M/760M [00:24<03:58, 2.93MB/s]  8%|8         | 63.4M/760M [00:24<03:52, 3.00MB/s]  8%|8         | 63.7M/760M [00:25<03:57, 2.94MB/s]  8%|8         | 64.1M/760M [00:25<04:00, 2.89MB/s]  8%|8         | 64.4M/760M [00:25<03:59, 2.91MB/s]  9%|8         | 64.7M/760M [00:25<03:51, 3.01MB/s]  9%|8         | 65.0M/760M [00:25<04:03, 2.86MB/s]  9%|8         | 65.3M/760M [00:25<04:14, 2.73MB/s]  9%|8         | 65.7M/760M [00:25<03:54, 2.96MB/s]  9%|8         | 66.0M/760M [00:25<03:54, 2.96MB/s]  9%|8         | 66.3M/760M [00:25<03:58, 2.91MB/s]  9%|8         | 66.6M/760M [00:26<03:58, 2.91MB/s]  9%|8         | 66.9M/760M [00:26<03:53, 2.96MB/s]  9%|8         | 67.3M/760M [00:26<03:40, 3.15MB/s]  9%|8         | 67.6M/760M [00:26<03:50, 3.01MB/s]  9%|8         | 68.0M/760M [00:26<03:46, 3.05MB/s]  9%|8         | 68.3M/760M [00:26<03:48, 3.03MB/s]  9%|9         | 68.6M/760M [00:26<03:46, 3.06MB/s]  9%|9         | 69.0M/760M [00:26<03:45, 3.06MB/s]  9%|9         | 69.3M/760M [00:26<03:46, 3.05MB/s]  9%|9         | 69.7M/760M [00:27<03:39, 3.15MB/s]  9%|9         | 70.0M/760M [00:27<03:46, 3.05MB/s]  9%|9         | 70.4M/760M [00:27<03:45, 3.06MB/s]  9%|9         | 70.7M/760M [00:27<03:43, 3.08MB/s]  9%|9         | 71.1M/760M [00:27<03:34, 3.21MB/s]  9%|9         | 71.4M/760M [00:27<03:40, 3.12MB/s]  9%|9         | 71.8M/760M [00:27<03:34, 3.21MB/s]  9%|9         | 72.1M/760M [00:27<03:43, 3.08MB/s] 10%|9         | 72.4M/760M [00:27<03:40, 3.11MB/s] 10%|9         | 72.8M/760M [00:27<03:21, 3.41MB/s] 10%|9         | 73.2M/760M [00:28<03:24, 3.36MB/s] 10%|9         | 73.6M/760M [00:28<03:29, 3.28MB/s] 10%|9         | 73.9M/760M [00:28<03:30, 3.26MB/s] 10%|9         | 74.4M/760M [00:28<03:19, 3.43MB/s] 10%|9         | 74.7M/760M [00:28<03:16, 3.49MB/s] 10%|9         | 75.1M/760M [00:28<03:30, 3.25MB/s] 10%|9         | 75.5M/760M [00:28<03:15, 3.50MB/s] 10%|9         | 76.0M/760M [00:28<03:05, 3.69MB/s] 10%|#         | 76.3M/760M [00:28<03:05, 3.69MB/s] 10%|#         | 76.7M/760M [00:29<03:15, 3.49MB/s] 10%|#         | 77.1M/760M [00:29<03:14, 3.51MB/s] 10%|#         | 77.5M/760M [00:29<03:15, 3.49MB/s] 10%|#         | 78.0M/760M [00:29<02:56, 3.87MB/s] 10%|#         | 78.4M/760M [00:29<02:56, 3.86MB/s] 10%|#         | 78.8M/760M [00:29<02:54, 3.90MB/s] 10%|#         | 79.2M/760M [00:29<02:56, 3.86MB/s] 10%|#         | 79.6M/760M [00:29<02:56, 3.86MB/s] 11%|#         | 80.1M/760M [00:29<02:54, 3.91MB/s] 11%|#         | 80.5M/760M [00:30<02:49, 4.00MB/s] 11%|#         | 80.9M/760M [00:30<03:01, 3.75MB/s] 11%|#         | 81.4M/760M [00:30<03:17, 3.43MB/s] 11%|#         | 81.7M/760M [00:30<03:16, 3.45MB/s] 11%|#         | 82.1M/760M [00:30<03:56, 2.87MB/s] 11%|#         | 82.4M/760M [00:30<04:15, 2.66MB/s] 11%|#         | 82.7M/760M [00:30<04:02, 2.80MB/s] 11%|#         | 83.1M/760M [00:31<03:48, 2.97MB/s] 11%|#         | 83.6M/760M [00:31<03:25, 3.29MB/s] 11%|#1        | 84.0M/760M [00:31<03:20, 3.38MB/s] 11%|#1        | 84.3M/760M [00:31<03:20, 3.38MB/s] 11%|#1        | 84.7M/760M [00:31<03:20, 3.38MB/s] 11%|#1        | 85.1M/760M [00:31<03:28, 3.23MB/s] 11%|#1        | 85.5M/760M [00:31<03:12, 3.50MB/s] 11%|#1        | 85.9M/760M [00:31<03:43, 3.01MB/s] 11%|#1        | 86.3M/760M [00:32<04:47, 2.34MB/s] 11%|#1        | 86.7M/760M [00:32<04:11, 2.68MB/s] 11%|#1        | 87.1M/760M [00:32<04:23, 2.55MB/s] 11%|#1        | 87.4M/760M [00:32<04:39, 2.41MB/s] 12%|#1        | 87.6M/760M [00:32<05:14, 2.14MB/s] 12%|#1        | 87.9M/760M [00:32<04:41, 2.38MB/s] 12%|#1        | 88.2M/760M [00:32<05:15, 2.13MB/s] 12%|#1        | 88.5M/760M [00:33<04:52, 2.30MB/s] 12%|#1        | 88.8M/760M [00:33<05:25, 2.07MB/s] 12%|#1        | 89.0M/760M [00:33<05:31, 2.03MB/s] 12%|#1        | 89.3M/760M [00:33<05:03, 2.21MB/s] 12%|#1        | 89.6M/760M [00:33<05:11, 2.15MB/s] 12%|#1        | 89.9M/760M [00:33<04:46, 2.34MB/s] 12%|#1        | 90.1M/760M [00:33<04:52, 2.29MB/s] 12%|#1        | 90.4M/760M [00:33<05:02, 2.22MB/s] 12%|#1        | 90.7M/760M [00:34<04:41, 2.38MB/s] 12%|#1        | 91.0M/760M [00:34<04:47, 2.33MB/s] 12%|#1        | 91.2M/760M [00:34<04:52, 2.29MB/s] 12%|#2        | 91.5M/760M [00:34<04:42, 2.37MB/s] 12%|#2        | 91.8M/760M [00:34<04:38, 2.40MB/s] 12%|#2        | 92.0M/760M [00:34<04:38, 2.40MB/s] 12%|#2        | 92.3M/760M [00:34<04:37, 2.41MB/s] 12%|#2        | 92.6M/760M [00:34<04:39, 2.39MB/s] 12%|#2        | 92.9M/760M [00:34<04:27, 2.49MB/s] 12%|#2        | 93.1M/760M [00:35<04:42, 2.36MB/s] 12%|#2        | 93.4M/760M [00:35<04:33, 2.44MB/s] 12%|#2        | 93.7M/760M [00:35<04:28, 2.48MB/s] 12%|#2        | 93.9M/760M [00:35<04:40, 2.37MB/s] 12%|#2        | 94.2M/760M [00:35<04:26, 2.50MB/s] 12%|#2        | 94.5M/760M [00:35<04:28, 2.48MB/s] 12%|#2        | 94.8M/760M [00:35<04:37, 2.39MB/s] 12%|#2        | 95.0M/760M [00:35<04:40, 2.37MB/s] 13%|#2        | 95.3M/760M [00:35<04:31, 2.45MB/s] 13%|#2        | 95.6M/760M [00:36<04:38, 2.39MB/s] 13%|#2        | 95.9M/760M [00:36<04:37, 2.39MB/s] 13%|#2        | 96.2M/760M [00:36<04:24, 2.52MB/s] 13%|#2        | 96.5M/760M [00:36<04:36, 2.40MB/s] 13%|#2        | 96.7M/760M [00:36<04:38, 2.38MB/s] 13%|#2        | 97.0M/760M [00:36<04:22, 2.53MB/s] 13%|#2        | 97.3M/760M [00:36<04:37, 2.39MB/s] 13%|#2        | 97.6M/760M [00:36<04:37, 2.39MB/s] 13%|#2        | 97.8M/760M [00:36<04:34, 2.41MB/s] 13%|#2        | 98.1M/760M [00:37<04:29, 2.46MB/s] 13%|#2        | 98.4M/760M [00:37<04:30, 2.44MB/s] 13%|#2        | 98.7M/760M [00:37<04:26, 2.49MB/s] 13%|#3        | 99.0M/760M [00:37<04:52, 2.26MB/s] 13%|#3        | 99.3M/760M [00:37<05:33, 1.98MB/s] 13%|#3        | 99.5M/760M [00:37<05:27, 2.02MB/s] 13%|#3        | 99.7M/760M [00:37<05:59, 1.84MB/s] 13%|#3        | 99.9M/760M [00:38<05:41, 1.94MB/s] 13%|#3        | 100M/760M [00:38<06:03, 1.82MB/s]  13%|#3        | 100M/760M [00:38<05:29, 2.01MB/s] 13%|#3        | 101M/760M [00:38<05:22, 2.04MB/s] 13%|#3        | 101M/760M [00:38<05:44, 1.91MB/s] 13%|#3        | 101M/760M [00:38<05:21, 2.05MB/s] 13%|#3        | 101M/760M [00:38<05:35, 1.96MB/s] 13%|#3        | 102M/760M [00:38<05:11, 2.11MB/s] 13%|#3        | 102M/760M [00:38<04:58, 2.20MB/s] 13%|#3        | 102M/760M [00:39<05:32, 1.98MB/s] 13%|#3        | 102M/760M [00:39<04:47, 2.29MB/s] 14%|#3        | 103M/760M [00:39<05:12, 2.11MB/s] 14%|#3        | 103M/760M [00:39<04:48, 2.28MB/s] 14%|#3        | 103M/760M [00:39<05:01, 2.18MB/s] 14%|#3        | 104M/760M [00:39<04:40, 2.34MB/s] 14%|#3        | 104M/760M [00:39<04:45, 2.30MB/s] 14%|#3        | 104M/760M [00:39<04:42, 2.32MB/s] 14%|#3        | 105M/760M [00:40<04:30, 2.42MB/s] 14%|#3        | 105M/760M [00:40<04:40, 2.34MB/s] 14%|#3        | 105M/760M [00:40<04:37, 2.36MB/s] 14%|#3        | 105M/760M [00:40<04:23, 2.49MB/s] 14%|#3        | 106M/760M [00:40<04:33, 2.39MB/s] 14%|#3        | 106M/760M [00:40<04:24, 2.47MB/s] 14%|#3        | 106M/760M [00:40<04:12, 2.59MB/s] 14%|#4        | 107M/760M [00:40<04:23, 2.48MB/s] 14%|#4        | 107M/760M [00:41<04:24, 2.47MB/s] 14%|#4        | 107M/760M [00:41<04:17, 2.53MB/s] 14%|#4        | 107M/760M [00:41<04:15, 2.56MB/s] 14%|#4        | 108M/760M [00:41<04:21, 2.49MB/s] 14%|#4        | 108M/760M [00:41<04:28, 2.43MB/s] 14%|#4        | 108M/760M [00:41<04:21, 2.49MB/s] 14%|#4        | 108M/760M [00:41<04:19, 2.51MB/s] 14%|#4        | 109M/760M [00:41<04:26, 2.44MB/s] 14%|#4        | 109M/760M [00:41<04:12, 2.58MB/s] 14%|#4        | 109M/760M [00:42<04:16, 2.54MB/s] 14%|#4        | 110M/760M [00:42<04:24, 2.46MB/s] 14%|#4        | 110M/760M [00:42<04:27, 2.43MB/s] 14%|#4        | 110M/760M [00:42<04:24, 2.46MB/s] 15%|#4        | 110M/760M [00:42<04:10, 2.59MB/s] 15%|#4        | 111M/760M [00:42<04:16, 2.54MB/s] 15%|#4        | 111M/760M [00:42<04:20, 2.49MB/s] 15%|#4        | 111M/760M [00:42<04:25, 2.44MB/s] 15%|#4        | 111M/760M [00:42<04:29, 2.41MB/s] 15%|#4        | 112M/760M [00:42<04:15, 2.54MB/s] 15%|#4        | 112M/760M [00:43<04:14, 2.54MB/s] 15%|#4        | 112M/760M [00:43<04:28, 2.41MB/s] 15%|#4        | 113M/760M [00:43<04:20, 2.49MB/s] 15%|#4        | 113M/760M [00:43<04:27, 2.42MB/s] 15%|#4        | 113M/760M [00:43<04:17, 2.52MB/s] 15%|#4        | 113M/760M [00:43<04:41, 2.30MB/s] 15%|#4        | 114M/760M [00:43<04:22, 2.46MB/s] 15%|#4        | 114M/760M [00:43<04:25, 2.44MB/s] 15%|#5        | 114M/760M [00:44<04:23, 2.46MB/s] 15%|#5        | 115M/760M [00:44<04:18, 2.50MB/s] 15%|#5        | 115M/760M [00:44<04:18, 2.50MB/s] 15%|#5        | 115M/760M [00:44<04:07, 2.60MB/s] 15%|#5        | 115M/760M [00:44<04:09, 2.59MB/s] 15%|#5        | 116M/760M [00:44<04:12, 2.55MB/s] 15%|#5        | 116M/760M [00:44<04:11, 2.56MB/s] 15%|#5        | 116M/760M [00:44<04:13, 2.54MB/s] 15%|#5        | 117M/760M [00:44<04:16, 2.51MB/s] 15%|#5        | 117M/760M [00:45<04:07, 2.60MB/s] 15%|#5        | 117M/760M [00:45<04:06, 2.61MB/s] 15%|#5        | 117M/760M [00:45<04:05, 2.61MB/s] 15%|#5        | 118M/760M [00:45<04:12, 2.55MB/s] 16%|#5        | 118M/760M [00:45<04:05, 2.62MB/s] 16%|#5        | 118M/760M [00:45<03:56, 2.71MB/s] 16%|#5        | 119M/760M [00:45<04:06, 2.60MB/s] 16%|#5        | 119M/760M [00:45<03:58, 2.69MB/s] 16%|#5        | 119M/760M [00:45<03:55, 2.72MB/s] 16%|#5        | 120M/760M [00:46<03:45, 2.84MB/s] 16%|#5        | 120M/760M [00:46<04:03, 2.63MB/s] 16%|#5        | 120M/760M [00:46<03:53, 2.74MB/s] 16%|#5        | 121M/760M [00:46<03:35, 2.97MB/s] 16%|#5        | 121M/760M [00:46<03:58, 2.68MB/s] 16%|#5        | 121M/760M [00:46<03:35, 2.96MB/s] 16%|#5        | 122M/760M [00:46<03:59, 2.67MB/s] 16%|#6        | 122M/760M [00:46<03:34, 2.98MB/s] 16%|#6        | 122M/760M [00:46<03:27, 3.07MB/s] 16%|#6        | 123M/760M [00:47<03:48, 2.79MB/s] 16%|#6        | 123M/760M [00:47<03:47, 2.80MB/s] 16%|#6        | 123M/760M [00:47<03:32, 3.00MB/s] 16%|#6        | 124M/760M [00:47<03:21, 3.16MB/s] 16%|#6        | 124M/760M [00:47<03:22, 3.14MB/s] 16%|#6        | 124M/760M [00:47<03:28, 3.06MB/s] 16%|#6        | 125M/760M [00:47<03:09, 3.35MB/s] 16%|#6        | 125M/760M [00:47<03:03, 3.46MB/s] 17%|#6        | 126M/760M [00:47<03:13, 3.28MB/s] 17%|#6        | 126M/760M [00:48<03:11, 3.31MB/s] 17%|#6        | 126M/760M [00:48<03:02, 3.48MB/s] 17%|#6        | 127M/760M [00:48<02:51, 3.70MB/s] 17%|#6        | 127M/760M [00:48<02:57, 3.57MB/s] 17%|#6        | 128M/760M [00:48<02:58, 3.54MB/s] 17%|#6        | 128M/760M [00:48<02:49, 3.73MB/s] 17%|#6        | 128M/760M [00:48<02:57, 3.56MB/s] 17%|#6        | 129M/760M [00:48<02:52, 3.66MB/s] 17%|#6        | 129M/760M [00:48<02:46, 3.79MB/s] 17%|#7        | 130M/760M [00:49<02:34, 4.09MB/s] 17%|#7        | 130M/760M [00:49<02:35, 4.05MB/s] 17%|#7        | 131M/760M [00:49<02:31, 4.14MB/s] 17%|#7        | 131M/760M [00:49<02:27, 4.26MB/s] 17%|#7        | 131M/760M [00:49<02:31, 4.14MB/s] 17%|#7        | 132M/760M [00:49<02:32, 4.13MB/s] 17%|#7        | 133M/760M [00:49<02:14, 4.67MB/s] 18%|#7        | 133M/760M [00:49<02:11, 4.77MB/s] 18%|#7        | 134M/760M [00:49<02:13, 4.69MB/s] 18%|#7        | 134M/760M [00:50<02:17, 4.55MB/s] 18%|#7        | 135M/760M [00:50<02:14, 4.65MB/s] 18%|#7        | 135M/760M [00:50<02:10, 4.80MB/s] 18%|#7        | 136M/760M [00:50<02:09, 4.82MB/s] 18%|#7        | 136M/760M [00:50<02:01, 5.13MB/s] 18%|#7        | 137M/760M [00:50<02:23, 4.34MB/s] 18%|#8        | 137M/760M [00:50<02:12, 4.69MB/s] 18%|#8        | 138M/760M [00:50<02:33, 4.05MB/s] 18%|#8        | 138M/760M [00:51<02:50, 3.64MB/s] 18%|#8        | 139M/760M [00:51<02:47, 3.72MB/s] 18%|#8        | 139M/760M [00:51<03:08, 3.30MB/s] 18%|#8        | 140M/760M [00:51<03:00, 3.45MB/s] 18%|#8        | 140M/760M [00:51<03:21, 3.09MB/s] 18%|#8        | 140M/760M [00:51<03:08, 3.29MB/s] 19%|#8        | 141M/760M [00:51<03:25, 3.01MB/s] 19%|#8        | 141M/760M [00:51<03:16, 3.16MB/s] 19%|#8        | 141M/760M [00:52<03:09, 3.26MB/s] 19%|#8        | 142M/760M [00:52<03:13, 3.20MB/s] 19%|#8        | 142M/760M [00:52<03:10, 3.25MB/s] 19%|#8        | 143M/760M [00:52<03:16, 3.15MB/s] 19%|#8        | 143M/760M [00:52<03:09, 3.26MB/s] 19%|#8        | 143M/760M [00:52<03:20, 3.08MB/s] 19%|#8        | 144M/760M [00:52<03:14, 3.18MB/s] 19%|#8        | 144M/760M [00:52<02:59, 3.44MB/s] 19%|#9        | 145M/760M [00:53<03:03, 3.36MB/s] 19%|#9        | 145M/760M [00:53<03:12, 3.19MB/s] 19%|#9        | 145M/760M [00:53<03:03, 3.35MB/s] 19%|#9        | 146M/760M [00:53<02:48, 3.64MB/s] 19%|#9        | 146M/760M [00:53<03:01, 3.37MB/s] 19%|#9        | 147M/760M [00:53<03:00, 3.41MB/s] 19%|#9        | 147M/760M [00:53<02:50, 3.60MB/s] 19%|#9        | 147M/760M [00:53<03:09, 3.23MB/s] 19%|#9        | 148M/760M [00:53<02:55, 3.48MB/s] 19%|#9        | 148M/760M [00:54<03:01, 3.38MB/s] 20%|#9        | 149M/760M [00:54<03:09, 3.22MB/s] 20%|#9        | 149M/760M [00:54<03:06, 3.28MB/s] 20%|#9        | 149M/760M [00:54<02:54, 3.51MB/s] 20%|#9        | 150M/760M [00:54<03:00, 3.38MB/s] 20%|#9        | 150M/760M [00:54<02:53, 3.51MB/s] 20%|#9        | 151M/760M [00:54<02:51, 3.55MB/s] 20%|#9        | 151M/760M [00:54<02:55, 3.47MB/s] 20%|#9        | 151M/760M [00:55<02:55, 3.46MB/s] 20%|#9        | 152M/760M [00:55<02:50, 3.57MB/s] 20%|##        | 152M/760M [00:55<02:56, 3.44MB/s] 20%|##        | 153M/760M [00:55<02:54, 3.48MB/s] 20%|##        | 153M/760M [00:55<03:08, 3.23MB/s] 20%|##        | 153M/760M [00:55<03:07, 3.23MB/s] 20%|##        | 154M/760M [00:55<03:25, 2.95MB/s] 20%|##        | 154M/760M [00:55<03:09, 3.20MB/s] 20%|##        | 155M/760M [00:56<03:21, 3.01MB/s] 20%|##        | 155M/760M [00:56<03:22, 2.98MB/s] 20%|##        | 155M/760M [00:56<03:31, 2.86MB/s] 20%|##        | 156M/760M [00:56<03:36, 2.79MB/s] 21%|##        | 156M/760M [00:56<03:36, 2.79MB/s] 21%|##        | 156M/760M [00:56<03:36, 2.80MB/s] 21%|##        | 157M/760M [00:56<03:31, 2.85MB/s] 21%|##        | 157M/760M [00:56<03:34, 2.82MB/s] 21%|##        | 157M/760M [00:56<03:23, 2.97MB/s] 21%|##        | 158M/760M [00:57<03:23, 2.96MB/s] 21%|##        | 158M/760M [00:57<03:16, 3.06MB/s] 21%|##        | 158M/760M [00:57<03:17, 3.05MB/s] 21%|##        | 159M/760M [00:57<03:14, 3.09MB/s] 21%|##        | 159M/760M [00:57<03:26, 2.91MB/s] 21%|##        | 159M/760M [00:57<03:21, 2.98MB/s] 21%|##1       | 160M/760M [00:57<03:08, 3.19MB/s] 21%|##1       | 160M/760M [00:57<03:09, 3.17MB/s] 21%|##1       | 160M/760M [00:58<03:14, 3.09MB/s] 21%|##1       | 161M/760M [00:58<03:19, 3.01MB/s] 21%|##1       | 161M/760M [00:58<03:03, 3.26MB/s] 21%|##1       | 162M/760M [00:58<02:59, 3.34MB/s] 21%|##1       | 162M/760M [00:58<03:13, 3.10MB/s] 21%|##1       | 162M/760M [00:58<03:10, 3.14MB/s] 21%|##1       | 163M/760M [00:58<03:03, 3.26MB/s] 21%|##1       | 163M/760M [00:58<02:54, 3.43MB/s] 21%|##1       | 163M/760M [00:58<02:52, 3.46MB/s] 22%|##1       | 164M/760M [00:59<03:00, 3.31MB/s] 22%|##1       | 164M/760M [00:59<02:47, 3.56MB/s] 22%|##1       | 165M/760M [00:59<02:48, 3.53MB/s] 22%|##1       | 165M/760M [00:59<02:48, 3.53MB/s] 22%|##1       | 165M/760M [00:59<02:59, 3.32MB/s] 22%|##1       | 166M/760M [00:59<03:17, 3.02MB/s] 22%|##1       | 166M/760M [00:59<03:09, 3.13MB/s] 22%|##1       | 166M/760M [00:59<03:08, 3.15MB/s] 22%|##1       | 167M/760M [00:59<03:16, 3.02MB/s] 22%|##1       | 167M/760M [01:00<03:17, 3.00MB/s] 22%|##2       | 167M/760M [01:00<03:16, 3.02MB/s] 22%|##2       | 168M/760M [01:00<03:38, 2.71MB/s] 22%|##2       | 168M/760M [01:00<03:38, 2.71MB/s] 22%|##2       | 168M/760M [01:00<03:36, 2.74MB/s] 22%|##2       | 169M/760M [01:00<03:44, 2.64MB/s] 22%|##2       | 169M/760M [01:00<03:37, 2.72MB/s] 22%|##2       | 169M/760M [01:00<03:28, 2.83MB/s] 22%|##2       | 170M/760M [01:00<03:36, 2.73MB/s] 22%|##2       | 170M/760M [01:01<03:32, 2.77MB/s] 22%|##2       | 170M/760M [01:01<03:28, 2.82MB/s] 22%|##2       | 171M/760M [01:01<03:24, 2.88MB/s] 22%|##2       | 171M/760M [01:01<03:29, 2.81MB/s] 23%|##2       | 171M/760M [01:01<03:24, 2.88MB/s] 23%|##2       | 171M/760M [01:01<03:23, 2.90MB/s] 23%|##2       | 172M/760M [01:01<03:17, 2.98MB/s] 23%|##2       | 172M/760M [01:01<03:22, 2.90MB/s] 23%|##2       | 172M/760M [01:01<03:22, 2.91MB/s] 23%|##2       | 173M/760M [01:02<03:21, 2.92MB/s] 23%|##2       | 173M/760M [01:02<03:19, 2.94MB/s] 23%|##2       | 173M/760M [01:02<03:19, 2.93MB/s] 23%|##2       | 174M/760M [01:02<03:16, 2.98MB/s] 23%|##2       | 174M/760M [01:02<03:12, 3.05MB/s] 23%|##2       | 174M/760M [01:02<03:17, 2.97MB/s] 23%|##2       | 175M/760M [01:02<03:11, 3.06MB/s] 23%|##3       | 175M/760M [01:02<03:07, 3.11MB/s] 23%|##3       | 176M/760M [01:02<03:16, 2.97MB/s] 23%|##3       | 176M/760M [01:03<03:18, 2.95MB/s] 23%|##3       | 176M/760M [01:03<03:08, 3.10MB/s] 23%|##3       | 177M/760M [01:03<03:10, 3.07MB/s] 23%|##3       | 177M/760M [01:03<03:13, 3.01MB/s] 23%|##3       | 177M/760M [01:03<03:25, 2.84MB/s] 23%|##3       | 178M/760M [01:03<03:14, 3.00MB/s] 23%|##3       | 178M/760M [01:03<03:19, 2.92MB/s] 23%|##3       | 178M/760M [01:03<03:19, 2.92MB/s] 23%|##3       | 179M/760M [01:04<03:11, 3.04MB/s] 24%|##3       | 179M/760M [01:04<03:02, 3.18MB/s] 24%|##3       | 179M/760M [01:04<03:19, 2.91MB/s] 24%|##3       | 180M/760M [01:04<03:14, 2.99MB/s] 24%|##3       | 180M/760M [01:04<03:10, 3.04MB/s] 24%|##3       | 180M/760M [01:04<03:07, 3.09MB/s] 24%|##3       | 181M/760M [01:04<03:13, 2.99MB/s] 24%|##3       | 181M/760M [01:04<03:15, 2.96MB/s] 24%|##3       | 181M/760M [01:04<03:11, 3.03MB/s] 24%|##3       | 182M/760M [01:05<03:11, 3.01MB/s] 24%|##3       | 182M/760M [01:05<03:07, 3.08MB/s] 24%|##3       | 182M/760M [01:05<03:11, 3.01MB/s] 24%|##4       | 183M/760M [01:05<03:09, 3.04MB/s] 24%|##4       | 183M/760M [01:05<03:08, 3.06MB/s] 24%|##4       | 183M/760M [01:05<03:11, 3.01MB/s] 24%|##4       | 184M/760M [01:05<03:09, 3.04MB/s] 24%|##4       | 184M/760M [01:05<03:06, 3.09MB/s] 24%|##4       | 184M/760M [01:05<03:04, 3.13MB/s] 24%|##4       | 185M/760M [01:05<03:13, 2.97MB/s] 24%|##4       | 185M/760M [01:06<03:11, 3.00MB/s] 24%|##4       | 185M/760M [01:06<03:04, 3.11MB/s] 24%|##4       | 186M/760M [01:06<03:09, 3.03MB/s] 24%|##4       | 186M/760M [01:06<03:04, 3.11MB/s] 25%|##4       | 186M/760M [01:06<03:01, 3.16MB/s] 25%|##4       | 187M/760M [01:06<03:04, 3.11MB/s] 25%|##4       | 187M/760M [01:06<03:01, 3.15MB/s] 25%|##4       | 187M/760M [01:06<03:06, 3.07MB/s] 25%|##4       | 188M/760M [01:07<02:53, 3.29MB/s] 25%|##4       | 188M/760M [01:07<02:59, 3.19MB/s] 25%|##4       | 188M/760M [01:07<03:02, 3.14MB/s] 25%|##4       | 189M/760M [01:07<03:15, 2.92MB/s] 25%|##4       | 189M/760M [01:07<02:59, 3.17MB/s] 25%|##4       | 190M/760M [01:07<03:14, 2.93MB/s] 25%|##4       | 190M/760M [01:07<03:09, 3.01MB/s] 25%|##5       | 190M/760M [01:07<02:51, 3.32MB/s] 25%|##5       | 191M/760M [01:07<02:58, 3.19MB/s] 25%|##5       | 191M/760M [01:08<02:57, 3.20MB/s] 25%|##5       | 191M/760M [01:08<02:54, 3.26MB/s] 25%|##5       | 192M/760M [01:08<02:53, 3.27MB/s] 25%|##5       | 192M/760M [01:08<02:44, 3.46MB/s] 25%|##5       | 193M/760M [01:08<02:44, 3.45MB/s] 25%|##5       | 193M/760M [01:08<02:45, 3.43MB/s] 25%|##5       | 193M/760M [01:08<02:43, 3.46MB/s] 25%|##5       | 194M/760M [01:08<02:44, 3.45MB/s] 26%|##5       | 194M/760M [01:08<02:32, 3.71MB/s] 26%|##5       | 195M/760M [01:09<02:37, 3.58MB/s] 26%|##5       | 195M/760M [01:09<02:37, 3.59MB/s] 26%|##5       | 195M/760M [01:09<02:39, 3.53MB/s] 26%|##5       | 196M/760M [01:09<02:31, 3.71MB/s] 26%|##5       | 196M/760M [01:09<02:24, 3.90MB/s] 26%|##5       | 197M/760M [01:09<02:21, 4.00MB/s] 26%|##5       | 197M/760M [01:09<02:29, 3.77MB/s] 26%|##5       | 197M/760M [01:09<02:27, 3.82MB/s] 26%|##6       | 198M/760M [01:09<02:25, 3.86MB/s] 26%|##6       | 198M/760M [01:10<02:10, 4.32MB/s] 26%|##6       | 199M/760M [01:10<02:17, 4.07MB/s] 26%|##6       | 199M/760M [01:10<02:15, 4.13MB/s] 26%|##6       | 200M/760M [01:10<02:19, 4.03MB/s] 26%|##6       | 200M/760M [01:10<02:10, 4.29MB/s] 26%|##6       | 201M/760M [01:10<02:08, 4.37MB/s] 26%|##6       | 201M/760M [01:10<02:03, 4.51MB/s] 27%|##6       | 202M/760M [01:10<02:08, 4.34MB/s] 27%|##6       | 202M/760M [01:10<01:55, 4.83MB/s] 27%|##6       | 203M/760M [01:11<02:02, 4.54MB/s] 27%|##6       | 204M/760M [01:11<01:56, 4.79MB/s] 27%|##6       | 204M/760M [01:11<01:56, 4.76MB/s] 27%|##6       | 205M/760M [01:11<01:54, 4.86MB/s] 27%|##6       | 205M/760M [01:11<01:54, 4.83MB/s] 27%|##7       | 206M/760M [01:11<01:47, 5.18MB/s] 27%|##7       | 206M/760M [01:11<01:41, 5.47MB/s] 27%|##7       | 207M/760M [01:11<01:41, 5.47MB/s] 27%|##7       | 207M/760M [01:11<01:50, 5.01MB/s] 27%|##7       | 208M/760M [01:12<02:28, 3.72MB/s] 27%|##7       | 208M/760M [01:12<02:24, 3.83MB/s] 27%|##7       | 209M/760M [01:12<03:17, 2.79MB/s] 28%|##7       | 209M/760M [01:12<03:07, 2.94MB/s] 28%|##7       | 210M/760M [01:12<03:23, 2.70MB/s] 28%|##7       | 210M/760M [01:12<03:17, 2.79MB/s] 28%|##7       | 210M/760M [01:13<03:25, 2.68MB/s] 28%|##7       | 211M/760M [01:13<03:42, 2.47MB/s] 28%|##7       | 211M/760M [01:13<03:33, 2.57MB/s] 28%|##7       | 211M/760M [01:13<03:22, 2.71MB/s] 28%|##7       | 212M/760M [01:13<03:12, 2.85MB/s] 28%|##7       | 212M/760M [01:13<03:10, 2.88MB/s] 28%|##7       | 212M/760M [01:13<03:06, 2.93MB/s] 28%|##7       | 213M/760M [01:13<03:03, 2.99MB/s] 28%|##7       | 213M/760M [01:13<03:05, 2.94MB/s] 28%|##8       | 213M/760M [01:14<02:56, 3.10MB/s] 28%|##8       | 214M/760M [01:14<03:06, 2.93MB/s] 28%|##8       | 214M/760M [01:14<02:53, 3.15MB/s] 28%|##8       | 215M/760M [01:14<03:03, 2.97MB/s] 28%|##8       | 215M/760M [01:14<02:59, 3.03MB/s] 28%|##8       | 215M/760M [01:14<02:52, 3.16MB/s] 28%|##8       | 216M/760M [01:14<02:47, 3.24MB/s] 28%|##8       | 216M/760M [01:14<02:55, 3.10MB/s] 28%|##8       | 217M/760M [01:15<02:46, 3.26MB/s] 29%|##8       | 217M/760M [01:15<02:44, 3.31MB/s] 29%|##8       | 217M/760M [01:15<02:55, 3.10MB/s] 29%|##8       | 218M/760M [01:15<02:42, 3.33MB/s] 29%|##8       | 218M/760M [01:15<02:40, 3.37MB/s] 29%|##8       | 218M/760M [01:15<02:49, 3.20MB/s] 29%|##8       | 219M/760M [01:15<02:47, 3.23MB/s] 29%|##8       | 219M/760M [01:15<02:41, 3.35MB/s] 29%|##8       | 220M/760M [01:16<02:43, 3.32MB/s] 29%|##8       | 220M/760M [01:16<02:54, 3.10MB/s] 29%|##8       | 220M/760M [01:16<02:40, 3.36MB/s] 29%|##9       | 221M/760M [01:16<02:59, 3.01MB/s] 29%|##9       | 221M/760M [01:16<02:51, 3.14MB/s] 29%|##9       | 221M/760M [01:16<02:41, 3.34MB/s] 29%|##9       | 222M/760M [01:16<02:52, 3.12MB/s] 29%|##9       | 222M/760M [01:16<02:46, 3.23MB/s] 29%|##9       | 223M/760M [01:16<02:45, 3.25MB/s] 29%|##9       | 223M/760M [01:17<02:36, 3.42MB/s] 29%|##9       | 223M/760M [01:17<02:45, 3.25MB/s] 29%|##9       | 224M/760M [01:17<02:45, 3.24MB/s] 29%|##9       | 224M/760M [01:17<02:42, 3.30MB/s] 30%|##9       | 224M/760M [01:17<02:41, 3.31MB/s] 30%|##9       | 225M/760M [01:17<02:44, 3.25MB/s] 30%|##9       | 225M/760M [01:17<02:45, 3.23MB/s] 30%|##9       | 225M/760M [01:17<02:56, 3.03MB/s] 30%|##9       | 226M/760M [01:17<02:57, 3.01MB/s] 30%|##9       | 226M/760M [01:18<02:54, 3.07MB/s] 30%|##9       | 226M/760M [01:18<02:51, 3.11MB/s] 30%|##9       | 227M/760M [01:18<02:50, 3.12MB/s] 30%|##9       | 227M/760M [01:18<02:57, 3.01MB/s] 30%|##9       | 227M/760M [01:18<02:47, 3.19MB/s] 30%|##9       | 228M/760M [01:18<02:50, 3.13MB/s] 30%|###       | 228M/760M [01:18<02:54, 3.04MB/s] 30%|###       | 229M/760M [01:18<02:53, 3.06MB/s] 30%|###       | 229M/760M [01:18<02:52, 3.08MB/s] 30%|###       | 229M/760M [01:19<02:40, 3.31MB/s] 30%|###       | 230M/760M [01:19<02:49, 3.12MB/s] 30%|###       | 230M/760M [01:19<03:01, 2.91MB/s] 30%|###       | 230M/760M [01:19<02:43, 3.25MB/s] 30%|###       | 231M/760M [01:19<03:00, 2.93MB/s] 30%|###       | 231M/760M [01:19<02:55, 3.01MB/s] 30%|###       | 232M/760M [01:19<02:40, 3.30MB/s] 31%|###       | 232M/760M [01:19<02:41, 3.28MB/s] 31%|###       | 232M/760M [01:20<02:55, 3.01MB/s] 31%|###       | 233M/760M [01:20<02:53, 3.04MB/s] 31%|###       | 233M/760M [01:20<02:36, 3.36MB/s] 31%|###       | 233M/760M [01:20<02:49, 3.10MB/s] 31%|###       | 234M/760M [01:20<02:48, 3.12MB/s] 31%|###       | 234M/760M [01:20<02:41, 3.25MB/s] 31%|###       | 234M/760M [01:20<02:37, 3.34MB/s] 31%|###       | 235M/760M [01:20<02:47, 3.14MB/s] 31%|###       | 235M/760M [01:20<02:42, 3.23MB/s] 31%|###       | 236M/760M [01:21<02:38, 3.32MB/s] 31%|###1      | 236M/760M [01:21<02:35, 3.37MB/s] 31%|###1      | 236M/760M [01:21<02:38, 3.30MB/s] 31%|###1      | 237M/760M [01:21<02:36, 3.34MB/s] 31%|###1      | 237M/760M [01:21<02:34, 3.39MB/s] 31%|###1      | 237M/760M [01:21<02:40, 3.26MB/s] 31%|###1      | 238M/760M [01:21<02:38, 3.30MB/s] 31%|###1      | 238M/760M [01:21<02:41, 3.24MB/s] 31%|###1      | 239M/760M [01:21<02:35, 3.36MB/s] 31%|###1      | 239M/760M [01:22<02:38, 3.28MB/s] 31%|###1      | 239M/760M [01:22<02:36, 3.34MB/s] 32%|###1      | 240M/760M [01:22<02:37, 3.30MB/s] 32%|###1      | 240M/760M [01:22<02:30, 3.46MB/s] 32%|###1      | 240M/760M [01:22<02:34, 3.36MB/s] 32%|###1      | 241M/760M [01:22<02:33, 3.39MB/s] 32%|###1      | 241M/760M [01:22<02:31, 3.42MB/s] 32%|###1      | 242M/760M [01:22<02:30, 3.45MB/s] 32%|###1      | 242M/760M [01:22<02:25, 3.57MB/s] 32%|###1      | 242M/760M [01:23<02:18, 3.73MB/s] 32%|###1      | 243M/760M [01:23<02:26, 3.52MB/s] 32%|###1      | 243M/760M [01:23<02:20, 3.68MB/s] 32%|###2      | 244M/760M [01:23<02:17, 3.75MB/s] 32%|###2      | 244M/760M [01:23<02:16, 3.77MB/s] 32%|###2      | 244M/760M [01:23<02:15, 3.81MB/s] 32%|###2      | 245M/760M [01:23<02:25, 3.54MB/s] 32%|###2      | 245M/760M [01:23<02:12, 3.87MB/s] 32%|###2      | 246M/760M [01:23<02:06, 4.07MB/s] 32%|###2      | 246M/760M [01:24<02:11, 3.90MB/s] 32%|###2      | 247M/760M [01:24<02:06, 4.07MB/s] 33%|###2      | 247M/760M [01:24<02:05, 4.10MB/s] 33%|###2      | 248M/760M [01:24<01:53, 4.51MB/s] 33%|###2      | 248M/760M [01:24<01:54, 4.49MB/s] 33%|###2      | 249M/760M [01:24<01:55, 4.45MB/s] 33%|###2      | 249M/760M [01:24<02:01, 4.20MB/s] 33%|###2      | 250M/760M [01:24<01:58, 4.30MB/s] 33%|###2      | 250M/760M [01:24<01:57, 4.36MB/s] 33%|###2      | 251M/760M [01:25<02:04, 4.10MB/s] 33%|###3      | 251M/760M [01:25<03:01, 2.81MB/s] 33%|###3      | 251M/760M [01:25<02:37, 3.23MB/s] 33%|###3      | 252M/760M [01:25<02:54, 2.92MB/s] 33%|###3      | 252M/760M [01:25<03:10, 2.67MB/s] 33%|###3      | 253M/760M [01:25<03:03, 2.77MB/s] 33%|###3      | 253M/760M [01:25<02:56, 2.88MB/s] 33%|###3      | 253M/760M [01:26<03:09, 2.68MB/s] 33%|###3      | 253M/760M [01:26<03:08, 2.68MB/s] 33%|###3      | 254M/760M [01:26<02:55, 2.89MB/s] 33%|###3      | 254M/760M [01:26<02:57, 2.86MB/s] 33%|###3      | 254M/760M [01:26<02:59, 2.81MB/s] 34%|###3      | 255M/760M [01:26<03:00, 2.81MB/s] 34%|###3      | 255M/760M [01:26<02:43, 3.08MB/s] 34%|###3      | 255M/760M [01:26<02:47, 3.01MB/s] 34%|###3      | 256M/760M [01:27<03:03, 2.75MB/s] 34%|###3      | 256M/760M [01:27<02:41, 3.13MB/s] 34%|###3      | 257M/760M [01:27<02:48, 2.99MB/s] 34%|###3      | 257M/760M [01:27<02:55, 2.87MB/s] 34%|###3      | 257M/760M [01:27<02:45, 3.04MB/s] 34%|###3      | 258M/760M [01:27<02:42, 3.10MB/s] 34%|###3      | 258M/760M [01:27<02:52, 2.91MB/s] 34%|###3      | 258M/760M [01:27<02:49, 2.97MB/s] 34%|###4      | 259M/760M [01:27<02:40, 3.13MB/s] 34%|###4      | 259M/760M [01:28<02:40, 3.13MB/s] 34%|###4      | 259M/760M [01:28<02:44, 3.05MB/s] 34%|###4      | 260M/760M [01:28<02:42, 3.08MB/s] 34%|###4      | 260M/760M [01:28<02:41, 3.09MB/s] 34%|###4      | 260M/760M [01:28<02:35, 3.22MB/s] 34%|###4      | 261M/760M [01:28<02:40, 3.12MB/s] 34%|###4      | 261M/760M [01:28<02:35, 3.22MB/s] 34%|###4      | 261M/760M [01:28<02:38, 3.16MB/s] 34%|###4      | 262M/760M [01:28<02:37, 3.16MB/s] 34%|###4      | 262M/760M [01:29<02:42, 3.07MB/s] 35%|###4      | 262M/760M [01:29<02:37, 3.16MB/s] 35%|###4      | 263M/760M [01:29<02:33, 3.23MB/s] 35%|###4      | 263M/760M [01:29<02:42, 3.06MB/s] 35%|###4      | 263M/760M [01:29<02:40, 3.10MB/s] 35%|###4      | 264M/760M [01:29<02:39, 3.11MB/s] 35%|###4      | 264M/760M [01:29<02:33, 3.24MB/s] 35%|###4      | 265M/760M [01:29<02:39, 3.11MB/s] 35%|###4      | 265M/760M [01:29<02:37, 3.16MB/s] 35%|###4      | 265M/760M [01:30<02:33, 3.22MB/s] 35%|###4      | 266M/760M [01:30<02:34, 3.20MB/s] 35%|###4      | 266M/760M [01:30<02:42, 3.03MB/s] 35%|###5      | 266M/760M [01:30<02:36, 3.15MB/s] 35%|###5      | 267M/760M [01:30<02:32, 3.23MB/s] 35%|###5      | 267M/760M [01:30<02:27, 3.34MB/s] 35%|###5      | 267M/760M [01:30<02:38, 3.10MB/s] 35%|###5      | 268M/760M [01:30<02:37, 3.13MB/s] 35%|###5      | 268M/760M [01:30<02:27, 3.33MB/s] 35%|###5      | 268M/760M [01:31<02:35, 3.16MB/s] 35%|###5      | 269M/760M [01:31<02:34, 3.17MB/s] 35%|###5      | 269M/760M [01:31<02:38, 3.10MB/s] 35%|###5      | 269M/760M [01:31<02:33, 3.21MB/s] 35%|###5      | 270M/760M [01:31<02:31, 3.23MB/s] 36%|###5      | 270M/760M [01:31<02:39, 3.08MB/s] 36%|###5      | 270M/760M [01:31<02:32, 3.21MB/s] 36%|###5      | 271M/760M [01:31<02:27, 3.32MB/s] 36%|###5      | 271M/760M [01:31<02:29, 3.28MB/s] 36%|###5      | 272M/760M [01:32<02:34, 3.16MB/s] 36%|###5      | 272M/760M [01:32<02:28, 3.28MB/s] 36%|###5      | 272M/760M [01:32<02:31, 3.23MB/s] 36%|###5      | 273M/760M [01:32<02:28, 3.28MB/s] 36%|###5      | 273M/760M [01:32<02:35, 3.14MB/s] 36%|###5      | 273M/760M [01:32<02:26, 3.32MB/s] 36%|###6      | 274M/760M [01:32<02:26, 3.31MB/s] 36%|###6      | 274M/760M [01:32<02:27, 3.29MB/s] 36%|###6      | 275M/760M [01:32<02:27, 3.29MB/s] 36%|###6      | 275M/760M [01:33<02:20, 3.45MB/s] 36%|###6      | 275M/760M [01:33<02:20, 3.45MB/s] 36%|###6      | 276M/760M [01:33<02:25, 3.34MB/s] 36%|###6      | 276M/760M [01:33<02:23, 3.38MB/s] 36%|###6      | 276M/760M [01:33<02:36, 3.09MB/s] 36%|###6      | 277M/760M [01:33<02:23, 3.36MB/s] 36%|###6      | 277M/760M [01:33<02:29, 3.23MB/s] 37%|###6      | 278M/760M [01:33<02:25, 3.32MB/s] 37%|###6      | 278M/760M [01:33<02:19, 3.46MB/s] 37%|###6      | 278M/760M [01:34<02:14, 3.57MB/s] 37%|###6      | 279M/760M [01:34<02:24, 3.34MB/s] 37%|###6      | 279M/760M [01:34<02:11, 3.67MB/s] 37%|###6      | 280M/760M [01:34<02:08, 3.73MB/s] 37%|###6      | 280M/760M [01:34<02:13, 3.60MB/s] 37%|###6      | 280M/760M [01:34<02:10, 3.67MB/s] 37%|###6      | 281M/760M [01:34<02:08, 3.73MB/s] 37%|###7      | 281M/760M [01:34<02:01, 3.96MB/s] 37%|###7      | 282M/760M [01:34<01:59, 4.01MB/s] 37%|###7      | 282M/760M [01:35<02:09, 3.70MB/s] 37%|###7      | 283M/760M [01:35<01:58, 4.02MB/s] 37%|###7      | 283M/760M [01:35<01:58, 4.03MB/s] 37%|###7      | 284M/760M [01:35<02:00, 3.96MB/s] 37%|###7      | 284M/760M [01:35<01:58, 4.02MB/s] 37%|###7      | 285M/760M [01:35<01:52, 4.21MB/s] 37%|###7      | 285M/760M [01:35<01:50, 4.31MB/s] 38%|###7      | 285M/760M [01:35<01:46, 4.48MB/s] 38%|###7      | 286M/760M [01:35<01:53, 4.17MB/s] 38%|###7      | 286M/760M [01:36<01:48, 4.36MB/s] 38%|###7      | 287M/760M [01:36<01:45, 4.47MB/s] 38%|###7      | 287M/760M [01:36<01:45, 4.49MB/s] 38%|###7      | 288M/760M [01:36<01:39, 4.72MB/s] 38%|###7      | 288M/760M [01:36<01:49, 4.31MB/s] 38%|###8      | 289M/760M [01:36<01:46, 4.44MB/s] 38%|###8      | 290M/760M [01:36<02:13, 3.54MB/s] 38%|###8      | 290M/760M [01:37<02:38, 2.97MB/s] 38%|###8      | 290M/760M [01:37<02:22, 3.30MB/s] 38%|###8      | 291M/760M [01:37<02:16, 3.44MB/s] 38%|###8      | 291M/760M [01:37<02:14, 3.49MB/s] 38%|###8      | 292M/760M [01:37<02:13, 3.52MB/s] 38%|###8      | 292M/760M [01:37<02:14, 3.49MB/s] 38%|###8      | 292M/760M [01:37<02:26, 3.18MB/s] 39%|###8      | 293M/760M [01:37<02:15, 3.44MB/s] 39%|###8      | 293M/760M [01:37<02:09, 3.61MB/s] 39%|###8      | 294M/760M [01:38<01:55, 4.05MB/s] 39%|###8      | 294M/760M [01:38<02:10, 3.56MB/s] 39%|###8      | 295M/760M [01:38<02:31, 3.08MB/s] 39%|###8      | 295M/760M [01:38<02:25, 3.20MB/s] 39%|###8      | 295M/760M [01:38<03:47, 2.04MB/s] 39%|###8      | 296M/760M [01:38<03:46, 2.05MB/s] 39%|###8      | 296M/760M [01:39<03:25, 2.26MB/s] 39%|###8      | 296M/760M [01:39<03:40, 2.10MB/s] 39%|###9      | 297M/760M [01:39<03:34, 2.16MB/s] 39%|###9      | 297M/760M [01:39<03:24, 2.26MB/s] 39%|###9      | 297M/760M [01:39<03:21, 2.29MB/s] 39%|###9      | 297M/760M [01:39<03:22, 2.29MB/s] 39%|###9      | 298M/760M [01:39<03:15, 2.37MB/s] 39%|###9      | 298M/760M [01:39<03:16, 2.35MB/s] 39%|###9      | 298M/760M [01:40<03:14, 2.38MB/s] 39%|###9      | 298M/760M [01:40<03:13, 2.38MB/s] 39%|###9      | 299M/760M [01:40<03:05, 2.49MB/s] 39%|###9      | 299M/760M [01:40<03:03, 2.51MB/s] 39%|###9      | 299M/760M [01:40<03:06, 2.47MB/s] 39%|###9      | 300M/760M [01:40<02:58, 2.58MB/s] 39%|###9      | 300M/760M [01:40<02:57, 2.60MB/s] 39%|###9      | 300M/760M [01:40<02:57, 2.60MB/s] 40%|###9      | 300M/760M [01:40<03:00, 2.54MB/s] 40%|###9      | 301M/760M [01:41<02:54, 2.63MB/s] 40%|###9      | 301M/760M [01:41<02:51, 2.67MB/s] 40%|###9      | 301M/760M [01:41<02:56, 2.60MB/s] 40%|###9      | 302M/760M [01:41<02:57, 2.58MB/s] 40%|###9      | 302M/760M [01:41<02:53, 2.65MB/s] 40%|###9      | 302M/760M [01:41<02:49, 2.71MB/s] 40%|###9      | 303M/760M [01:41<02:50, 2.68MB/s] 40%|###9      | 303M/760M [01:41<02:51, 2.67MB/s] 40%|###9      | 303M/760M [01:41<02:55, 2.60MB/s] 40%|###9      | 303M/760M [01:42<02:48, 2.71MB/s] 40%|###9      | 304M/760M [01:42<02:50, 2.67MB/s] 40%|###9      | 304M/760M [01:42<02:54, 2.61MB/s] 40%|####      | 304M/760M [01:42<02:45, 2.75MB/s] 40%|####      | 305M/760M [01:42<02:51, 2.66MB/s] 40%|####      | 305M/760M [01:42<03:00, 2.52MB/s] 40%|####      | 305M/760M [01:42<02:50, 2.68MB/s] 40%|####      | 306M/760M [01:42<02:51, 2.66MB/s] 40%|####      | 306M/760M [01:42<02:53, 2.62MB/s] 40%|####      | 306M/760M [01:43<02:47, 2.71MB/s] 40%|####      | 306M/760M [01:43<02:45, 2.74MB/s] 40%|####      | 307M/760M [01:43<02:52, 2.62MB/s] 40%|####      | 307M/760M [01:43<02:52, 2.62MB/s] 40%|####      | 307M/760M [01:43<02:45, 2.74MB/s] 40%|####      | 308M/760M [01:43<02:48, 2.68MB/s] 41%|####      | 308M/760M [01:43<02:50, 2.65MB/s] 41%|####      | 308M/760M [01:43<02:44, 2.75MB/s] 41%|####      | 309M/760M [01:43<02:45, 2.72MB/s] 41%|####      | 309M/760M [01:44<02:54, 2.59MB/s] 41%|####      | 309M/760M [01:44<02:41, 2.79MB/s] 41%|####      | 310M/760M [01:44<02:41, 2.79MB/s] 41%|####      | 310M/760M [01:44<02:57, 2.54MB/s] 41%|####      | 310M/760M [01:44<02:41, 2.79MB/s] 41%|####      | 311M/760M [01:44<02:51, 2.62MB/s] 41%|####      | 311M/760M [01:44<02:52, 2.61MB/s] 41%|####      | 311M/760M [01:44<02:36, 2.86MB/s] 41%|####      | 312M/760M [01:45<02:49, 2.65MB/s] 41%|####1     | 312M/760M [01:45<02:49, 2.64MB/s] 41%|####1     | 312M/760M [01:45<02:34, 2.89MB/s] 41%|####1     | 313M/760M [01:45<02:41, 2.78MB/s] 41%|####1     | 313M/760M [01:45<02:45, 2.71MB/s] 41%|####1     | 313M/760M [01:45<02:34, 2.89MB/s] 41%|####1     | 313M/760M [01:45<02:36, 2.85MB/s] 41%|####1     | 314M/760M [01:45<02:38, 2.81MB/s] 41%|####1     | 314M/760M [01:45<02:39, 2.80MB/s] 41%|####1     | 314M/760M [01:46<02:37, 2.84MB/s] 41%|####1     | 315M/760M [01:46<02:31, 2.95MB/s] 41%|####1     | 315M/760M [01:46<02:33, 2.89MB/s] 41%|####1     | 315M/760M [01:46<02:33, 2.90MB/s] 42%|####1     | 316M/760M [01:46<02:36, 2.85MB/s] 42%|####1     | 316M/760M [01:46<02:27, 3.01MB/s] 42%|####1     | 316M/760M [01:46<02:34, 2.87MB/s] 42%|####1     | 317M/760M [01:46<02:29, 2.96MB/s] 42%|####1     | 317M/760M [01:46<02:27, 3.00MB/s] 42%|####1     | 317M/760M [01:47<02:23, 3.10MB/s] 42%|####1     | 318M/760M [01:47<02:26, 3.03MB/s] 42%|####1     | 318M/760M [01:47<02:22, 3.09MB/s] 42%|####1     | 318M/760M [01:47<02:18, 3.18MB/s] 42%|####1     | 319M/760M [01:47<02:16, 3.23MB/s] 42%|####1     | 319M/760M [01:47<02:18, 3.19MB/s] 42%|####2     | 319M/760M [01:47<02:14, 3.28MB/s] 42%|####2     | 320M/760M [01:47<02:13, 3.30MB/s] 42%|####2     | 320M/760M [01:47<02:11, 3.35MB/s] 42%|####2     | 321M/760M [01:48<02:09, 3.40MB/s] 42%|####2     | 321M/760M [01:48<02:17, 3.19MB/s] 42%|####2     | 321M/760M [01:48<02:08, 3.41MB/s] 42%|####2     | 322M/760M [01:48<02:01, 3.61MB/s] 42%|####2     | 322M/760M [01:48<02:19, 3.15MB/s] 42%|####2     | 323M/760M [01:49<04:46, 1.53MB/s] 42%|####2     | 323M/760M [01:49<04:00, 1.82MB/s] 43%|####2     | 323M/760M [01:49<04:21, 1.67MB/s] 43%|####2     | 324M/760M [01:49<05:37, 1.29MB/s] 43%|####2     | 324M/760M [01:49<05:05, 1.43MB/s] 43%|####2     | 324M/760M [01:50<05:32, 1.31MB/s] 43%|####2     | 324M/760M [01:50<05:35, 1.30MB/s] 43%|####2     | 324M/760M [01:50<05:26, 1.33MB/s] 43%|####2     | 325M/760M [01:50<05:34, 1.30MB/s] 43%|####2     | 325M/760M [01:50<06:07, 1.18MB/s] 43%|####2     | 325M/760M [01:50<05:50, 1.24MB/s] 43%|####2     | 325M/760M [01:51<05:32, 1.31MB/s] 43%|####2     | 325M/760M [01:51<05:28, 1.32MB/s] 43%|####2     | 326M/760M [01:51<05:32, 1.31MB/s] 43%|####2     | 326M/760M [01:51<06:30, 1.11MB/s] 43%|####2     | 326M/760M [01:51<06:43, 1.08MB/s] 43%|####2     | 326M/760M [01:51<07:12, 1.00MB/s] 43%|####2     | 326M/760M [01:51<07:05, 1.02MB/s] 43%|####2     | 326M/760M [01:52<07:12, 1.00MB/s] 43%|####2     | 326M/760M [01:52<08:23, 861kB/s]  43%|####2     | 326M/760M [01:52<13:34, 533kB/s] 43%|####2     | 327M/760M [01:52<12:24, 583kB/s] 43%|####2     | 327M/760M [01:53<13:08, 550kB/s] 43%|####2     | 327M/760M [01:53<12:19, 586kB/s] 43%|####2     | 327M/760M [01:53<12:03, 599kB/s] 43%|####3     | 327M/760M [01:53<11:27, 630kB/s] 43%|####3     | 327M/760M [01:53<11:27, 630kB/s] 43%|####3     | 327M/760M [01:53<11:42, 616kB/s] 43%|####3     | 327M/760M [01:53<10:50, 665kB/s] 43%|####3     | 327M/760M [01:54<10:20, 698kB/s] 43%|####3     | 328M/760M [01:54<10:21, 697kB/s] 43%|####3     | 328M/760M [01:54<10:01, 719kB/s] 43%|####3     | 328M/760M [01:54<09:49, 734kB/s] 43%|####3     | 328M/760M [01:54<09:29, 759kB/s] 43%|####3     | 328M/760M [01:54<08:54, 810kB/s] 43%|####3     | 328M/760M [01:54<08:55, 807kB/s] 43%|####3     | 328M/760M [01:54<08:56, 805kB/s] 43%|####3     | 328M/760M [01:55<08:54, 808kB/s] 43%|####3     | 328M/760M [01:55<08:20, 863kB/s] 43%|####3     | 328M/760M [01:55<08:47, 818kB/s] 43%|####3     | 329M/760M [01:55<08:25, 854kB/s] 43%|####3     | 329M/760M [01:55<08:08, 883kB/s] 43%|####3     | 329M/760M [01:55<08:06, 887kB/s] 43%|####3     | 329M/760M [01:55<08:04, 891kB/s] 43%|####3     | 329M/760M [01:55<07:31, 954kB/s] 43%|####3     | 329M/760M [01:55<07:38, 941kB/s] 43%|####3     | 329M/760M [01:56<07:48, 920kB/s] 43%|####3     | 329M/760M [01:56<07:25, 967kB/s] 43%|####3     | 329M/760M [01:56<07:27, 963kB/s] 43%|####3     | 329M/760M [01:56<07:44, 926kB/s] 43%|####3     | 330M/760M [01:56<07:21, 976kB/s] 43%|####3     | 330M/760M [01:56<07:17, 983kB/s] 43%|####3     | 330M/760M [01:56<07:10, 999kB/s] 43%|####3     | 330M/760M [01:56<07:04, 1.01MB/s] 43%|####3     | 330M/760M [01:57<07:06, 1.01MB/s] 43%|####3     | 330M/760M [01:57<06:42, 1.07MB/s] 43%|####3     | 330M/760M [01:57<06:38, 1.08MB/s] 43%|####3     | 331M/760M [01:57<06:39, 1.07MB/s] 43%|####3     | 331M/760M [01:57<06:49, 1.05MB/s] 44%|####3     | 331M/760M [01:57<06:18, 1.13MB/s] 44%|####3     | 331M/760M [01:57<06:34, 1.09MB/s] 44%|####3     | 331M/760M [01:57<06:15, 1.14MB/s] 44%|####3     | 331M/760M [01:58<06:10, 1.16MB/s] 44%|####3     | 331M/760M [01:58<06:27, 1.11MB/s] 44%|####3     | 332M/760M [01:58<06:05, 1.17MB/s] 44%|####3     | 332M/760M [01:58<06:12, 1.15MB/s] 44%|####3     | 332M/760M [01:58<06:10, 1.16MB/s] 44%|####3     | 332M/760M [01:58<05:59, 1.19MB/s] 44%|####3     | 332M/760M [01:58<05:52, 1.21MB/s] 44%|####3     | 332M/760M [01:58<05:55, 1.20MB/s] 44%|####3     | 332M/760M [01:59<05:49, 1.22MB/s] 44%|####3     | 333M/760M [01:59<05:47, 1.23MB/s] 44%|####3     | 333M/760M [01:59<05:42, 1.25MB/s] 44%|####3     | 333M/760M [01:59<05:41, 1.25MB/s] 44%|####3     | 333M/760M [01:59<05:38, 1.26MB/s] 44%|####3     | 333M/760M [01:59<05:26, 1.31MB/s] 44%|####3     | 333M/760M [01:59<05:33, 1.28MB/s] 44%|####3     | 334M/760M [01:59<05:29, 1.30MB/s] 44%|####3     | 334M/760M [02:00<05:20, 1.33MB/s] 44%|####3     | 334M/760M [02:00<05:14, 1.35MB/s] 44%|####3     | 334M/760M [02:00<05:04, 1.40MB/s] 44%|####3     | 334M/760M [02:00<04:53, 1.45MB/s] 44%|####3     | 334M/760M [02:00<04:52, 1.46MB/s] 44%|####4     | 335M/760M [02:00<04:37, 1.54MB/s] 44%|####4     | 335M/760M [02:00<04:31, 1.57MB/s] 44%|####4     | 335M/760M [02:00<04:19, 1.64MB/s] 44%|####4     | 335M/760M [02:01<04:09, 1.71MB/s] 44%|####4     | 336M/760M [02:01<04:06, 1.72MB/s] 44%|####4     | 336M/760M [02:01<03:51, 1.83MB/s] 44%|####4     | 336M/760M [02:01<03:40, 1.92MB/s] 44%|####4     | 336M/760M [02:01<03:44, 1.89MB/s] 44%|####4     | 336M/760M [02:01<03:23, 2.08MB/s] 44%|####4     | 337M/760M [02:01<03:24, 2.07MB/s] 44%|####4     | 337M/760M [02:01<03:18, 2.13MB/s] 44%|####4     | 337M/760M [02:01<03:10, 2.22MB/s] 44%|####4     | 337M/760M [02:02<03:01, 2.32MB/s] 44%|####4     | 338M/760M [02:02<03:02, 2.31MB/s] 44%|####4     | 338M/760M [02:02<02:54, 2.42MB/s] 44%|####4     | 338M/760M [02:02<02:46, 2.54MB/s] 45%|####4     | 339M/760M [02:02<02:40, 2.62MB/s] 45%|####4     | 339M/760M [02:02<02:32, 2.77MB/s] 45%|####4     | 339M/760M [02:02<02:34, 2.73MB/s] 45%|####4     | 340M/760M [02:02<02:32, 2.76MB/s] 45%|####4     | 340M/760M [02:02<02:16, 3.08MB/s] 45%|####4     | 340M/760M [02:02<02:16, 3.08MB/s] 45%|####4     | 341M/760M [02:03<02:10, 3.22MB/s] 45%|####4     | 341M/760M [02:03<02:07, 3.30MB/s] 45%|####4     | 341M/760M [02:03<02:04, 3.36MB/s] 45%|####4     | 342M/760M [02:03<02:08, 3.25MB/s] 45%|####4     | 342M/760M [02:03<01:58, 3.53MB/s] 45%|####5     | 343M/760M [02:03<01:46, 3.92MB/s] 45%|####5     | 343M/760M [02:03<01:50, 3.79MB/s] 45%|####5     | 343M/760M [02:03<01:47, 3.87MB/s] 45%|####5     | 344M/760M [02:03<01:42, 4.08MB/s] 45%|####5     | 344M/760M [02:04<01:34, 4.38MB/s] 45%|####5     | 345M/760M [02:04<01:30, 4.57MB/s] 45%|####5     | 346M/760M [02:04<01:31, 4.52MB/s] 46%|####5     | 346M/760M [02:04<01:28, 4.67MB/s] 46%|####5     | 347M/760M [02:04<01:24, 4.92MB/s] 46%|####5     | 347M/760M [02:04<01:22, 4.98MB/s] 46%|####5     | 348M/760M [02:04<01:20, 5.11MB/s] 46%|####5     | 348M/760M [02:04<01:19, 5.20MB/s] 46%|####5     | 349M/760M [02:04<01:15, 5.41MB/s] 46%|####5     | 350M/760M [02:04<01:12, 5.63MB/s] 46%|####6     | 350M/760M [02:05<01:12, 5.64MB/s] 46%|####6     | 351M/760M [02:05<01:11, 5.71MB/s] 46%|####6     | 351M/760M [02:05<01:07, 6.01MB/s] 46%|####6     | 352M/760M [02:05<01:05, 6.20MB/s] 46%|####6     | 353M/760M [02:05<01:33, 4.34MB/s] 46%|####6     | 354M/760M [02:05<01:39, 4.10MB/s] 47%|####6     | 354M/760M [02:05<01:23, 4.86MB/s] 47%|####6     | 355M/760M [02:06<01:45, 3.83MB/s] 47%|####6     | 355M/760M [02:06<01:55, 3.51MB/s] 47%|####6     | 356M/760M [02:06<02:07, 3.18MB/s] 47%|####6     | 356M/760M [02:06<02:09, 3.13MB/s] 47%|####6     | 357M/760M [02:06<02:15, 2.99MB/s] 47%|####6     | 357M/760M [02:06<02:21, 2.84MB/s] 47%|####6     | 357M/760M [02:07<02:23, 2.82MB/s] 47%|####7     | 358M/760M [02:07<02:20, 2.87MB/s] 47%|####7     | 358M/760M [02:07<02:24, 2.79MB/s] 47%|####7     | 358M/760M [02:07<02:22, 2.82MB/s] 47%|####7     | 359M/760M [02:07<02:19, 2.89MB/s] 47%|####7     | 359M/760M [02:07<02:24, 2.78MB/s] 47%|####7     | 359M/760M [02:07<02:19, 2.87MB/s] 47%|####7     | 359M/760M [02:07<02:21, 2.83MB/s] 47%|####7     | 360M/760M [02:08<02:25, 2.75MB/s] 47%|####7     | 360M/760M [02:08<02:14, 2.97MB/s] 47%|####7     | 361M/760M [02:08<02:12, 3.01MB/s] 47%|####7     | 361M/760M [02:08<02:19, 2.86MB/s] 48%|####7     | 361M/760M [02:08<02:12, 3.02MB/s] 48%|####7     | 362M/760M [02:08<02:09, 3.09MB/s] 48%|####7     | 362M/760M [02:08<02:15, 2.95MB/s] 48%|####7     | 362M/760M [02:08<02:09, 3.07MB/s] 48%|####7     | 363M/760M [02:08<02:08, 3.08MB/s] 48%|####7     | 363M/760M [02:09<02:13, 2.98MB/s] 48%|####7     | 363M/760M [02:09<02:17, 2.90MB/s] 48%|####7     | 364M/760M [02:09<02:05, 3.16MB/s] 48%|####7     | 364M/760M [02:09<02:10, 3.04MB/s] 48%|####7     | 364M/760M [02:09<02:16, 2.90MB/s] 48%|####7     | 365M/760M [02:09<02:05, 3.16MB/s] 48%|####8     | 365M/760M [02:09<02:18, 2.85MB/s] 48%|####8     | 365M/760M [02:09<02:14, 2.94MB/s] 48%|####8     | 366M/760M [02:09<02:06, 3.11MB/s] 48%|####8     | 366M/760M [02:10<02:09, 3.03MB/s] 48%|####8     | 367M/760M [02:10<02:10, 3.01MB/s] 48%|####8     | 367M/760M [02:10<02:12, 2.96MB/s] 48%|####8     | 367M/760M [02:10<02:08, 3.05MB/s] 48%|####8     | 368M/760M [02:10<02:12, 2.96MB/s] 48%|####8     | 368M/760M [02:10<02:06, 3.11MB/s] 48%|####8     | 368M/760M [02:10<02:02, 3.20MB/s] 48%|####8     | 369M/760M [02:10<02:09, 3.02MB/s] 49%|####8     | 369M/760M [02:11<02:13, 2.93MB/s] 49%|####8     | 369M/760M [02:11<02:05, 3.11MB/s] 49%|####8     | 370M/760M [02:11<02:02, 3.19MB/s] 49%|####8     | 370M/760M [02:11<02:19, 2.81MB/s] 49%|####8     | 370M/760M [02:11<02:10, 2.98MB/s] 49%|####8     | 371M/760M [02:11<02:03, 3.14MB/s] 49%|####8     | 371M/760M [02:11<02:12, 2.94MB/s] 49%|####8     | 371M/760M [02:11<02:11, 2.96MB/s] 49%|####8     | 372M/760M [02:12<02:16, 2.84MB/s] 49%|####8     | 372M/760M [02:12<02:05, 3.09MB/s] 49%|####9     | 373M/760M [02:12<02:05, 3.10MB/s] 49%|####9     | 373M/760M [02:12<02:07, 3.04MB/s] 49%|####9     | 373M/760M [02:12<02:10, 2.97MB/s] 49%|####9     | 374M/760M [02:12<02:09, 2.99MB/s] 49%|####9     | 374M/760M [02:12<02:07, 3.04MB/s] 49%|####9     | 374M/760M [02:12<02:00, 3.19MB/s] 49%|####9     | 375M/760M [02:12<02:07, 3.01MB/s] 49%|####9     | 375M/760M [02:13<02:02, 3.16MB/s] 49%|####9     | 375M/760M [02:13<02:05, 3.06MB/s] 49%|####9     | 376M/760M [02:13<02:07, 3.02MB/s] 49%|####9     | 376M/760M [02:13<02:05, 3.07MB/s] 50%|####9     | 376M/760M [02:13<01:58, 3.24MB/s] 50%|####9     | 377M/760M [02:13<02:01, 3.15MB/s] 50%|####9     | 377M/760M [02:13<02:04, 3.07MB/s] 50%|####9     | 377M/760M [02:13<01:58, 3.23MB/s] 50%|####9     | 378M/760M [02:13<01:59, 3.21MB/s] 50%|####9     | 378M/760M [02:14<02:03, 3.09MB/s] 50%|####9     | 379M/760M [02:14<01:58, 3.23MB/s] 50%|####9     | 379M/760M [02:14<01:54, 3.32MB/s] 50%|####9     | 379M/760M [02:14<01:58, 3.23MB/s] 50%|####9     | 380M/760M [02:14<01:58, 3.22MB/s] 50%|####9     | 380M/760M [02:14<01:51, 3.41MB/s] 50%|#####     | 380M/760M [02:14<01:47, 3.52MB/s] 50%|#####     | 381M/760M [02:14<01:51, 3.39MB/s] 50%|#####     | 381M/760M [02:14<01:53, 3.34MB/s] 50%|#####     | 382M/760M [02:15<01:52, 3.36MB/s] 50%|#####     | 382M/760M [02:15<01:53, 3.33MB/s] 50%|#####     | 382M/760M [02:15<01:43, 3.65MB/s] 50%|#####     | 383M/760M [02:15<01:46, 3.56MB/s] 50%|#####     | 383M/760M [02:15<01:50, 3.41MB/s] 50%|#####     | 384M/760M [02:15<01:44, 3.61MB/s] 51%|#####     | 384M/760M [02:15<01:43, 3.64MB/s] 51%|#####     | 384M/760M [02:15<01:37, 3.86MB/s] 51%|#####     | 385M/760M [02:15<01:42, 3.65MB/s] 51%|#####     | 385M/760M [02:16<01:39, 3.76MB/s] 51%|#####     | 386M/760M [02:16<01:38, 3.79MB/s] 51%|#####     | 386M/760M [02:16<01:35, 3.91MB/s] 51%|#####     | 387M/760M [02:16<01:34, 3.95MB/s] 51%|#####     | 387M/760M [02:16<01:32, 4.02MB/s] 51%|#####     | 388M/760M [02:16<01:32, 4.02MB/s] 51%|#####1    | 388M/760M [02:16<01:32, 4.02MB/s] 51%|#####1    | 388M/760M [02:16<01:29, 4.15MB/s] 51%|#####1    | 389M/760M [02:16<01:35, 3.90MB/s] 51%|#####1    | 389M/760M [02:17<01:39, 3.73MB/s] 51%|#####1    | 390M/760M [02:17<01:38, 3.75MB/s] 51%|#####1    | 390M/760M [02:17<02:18, 2.67MB/s] 51%|#####1    | 391M/760M [02:17<01:50, 3.35MB/s] 51%|#####1    | 391M/760M [02:17<01:49, 3.38MB/s] 51%|#####1    | 392M/760M [02:17<01:58, 3.12MB/s] 52%|#####1    | 392M/760M [02:17<02:03, 2.98MB/s] 52%|#####1    | 392M/760M [02:18<02:04, 2.97MB/s] 52%|#####1    | 393M/760M [02:18<01:47, 3.42MB/s] 52%|#####1    | 393M/760M [02:18<01:53, 3.22MB/s] 52%|#####1    | 394M/760M [02:18<01:51, 3.29MB/s] 52%|#####1    | 394M/760M [02:18<01:46, 3.45MB/s] 52%|#####1    | 394M/760M [02:18<02:09, 2.84MB/s] 52%|#####1    | 395M/760M [02:18<02:04, 2.94MB/s] 52%|#####1    | 395M/760M [02:18<02:20, 2.59MB/s] 52%|#####1    | 395M/760M [02:19<02:37, 2.31MB/s] 52%|#####2    | 396M/760M [02:19<02:35, 2.34MB/s] 52%|#####2    | 396M/760M [02:19<02:48, 2.16MB/s] 52%|#####2    | 396M/760M [02:19<02:42, 2.24MB/s] 52%|#####2    | 396M/760M [02:19<02:37, 2.31MB/s] 52%|#####2    | 397M/760M [02:19<02:51, 2.12MB/s] 52%|#####2    | 397M/760M [02:19<02:38, 2.29MB/s] 52%|#####2    | 397M/760M [02:20<02:50, 2.13MB/s] 52%|#####2    | 397M/760M [02:20<02:42, 2.23MB/s] 52%|#####2    | 398M/760M [02:20<02:30, 2.41MB/s] 52%|#####2    | 398M/760M [02:20<02:45, 2.18MB/s] 52%|#####2    | 398M/760M [02:20<02:33, 2.36MB/s] 52%|#####2    | 399M/760M [02:20<02:40, 2.26MB/s] 52%|#####2    | 399M/760M [02:20<02:34, 2.34MB/s] 52%|#####2    | 399M/760M [02:20<02:24, 2.49MB/s] 53%|#####2    | 399M/760M [02:20<02:34, 2.33MB/s] 53%|#####2    | 400M/760M [02:21<02:33, 2.35MB/s] 53%|#####2    | 400M/760M [02:21<02:29, 2.41MB/s] 53%|#####2    | 400M/760M [02:21<02:25, 2.47MB/s] 53%|#####2    | 400M/760M [02:21<02:32, 2.36MB/s] 53%|#####2    | 401M/760M [02:21<02:26, 2.46MB/s] 53%|#####2    | 401M/760M [02:21<02:22, 2.52MB/s] 53%|#####2    | 401M/760M [02:21<02:35, 2.31MB/s] 53%|#####2    | 402M/760M [02:21<02:21, 2.54MB/s] 53%|#####2    | 402M/760M [02:21<02:26, 2.45MB/s] 53%|#####2    | 402M/760M [02:22<02:30, 2.37MB/s] 53%|#####2    | 403M/760M [02:22<02:19, 2.57MB/s] 53%|#####2    | 403M/760M [02:22<02:26, 2.44MB/s] 53%|#####3    | 403M/760M [02:22<02:30, 2.37MB/s] 53%|#####3    | 403M/760M [02:22<02:15, 2.63MB/s] 53%|#####3    | 404M/760M [02:22<02:31, 2.35MB/s] 53%|#####3    | 404M/760M [02:22<02:27, 2.42MB/s] 53%|#####3    | 404M/760M [02:22<02:19, 2.55MB/s] 53%|#####3    | 405M/760M [02:23<02:33, 2.32MB/s] 53%|#####3    | 405M/760M [02:23<02:29, 2.37MB/s] 53%|#####3    | 405M/760M [02:23<02:26, 2.43MB/s] 53%|#####3    | 405M/760M [02:23<02:17, 2.57MB/s] 53%|#####3    | 406M/760M [02:23<02:27, 2.40MB/s] 53%|#####3    | 406M/760M [02:23<02:26, 2.42MB/s] 53%|#####3    | 406M/760M [02:23<02:23, 2.46MB/s] 53%|#####3    | 407M/760M [02:23<02:23, 2.47MB/s] 54%|#####3    | 407M/760M [02:23<02:25, 2.43MB/s] 54%|#####3    | 407M/760M [02:24<02:24, 2.45MB/s] 54%|#####3    | 407M/760M [02:24<02:19, 2.53MB/s] 54%|#####3    | 408M/760M [02:24<02:19, 2.53MB/s] 54%|#####3    | 408M/760M [02:24<02:23, 2.46MB/s] 54%|#####3    | 408M/760M [02:24<02:14, 2.62MB/s] 54%|#####3    | 409M/760M [02:24<02:12, 2.66MB/s] 54%|#####3    | 409M/760M [02:24<02:22, 2.46MB/s] 54%|#####3    | 409M/760M [02:24<02:11, 2.67MB/s] 54%|#####3    | 410M/760M [02:25<02:11, 2.66MB/s] 54%|#####3    | 410M/760M [02:25<02:21, 2.47MB/s] 54%|#####3    | 410M/760M [02:25<02:11, 2.65MB/s] 54%|#####3    | 410M/760M [02:25<02:20, 2.49MB/s] 54%|#####4    | 411M/760M [02:25<02:11, 2.67MB/s] 54%|#####4    | 411M/760M [02:25<02:10, 2.67MB/s] 54%|#####4    | 411M/760M [02:25<02:17, 2.53MB/s] 54%|#####4    | 412M/760M [02:25<02:14, 2.60MB/s] 54%|#####4    | 412M/760M [02:25<02:06, 2.76MB/s] 54%|#####4    | 412M/760M [02:26<02:13, 2.60MB/s] 54%|#####4    | 413M/760M [02:26<02:12, 2.63MB/s] 54%|#####4    | 413M/760M [02:26<02:04, 2.80MB/s] 54%|#####4    | 413M/760M [02:26<02:09, 2.67MB/s] 54%|#####4    | 414M/760M [02:26<02:09, 2.68MB/s] 54%|#####4    | 414M/760M [02:26<02:10, 2.66MB/s] 54%|#####4    | 414M/760M [02:26<02:04, 2.78MB/s] 55%|#####4    | 415M/760M [02:26<02:05, 2.75MB/s] 55%|#####4    | 415M/760M [02:27<02:05, 2.76MB/s] 55%|#####4    | 415M/760M [02:27<01:59, 2.89MB/s] 55%|#####4    | 415M/760M [02:27<01:58, 2.91MB/s] 55%|#####4    | 416M/760M [02:27<02:03, 2.79MB/s] 55%|#####4    | 416M/760M [02:27<02:00, 2.86MB/s] 55%|#####4    | 416M/760M [02:27<01:56, 2.96MB/s] 55%|#####4    | 417M/760M [02:27<01:54, 2.99MB/s] 55%|#####4    | 417M/760M [02:27<01:50, 3.12MB/s] 55%|#####4    | 418M/760M [02:27<01:51, 3.06MB/s] 55%|#####4    | 418M/760M [02:28<01:49, 3.14MB/s] 55%|#####5    | 418M/760M [02:28<01:46, 3.22MB/s] 55%|#####5    | 419M/760M [02:28<01:42, 3.32MB/s] 55%|#####5    | 419M/760M [02:28<01:43, 3.29MB/s] 55%|#####5    | 419M/760M [02:28<01:43, 3.30MB/s] 55%|#####5    | 420M/760M [02:28<01:37, 3.48MB/s] 55%|#####5    | 420M/760M [02:28<01:37, 3.47MB/s] 55%|#####5    | 420M/760M [02:28<01:37, 3.47MB/s] 55%|#####5    | 421M/760M [02:28<01:37, 3.48MB/s] 55%|#####5    | 421M/760M [02:28<01:32, 3.66MB/s] 55%|#####5    | 422M/760M [02:29<01:31, 3.68MB/s] 56%|#####5    | 422M/760M [02:29<01:32, 3.64MB/s] 56%|#####5    | 423M/760M [02:29<01:27, 3.86MB/s] 56%|#####5    | 423M/760M [02:29<01:29, 3.76MB/s] 56%|#####5    | 423M/760M [02:29<01:22, 4.08MB/s] 56%|#####5    | 424M/760M [02:29<01:29, 3.78MB/s] 56%|#####5    | 424M/760M [02:29<01:25, 3.91MB/s] 56%|#####5    | 425M/760M [02:29<01:25, 3.92MB/s] 56%|#####5    | 425M/760M [02:29<01:20, 4.18MB/s] 56%|#####5    | 426M/760M [02:30<01:15, 4.45MB/s] 56%|#####6    | 426M/760M [02:30<01:16, 4.38MB/s] 56%|#####6    | 427M/760M [02:30<01:15, 4.44MB/s] 56%|#####6    | 427M/760M [02:30<01:15, 4.40MB/s] 56%|#####6    | 428M/760M [02:30<01:14, 4.45MB/s] 56%|#####6    | 428M/760M [02:30<01:10, 4.73MB/s] 56%|#####6    | 429M/760M [02:30<01:06, 4.97MB/s] 56%|#####6    | 429M/760M [02:30<01:05, 5.02MB/s] 57%|#####6    | 430M/760M [02:31<01:31, 3.63MB/s] 57%|#####6    | 431M/760M [02:31<01:07, 4.85MB/s] 57%|#####6    | 431M/760M [02:31<01:12, 4.53MB/s] 57%|#####6    | 432M/760M [02:31<01:16, 4.27MB/s] 57%|#####6    | 432M/760M [02:31<01:15, 4.32MB/s] 57%|#####6    | 433M/760M [02:31<01:14, 4.41MB/s] 57%|#####6    | 433M/760M [02:31<01:16, 4.25MB/s] 57%|#####7    | 434M/760M [02:31<01:18, 4.17MB/s] 57%|#####7    | 434M/760M [02:31<01:17, 4.23MB/s] 57%|#####7    | 435M/760M [02:32<01:51, 2.93MB/s] 57%|#####7    | 435M/760M [02:32<02:05, 2.58MB/s] 57%|#####7    | 436M/760M [02:32<01:44, 3.11MB/s] 57%|#####7    | 436M/760M [02:32<01:55, 2.81MB/s] 57%|#####7    | 437M/760M [02:33<02:06, 2.57MB/s] 57%|#####7    | 437M/760M [02:33<02:06, 2.56MB/s] 58%|#####7    | 437M/760M [02:33<02:08, 2.51MB/s] 58%|#####7    | 438M/760M [02:33<02:03, 2.61MB/s] 58%|#####7    | 438M/760M [02:33<02:04, 2.59MB/s] 58%|#####7    | 438M/760M [02:33<02:10, 2.48MB/s] 58%|#####7    | 439M/760M [02:33<02:04, 2.57MB/s] 58%|#####7    | 439M/760M [02:33<02:06, 2.55MB/s] 58%|#####7    | 439M/760M [02:33<02:04, 2.59MB/s] 58%|#####7    | 439M/760M [02:34<01:57, 2.72MB/s] 58%|#####7    | 440M/760M [02:34<01:55, 2.78MB/s] 58%|#####7    | 440M/760M [02:34<02:00, 2.66MB/s] 58%|#####7    | 440M/760M [02:34<01:57, 2.73MB/s] 58%|#####7    | 441M/760M [02:34<01:58, 2.71MB/s] 58%|#####7    | 441M/760M [02:34<01:58, 2.69MB/s] 58%|#####8    | 441M/760M [02:34<01:55, 2.77MB/s] 58%|#####8    | 442M/760M [02:34<01:53, 2.80MB/s] 58%|#####8    | 442M/760M [02:34<01:55, 2.77MB/s] 58%|#####8    | 442M/760M [02:35<01:53, 2.79MB/s] 58%|#####8    | 442M/760M [02:35<01:55, 2.76MB/s] 58%|#####8    | 443M/760M [02:35<01:54, 2.76MB/s] 58%|#####8    | 443M/760M [02:35<01:55, 2.76MB/s] 58%|#####8    | 443M/760M [02:35<01:50, 2.87MB/s] 58%|#####8    | 444M/760M [02:35<01:49, 2.89MB/s] 58%|#####8    | 444M/760M [02:35<01:52, 2.82MB/s] 58%|#####8    | 444M/760M [02:35<01:53, 2.79MB/s] 58%|#####8    | 445M/760M [02:35<01:51, 2.82MB/s] 59%|#####8    | 445M/760M [02:36<01:46, 2.95MB/s] 59%|#####8    | 445M/760M [02:36<01:51, 2.83MB/s] 59%|#####8    | 446M/760M [02:36<02:06, 2.49MB/s] 59%|#####8    | 446M/760M [02:36<01:50, 2.85MB/s] 59%|#####8    | 446M/760M [02:36<01:47, 2.93MB/s] 59%|#####8    | 447M/760M [02:36<02:03, 2.54MB/s] 59%|#####8    | 447M/760M [02:36<01:55, 2.70MB/s] 59%|#####8    | 447M/760M [02:36<01:56, 2.69MB/s] 59%|#####8    | 448M/760M [02:37<01:58, 2.65MB/s] 59%|#####8    | 448M/760M [02:37<01:51, 2.81MB/s] 59%|#####8    | 448M/760M [02:37<01:47, 2.91MB/s] 59%|#####9    | 449M/760M [02:37<01:55, 2.70MB/s] 59%|#####9    | 449M/760M [02:37<01:55, 2.70MB/s] 59%|#####9    | 449M/760M [02:37<01:46, 2.91MB/s] 59%|#####9    | 450M/760M [02:37<01:49, 2.83MB/s] 59%|#####9    | 450M/760M [02:37<01:52, 2.76MB/s] 59%|#####9    | 450M/760M [02:37<01:52, 2.74MB/s] 59%|#####9    | 451M/760M [02:38<01:46, 2.91MB/s] 59%|#####9    | 451M/760M [02:38<01:49, 2.82MB/s] 59%|#####9    | 451M/760M [02:38<01:51, 2.77MB/s] 59%|#####9    | 451M/760M [02:38<01:48, 2.86MB/s] 59%|#####9    | 452M/760M [02:38<01:44, 2.96MB/s] 59%|#####9    | 452M/760M [02:38<01:48, 2.84MB/s] 60%|#####9    | 452M/760M [02:38<01:47, 2.85MB/s] 60%|#####9    | 453M/760M [02:38<01:49, 2.82MB/s] 60%|#####9    | 453M/760M [02:38<01:41, 3.02MB/s] 60%|#####9    | 453M/760M [02:39<01:45, 2.92MB/s] 60%|#####9    | 454M/760M [02:39<01:45, 2.91MB/s] 60%|#####9    | 454M/760M [02:39<01:48, 2.82MB/s] 60%|#####9    | 454M/760M [02:39<01:41, 3.02MB/s] 60%|#####9    | 455M/760M [02:39<02:05, 2.43MB/s] 60%|#####9    | 455M/760M [02:39<02:04, 2.44MB/s] 60%|#####9    | 455M/760M [02:39<02:03, 2.48MB/s] 60%|#####9    | 456M/760M [02:40<02:14, 2.26MB/s] 60%|#####9    | 456M/760M [02:40<02:07, 2.39MB/s] 60%|######    | 456M/760M [02:40<02:18, 2.20MB/s] 60%|######    | 457M/760M [02:40<02:06, 2.40MB/s] 60%|######    | 457M/760M [02:40<02:11, 2.31MB/s] 60%|######    | 457M/760M [02:40<02:04, 2.44MB/s] 60%|######    | 457M/760M [02:40<02:02, 2.47MB/s] 60%|######    | 458M/760M [02:40<02:05, 2.40MB/s] 60%|######    | 458M/760M [02:40<02:00, 2.50MB/s] 60%|######    | 458M/760M [02:41<01:55, 2.62MB/s] 60%|######    | 459M/760M [02:41<01:57, 2.56MB/s] 60%|######    | 459M/760M [02:41<01:53, 2.65MB/s] 60%|######    | 459M/760M [02:41<01:48, 2.79MB/s] 60%|######    | 460M/760M [02:41<01:46, 2.81MB/s] 60%|######    | 460M/760M [02:41<01:53, 2.66MB/s] 61%|######    | 460M/760M [02:41<01:50, 2.70MB/s] 61%|######    | 461M/760M [02:41<01:44, 2.88MB/s] 61%|######    | 461M/760M [02:41<01:48, 2.76MB/s] 61%|######    | 461M/760M [02:42<01:47, 2.79MB/s] 61%|######    | 461M/760M [02:42<01:48, 2.75MB/s] 61%|######    | 462M/760M [02:42<01:43, 2.90MB/s] 61%|######    | 462M/760M [02:42<01:44, 2.86MB/s] 61%|######    | 462M/760M [02:42<01:45, 2.82MB/s] 61%|######    | 463M/760M [02:42<01:39, 3.00MB/s] 61%|######    | 463M/760M [02:42<01:41, 2.93MB/s] 61%|######    | 463M/760M [02:42<01:43, 2.88MB/s] 61%|######    | 464M/760M [02:42<01:43, 2.85MB/s] 61%|######1   | 464M/760M [02:43<01:41, 2.93MB/s] 61%|######1   | 464M/760M [02:43<01:34, 3.11MB/s] 61%|######1   | 465M/760M [02:43<01:41, 2.90MB/s] 61%|######1   | 465M/760M [02:43<01:39, 2.97MB/s] 61%|######1   | 465M/760M [02:43<01:36, 3.05MB/s] 61%|######1   | 466M/760M [02:43<01:35, 3.07MB/s] 61%|######1   | 466M/760M [02:43<01:39, 2.96MB/s] 61%|######1   | 466M/760M [02:43<01:40, 2.93MB/s] 61%|######1   | 467M/760M [02:43<01:36, 3.03MB/s] 61%|######1   | 467M/760M [02:44<01:37, 3.02MB/s] 61%|######1   | 467M/760M [02:44<01:41, 2.88MB/s] 62%|######1   | 468M/760M [02:44<01:38, 2.97MB/s] 62%|######1   | 468M/760M [02:44<01:36, 3.04MB/s] 62%|######1   | 468M/760M [02:44<01:34, 3.09MB/s] 62%|######1   | 469M/760M [02:44<01:38, 2.96MB/s] 62%|######1   | 469M/760M [02:44<01:36, 3.00MB/s] 62%|######1   | 469M/760M [02:44<01:36, 3.03MB/s] 62%|######1   | 470M/760M [02:44<01:36, 3.00MB/s] 62%|######1   | 470M/760M [02:45<01:36, 3.00MB/s] 62%|######1   | 470M/760M [02:45<01:35, 3.04MB/s] 62%|######1   | 471M/760M [02:45<01:34, 3.07MB/s] 62%|######1   | 471M/760M [02:45<01:36, 2.98MB/s] 62%|######1   | 471M/760M [02:45<01:35, 3.03MB/s] 62%|######2   | 472M/760M [02:45<01:35, 3.03MB/s] 62%|######2   | 472M/760M [02:45<01:33, 3.09MB/s] 62%|######2   | 472M/760M [02:45<01:40, 2.87MB/s] 62%|######2   | 473M/760M [02:45<01:35, 3.02MB/s] 62%|######2   | 473M/760M [02:46<01:34, 3.03MB/s] 62%|######2   | 473M/760M [02:46<01:38, 2.92MB/s] 62%|######2   | 474M/760M [02:46<01:34, 3.02MB/s] 62%|######2   | 474M/760M [02:46<01:32, 3.08MB/s] 62%|######2   | 474M/760M [02:46<01:35, 2.99MB/s] 62%|######2   | 475M/760M [02:46<01:37, 2.91MB/s] 62%|######2   | 475M/760M [02:46<01:34, 3.01MB/s] 63%|######2   | 475M/760M [02:46<01:30, 3.16MB/s] 63%|######2   | 476M/760M [02:46<01:36, 2.94MB/s] 63%|######2   | 476M/760M [02:47<01:33, 3.02MB/s] 63%|######2   | 476M/760M [02:47<01:34, 3.00MB/s] 63%|######2   | 477M/760M [02:47<01:32, 3.07MB/s] 63%|######2   | 477M/760M [02:47<01:32, 3.05MB/s] 63%|######2   | 477M/760M [02:47<01:31, 3.08MB/s] 63%|######2   | 478M/760M [02:47<01:29, 3.16MB/s] 63%|######2   | 478M/760M [02:47<01:32, 3.06MB/s] 63%|######2   | 479M/760M [02:47<01:34, 2.99MB/s] 63%|######3   | 479M/760M [02:48<01:29, 3.14MB/s] 63%|######3   | 479M/760M [02:48<01:28, 3.17MB/s] 63%|######3   | 480M/760M [02:48<01:30, 3.10MB/s] 63%|######3   | 480M/760M [02:48<01:30, 3.09MB/s] 63%|######3   | 480M/760M [02:48<01:22, 3.40MB/s] 63%|######3   | 481M/760M [02:48<01:24, 3.31MB/s] 63%|######3   | 481M/760M [02:48<01:28, 3.17MB/s] 63%|######3   | 482M/760M [02:48<01:25, 3.26MB/s] 63%|######3   | 482M/760M [02:48<01:22, 3.39MB/s] 63%|######3   | 482M/760M [02:49<01:23, 3.35MB/s] 63%|######3   | 483M/760M [02:49<01:23, 3.32MB/s] 64%|######3   | 483M/760M [02:49<01:23, 3.31MB/s] 64%|######3   | 483M/760M [02:49<01:17, 3.56MB/s] 64%|######3   | 484M/760M [02:49<01:16, 3.63MB/s] 64%|######3   | 484M/760M [02:49<01:20, 3.41MB/s] 64%|######3   | 485M/760M [02:49<01:31, 3.01MB/s] 64%|######3   | 485M/760M [02:49<01:19, 3.45MB/s] 64%|######3   | 486M/760M [02:50<01:23, 3.27MB/s] 64%|######3   | 486M/760M [02:50<01:22, 3.33MB/s] 64%|######3   | 486M/760M [02:50<01:30, 3.04MB/s] 64%|######4   | 487M/760M [02:50<01:26, 3.17MB/s] 64%|######4   | 487M/760M [02:50<01:24, 3.24MB/s] 64%|######4   | 487M/760M [02:50<01:34, 2.87MB/s] 64%|######4   | 488M/760M [02:50<01:26, 3.13MB/s] 64%|######4   | 488M/760M [02:50<01:36, 2.83MB/s] 64%|######4   | 488M/760M [02:51<01:34, 2.88MB/s] 64%|######4   | 489M/760M [02:51<01:28, 3.06MB/s] 64%|######4   | 489M/760M [02:51<01:30, 3.00MB/s] 64%|######4   | 490M/760M [02:51<01:26, 3.12MB/s] 64%|######4   | 490M/760M [02:51<01:23, 3.25MB/s] 64%|######4   | 490M/760M [02:51<01:23, 3.22MB/s] 65%|######4   | 491M/760M [02:51<01:22, 3.28MB/s] 65%|######4   | 491M/760M [02:51<01:20, 3.34MB/s] 65%|######4   | 491M/760M [02:51<01:20, 3.35MB/s] 65%|######4   | 492M/760M [02:51<01:18, 3.42MB/s] 65%|######4   | 492M/760M [02:52<01:16, 3.49MB/s] 65%|######4   | 493M/760M [02:52<01:14, 3.59MB/s] 65%|######4   | 493M/760M [02:52<01:14, 3.59MB/s] 65%|######4   | 493M/760M [02:52<01:13, 3.65MB/s] 65%|######4   | 494M/760M [02:52<01:12, 3.68MB/s] 65%|######5   | 494M/760M [02:52<01:11, 3.72MB/s] 65%|######5   | 495M/760M [02:52<01:09, 3.83MB/s] 65%|######5   | 495M/760M [02:52<01:12, 3.68MB/s] 65%|######5   | 495M/760M [02:52<01:12, 3.64MB/s] 65%|######5   | 496M/760M [02:53<01:10, 3.76MB/s] 65%|######5   | 496M/760M [02:53<01:08, 3.83MB/s] 65%|######5   | 497M/760M [02:53<01:09, 3.80MB/s] 65%|######5   | 497M/760M [02:53<01:10, 3.75MB/s] 65%|######5   | 498M/760M [02:53<01:06, 3.97MB/s] 66%|######5   | 498M/760M [02:53<01:08, 3.81MB/s] 66%|######5   | 498M/760M [02:53<01:07, 3.88MB/s] 66%|######5   | 499M/760M [02:53<01:08, 3.79MB/s] 66%|######5   | 499M/760M [02:53<01:03, 4.11MB/s] 66%|######5   | 500M/760M [02:54<01:06, 3.89MB/s] 66%|######5   | 500M/760M [02:54<01:07, 3.86MB/s] 66%|######5   | 501M/760M [02:54<01:10, 3.71MB/s] 66%|######5   | 501M/760M [02:54<01:06, 3.89MB/s] 66%|######5   | 501M/760M [02:54<01:05, 3.97MB/s] 66%|######6   | 502M/760M [02:54<01:04, 4.02MB/s] 66%|######6   | 502M/760M [02:54<01:07, 3.82MB/s] 66%|######6   | 503M/760M [02:54<01:06, 3.85MB/s] 66%|######6   | 503M/760M [02:54<01:05, 3.90MB/s] 66%|######6   | 504M/760M [02:55<01:04, 3.95MB/s] 66%|######6   | 504M/760M [02:55<01:05, 3.93MB/s] 66%|######6   | 504M/760M [02:55<01:05, 3.90MB/s] 66%|######6   | 505M/760M [02:55<01:04, 3.93MB/s] 66%|######6   | 505M/760M [02:55<01:03, 4.04MB/s] 67%|######6   | 506M/760M [02:55<01:03, 4.00MB/s] 67%|######6   | 506M/760M [02:55<01:03, 3.99MB/s] 67%|######6   | 507M/760M [02:55<01:04, 3.95MB/s] 67%|######6   | 507M/760M [02:55<01:09, 3.63MB/s] 67%|######6   | 508M/760M [02:56<01:07, 3.76MB/s] 67%|######6   | 508M/760M [02:56<01:05, 3.87MB/s] 67%|######6   | 508M/760M [02:56<01:01, 4.09MB/s] 67%|######6   | 509M/760M [02:56<01:06, 3.77MB/s] 67%|######6   | 509M/760M [02:56<01:08, 3.64MB/s] 67%|######7   | 510M/760M [02:56<01:07, 3.70MB/s] 67%|######7   | 510M/760M [02:56<01:02, 3.97MB/s] 67%|######7   | 511M/760M [02:56<01:05, 3.82MB/s] 67%|######7   | 511M/760M [02:56<01:05, 3.78MB/s] 67%|######7   | 511M/760M [02:57<01:03, 3.89MB/s] 67%|######7   | 512M/760M [02:57<01:02, 3.97MB/s] 67%|######7   | 512M/760M [02:57<01:01, 4.05MB/s] 67%|######7   | 513M/760M [02:57<01:01, 4.01MB/s] 68%|######7   | 513M/760M [02:57<01:04, 3.86MB/s] 68%|######7   | 514M/760M [02:57<01:02, 3.92MB/s] 68%|######7   | 514M/760M [02:57<01:01, 3.98MB/s] 68%|######7   | 515M/760M [02:57<01:03, 3.84MB/s] 68%|######7   | 515M/760M [02:57<01:04, 3.78MB/s] 68%|######7   | 515M/760M [02:58<01:02, 3.91MB/s] 68%|######7   | 516M/760M [02:58<00:58, 4.21MB/s] 68%|######7   | 516M/760M [02:58<01:03, 3.83MB/s] 68%|######7   | 517M/760M [02:58<01:01, 3.93MB/s] 68%|######8   | 517M/760M [02:58<00:59, 4.06MB/s] 68%|######8   | 518M/760M [02:58<01:00, 3.98MB/s] 68%|######8   | 518M/760M [02:58<01:03, 3.80MB/s] 68%|######8   | 519M/760M [02:58<01:02, 3.89MB/s] 68%|######8   | 519M/760M [02:59<01:05, 3.69MB/s] 68%|######8   | 520M/760M [02:59<01:26, 2.77MB/s] 68%|######8   | 520M/760M [02:59<01:27, 2.75MB/s] 68%|######8   | 520M/760M [02:59<01:16, 3.12MB/s] 69%|######8   | 521M/760M [02:59<01:27, 2.75MB/s] 69%|######8   | 521M/760M [02:59<01:21, 2.92MB/s] 69%|######8   | 522M/760M [02:59<01:20, 2.98MB/s] 69%|######8   | 522M/760M [03:00<01:18, 3.03MB/s] 69%|######8   | 522M/760M [03:00<01:21, 2.91MB/s] 69%|######8   | 523M/760M [03:00<01:19, 3.01MB/s] 69%|######8   | 523M/760M [03:00<01:17, 3.05MB/s] 69%|######8   | 523M/760M [03:00<01:17, 3.06MB/s] 69%|######8   | 524M/760M [03:00<01:14, 3.16MB/s] 69%|######8   | 524M/760M [03:00<01:11, 3.30MB/s] 69%|######8   | 525M/760M [03:00<01:18, 3.01MB/s] 69%|######9   | 525M/760M [03:01<01:13, 3.22MB/s] 69%|######9   | 525M/760M [03:01<01:25, 2.75MB/s] 69%|######9   | 526M/760M [03:01<01:28, 2.66MB/s] 69%|######9   | 526M/760M [03:01<01:26, 2.72MB/s] 69%|######9   | 526M/760M [03:01<01:27, 2.67MB/s] 69%|######9   | 527M/760M [03:01<01:27, 2.66MB/s] 69%|######9   | 527M/760M [03:01<01:23, 2.78MB/s] 69%|######9   | 527M/760M [03:02<01:22, 2.84MB/s] 69%|######9   | 528M/760M [03:02<01:27, 2.66MB/s] 69%|######9   | 528M/760M [03:02<01:28, 2.63MB/s] 69%|######9   | 528M/760M [03:02<01:23, 2.77MB/s] 70%|######9   | 529M/760M [03:02<01:20, 2.89MB/s] 70%|######9   | 529M/760M [03:02<01:20, 2.88MB/s] 70%|######9   | 529M/760M [03:02<01:20, 2.86MB/s] 70%|######9   | 530M/760M [03:02<01:15, 3.04MB/s] 70%|######9   | 530M/760M [03:02<01:17, 2.99MB/s] 70%|######9   | 530M/760M [03:03<01:16, 2.99MB/s] 70%|######9   | 531M/760M [03:03<01:15, 3.06MB/s] 70%|######9   | 531M/760M [03:03<01:16, 2.98MB/s] 70%|######9   | 531M/760M [03:03<01:16, 3.00MB/s] 70%|######9   | 532M/760M [03:03<01:14, 3.08MB/s] 70%|######9   | 532M/760M [03:03<01:13, 3.12MB/s] 70%|#######   | 532M/760M [03:03<01:12, 3.13MB/s] 70%|#######   | 533M/760M [03:03<01:11, 3.16MB/s] 70%|#######   | 533M/760M [03:03<01:11, 3.18MB/s] 70%|#######   | 533M/760M [03:03<01:08, 3.31MB/s] 70%|#######   | 534M/760M [03:04<01:12, 3.12MB/s] 70%|#######   | 534M/760M [03:04<01:12, 3.13MB/s] 70%|#######   | 534M/760M [03:04<01:09, 3.25MB/s] 70%|#######   | 535M/760M [03:04<01:10, 3.18MB/s] 70%|#######   | 535M/760M [03:04<01:10, 3.19MB/s] 70%|#######   | 535M/760M [03:04<01:11, 3.16MB/s] 70%|#######   | 536M/760M [03:04<01:09, 3.22MB/s] 71%|#######   | 536M/760M [03:04<01:09, 3.21MB/s] 71%|#######   | 537M/760M [03:04<01:09, 3.22MB/s] 71%|#######   | 537M/760M [03:05<01:10, 3.16MB/s] 71%|#######   | 537M/760M [03:05<01:10, 3.15MB/s] 71%|#######   | 538M/760M [03:05<01:16, 2.92MB/s] 71%|#######   | 538M/760M [03:05<01:08, 3.25MB/s] 71%|#######   | 538M/760M [03:05<01:08, 3.26MB/s] 71%|#######   | 539M/760M [03:05<01:15, 2.93MB/s] 71%|#######   | 539M/760M [03:05<01:09, 3.16MB/s] 71%|#######   | 539M/760M [03:05<01:06, 3.34MB/s] 71%|#######1  | 540M/760M [03:06<01:12, 3.03MB/s] 71%|#######1  | 540M/760M [03:06<01:09, 3.17MB/s] 71%|#######1  | 541M/760M [03:06<01:07, 3.27MB/s] 71%|#######1  | 541M/760M [03:06<01:14, 2.95MB/s] 71%|#######1  | 541M/760M [03:06<01:10, 3.10MB/s] 71%|#######1  | 542M/760M [03:06<01:10, 3.10MB/s] 71%|#######1  | 542M/760M [03:06<01:11, 3.03MB/s] 71%|#######1  | 542M/760M [03:06<01:11, 3.07MB/s] 71%|#######1  | 543M/760M [03:07<01:23, 2.61MB/s] 71%|#######1  | 543M/760M [03:07<01:20, 2.69MB/s] 71%|#######1  | 543M/760M [03:07<01:18, 2.78MB/s] 72%|#######1  | 544M/760M [03:07<01:21, 2.66MB/s] 72%|#######1  | 544M/760M [03:07<01:15, 2.86MB/s] 72%|#######1  | 544M/760M [03:07<01:20, 2.70MB/s] 72%|#######1  | 545M/760M [03:07<01:14, 2.88MB/s] 72%|#######1  | 545M/760M [03:07<01:10, 3.04MB/s] 72%|#######1  | 545M/760M [03:07<01:15, 2.86MB/s] 72%|#######1  | 546M/760M [03:08<01:10, 3.05MB/s] 72%|#######1  | 546M/760M [03:08<01:11, 2.99MB/s] 72%|#######1  | 546M/760M [03:08<01:10, 3.03MB/s] 72%|#######1  | 547M/760M [03:08<01:12, 2.96MB/s] 72%|#######1  | 547M/760M [03:08<01:09, 3.05MB/s] 72%|#######2  | 548M/760M [03:08<01:07, 3.17MB/s] 72%|#######2  | 548M/760M [03:08<01:09, 3.07MB/s] 72%|#######2  | 548M/760M [03:08<01:09, 3.04MB/s] 72%|#######2  | 549M/760M [03:09<01:06, 3.19MB/s] 72%|#######2  | 549M/760M [03:09<01:09, 3.05MB/s] 72%|#######2  | 549M/760M [03:09<01:11, 2.96MB/s] 72%|#######2  | 550M/760M [03:09<01:11, 2.96MB/s] 72%|#######2  | 550M/760M [03:09<01:12, 2.89MB/s] 72%|#######2  | 550M/760M [03:09<01:17, 2.70MB/s] 72%|#######2  | 551M/760M [03:09<01:14, 2.80MB/s] 72%|#######2  | 551M/760M [03:09<01:09, 3.00MB/s] 73%|#######2  | 552M/760M [03:09<01:05, 3.19MB/s] 73%|#######2  | 552M/760M [03:10<01:00, 3.45MB/s] 73%|#######2  | 552M/760M [03:10<01:04, 3.21MB/s] 73%|#######2  | 553M/760M [03:10<01:04, 3.20MB/s] 73%|#######2  | 553M/760M [03:10<00:57, 3.63MB/s] 73%|#######2  | 554M/760M [03:10<01:06, 3.12MB/s] 73%|#######2  | 554M/760M [03:10<01:18, 2.61MB/s] 73%|#######2  | 554M/760M [03:10<01:20, 2.55MB/s] 73%|#######2  | 555M/760M [03:11<01:10, 2.90MB/s] 73%|#######3  | 555M/760M [03:11<01:17, 2.64MB/s] 73%|#######3  | 555M/760M [03:11<01:16, 2.67MB/s] 73%|#######3  | 556M/760M [03:11<01:12, 2.81MB/s] 73%|#######3  | 556M/760M [03:11<01:09, 2.92MB/s] 73%|#######3  | 556M/760M [03:11<01:06, 3.07MB/s] 73%|#######3  | 557M/760M [03:11<01:16, 2.66MB/s] 73%|#######3  | 557M/760M [03:11<01:11, 2.83MB/s] 73%|#######3  | 557M/760M [03:12<01:09, 2.90MB/s] 73%|#######3  | 558M/760M [03:12<01:07, 2.98MB/s] 73%|#######3  | 558M/760M [03:12<01:06, 3.04MB/s] 73%|#######3  | 558M/760M [03:12<01:05, 3.09MB/s] 74%|#######3  | 559M/760M [03:12<01:00, 3.31MB/s] 74%|#######3  | 559M/760M [03:12<01:16, 2.63MB/s] 74%|#######3  | 560M/760M [03:12<01:16, 2.63MB/s] 74%|#######3  | 560M/760M [03:12<01:15, 2.65MB/s] 74%|#######3  | 560M/760M [03:12<01:14, 2.70MB/s] 74%|#######3  | 560M/760M [03:13<01:16, 2.60MB/s] 74%|#######3  | 561M/760M [03:13<01:17, 2.57MB/s] 74%|#######3  | 561M/760M [03:13<01:13, 2.71MB/s] 74%|#######3  | 561M/760M [03:13<01:13, 2.70MB/s] 74%|#######3  | 562M/760M [03:13<01:18, 2.54MB/s] 74%|#######3  | 562M/760M [03:13<01:09, 2.87MB/s] 74%|#######3  | 562M/760M [03:13<01:08, 2.87MB/s] 74%|#######4  | 563M/760M [03:13<01:15, 2.62MB/s] 74%|#######4  | 563M/760M [03:14<01:15, 2.60MB/s] 74%|#######4  | 563M/760M [03:14<01:14, 2.65MB/s] 74%|#######4  | 564M/760M [03:14<01:09, 2.84MB/s] 74%|#######4  | 564M/760M [03:14<01:14, 2.62MB/s] 74%|#######4  | 564M/760M [03:14<01:12, 2.69MB/s] 74%|#######4  | 565M/760M [03:14<01:03, 3.06MB/s] 74%|#######4  | 565M/760M [03:14<01:10, 2.76MB/s] 74%|#######4  | 565M/760M [03:14<01:07, 2.87MB/s] 74%|#######4  | 566M/760M [03:14<01:03, 3.06MB/s] 74%|#######4  | 566M/760M [03:15<01:06, 2.92MB/s] 75%|#######4  | 566M/760M [03:15<01:06, 2.93MB/s] 75%|#######4  | 567M/760M [03:15<01:04, 3.01MB/s] 75%|#######4  | 567M/760M [03:15<01:02, 3.07MB/s] 75%|#######4  | 567M/760M [03:15<01:04, 3.01MB/s] 75%|#######4  | 568M/760M [03:15<01:05, 2.94MB/s] 75%|#######4  | 568M/760M [03:15<01:02, 3.06MB/s] 75%|#######4  | 568M/760M [03:15<01:02, 3.08MB/s] 75%|#######4  | 569M/760M [03:16<01:06, 2.88MB/s] 75%|#######4  | 569M/760M [03:16<01:04, 2.98MB/s] 75%|#######4  | 569M/760M [03:16<01:02, 3.03MB/s] 75%|#######4  | 570M/760M [03:16<01:02, 3.06MB/s] 75%|#######4  | 570M/760M [03:16<01:02, 3.05MB/s] 75%|#######5  | 570M/760M [03:16<01:01, 3.08MB/s] 75%|#######5  | 571M/760M [03:16<01:01, 3.11MB/s] 75%|#######5  | 571M/760M [03:16<01:01, 3.07MB/s] 75%|#######5  | 571M/760M [03:16<01:02, 3.04MB/s] 75%|#######5  | 572M/760M [03:17<01:01, 3.04MB/s] 75%|#######5  | 572M/760M [03:17<01:01, 3.08MB/s] 75%|#######5  | 572M/760M [03:17<01:06, 2.83MB/s] 75%|#######5  | 573M/760M [03:17<01:02, 2.99MB/s] 75%|#######5  | 573M/760M [03:17<01:01, 3.04MB/s] 75%|#######5  | 573M/760M [03:17<01:06, 2.82MB/s] 75%|#######5  | 574M/760M [03:17<01:02, 2.99MB/s] 76%|#######5  | 574M/760M [03:17<01:02, 2.99MB/s] 76%|#######5  | 574M/760M [03:17<01:01, 3.01MB/s] 76%|#######5  | 575M/760M [03:18<01:02, 2.95MB/s] 76%|#######5  | 575M/760M [03:18<01:01, 3.00MB/s] 76%|#######5  | 576M/760M [03:18<01:01, 3.01MB/s] 76%|#######5  | 576M/760M [03:18<01:02, 2.95MB/s] 76%|#######5  | 576M/760M [03:18<01:01, 3.01MB/s] 76%|#######5  | 577M/760M [03:18<00:59, 3.08MB/s] 76%|#######5  | 577M/760M [03:18<00:59, 3.07MB/s] 76%|#######5  | 577M/760M [03:18<01:00, 3.03MB/s] 76%|#######5  | 578M/760M [03:18<00:59, 3.07MB/s] 76%|#######6  | 578M/760M [03:19<00:58, 3.11MB/s] 76%|#######6  | 578M/760M [03:19<00:57, 3.14MB/s] 76%|#######6  | 579M/760M [03:19<00:59, 3.05MB/s] 76%|#######6  | 579M/760M [03:19<00:57, 3.14MB/s] 76%|#######6  | 579M/760M [03:19<00:57, 3.13MB/s] 76%|#######6  | 580M/760M [03:19<00:55, 3.25MB/s] 76%|#######6  | 580M/760M [03:19<00:58, 3.06MB/s] 76%|#######6  | 580M/760M [03:19<00:57, 3.11MB/s] 76%|#######6  | 581M/760M [03:19<00:56, 3.19MB/s] 76%|#######6  | 581M/760M [03:20<00:55, 3.25MB/s] 76%|#######6  | 581M/760M [03:20<00:56, 3.18MB/s] 77%|#######6  | 582M/760M [03:20<00:56, 3.16MB/s] 77%|#######6  | 582M/760M [03:20<00:56, 3.18MB/s] 77%|#######6  | 582M/760M [03:20<00:53, 3.35MB/s] 77%|#######6  | 583M/760M [03:20<00:55, 3.22MB/s] 77%|#######6  | 583M/760M [03:20<00:56, 3.14MB/s] 77%|#######6  | 584M/760M [03:20<00:53, 3.31MB/s] 77%|#######6  | 584M/760M [03:20<00:54, 3.24MB/s] 77%|#######6  | 584M/760M [03:21<00:59, 2.96MB/s] 77%|#######6  | 585M/760M [03:21<01:00, 2.90MB/s] 77%|#######6  | 585M/760M [03:21<01:02, 2.81MB/s] 77%|#######6  | 585M/760M [03:21<01:02, 2.78MB/s] 77%|#######7  | 586M/760M [03:21<01:05, 2.65MB/s] 77%|#######7  | 586M/760M [03:21<01:03, 2.76MB/s] 77%|#######7  | 586M/760M [03:21<01:02, 2.76MB/s] 77%|#######7  | 587M/760M [03:21<01:04, 2.67MB/s] 77%|#######7  | 587M/760M [03:22<01:03, 2.71MB/s] 77%|#######7  | 587M/760M [03:22<01:00, 2.84MB/s] 77%|#######7  | 588M/760M [03:22<00:58, 2.94MB/s] 77%|#######7  | 588M/760M [03:22<01:01, 2.80MB/s] 77%|#######7  | 588M/760M [03:22<00:58, 2.94MB/s] 77%|#######7  | 589M/760M [03:22<00:56, 3.03MB/s] 77%|#######7  | 589M/760M [03:22<00:59, 2.90MB/s] 78%|#######7  | 589M/760M [03:22<00:57, 2.97MB/s] 78%|#######7  | 590M/760M [03:22<00:54, 3.12MB/s] 78%|#######7  | 590M/760M [03:23<00:56, 3.00MB/s] 78%|#######7  | 590M/760M [03:23<00:53, 3.17MB/s] 78%|#######7  | 591M/760M [03:23<00:55, 3.03MB/s] 78%|#######7  | 591M/760M [03:23<00:54, 3.11MB/s] 78%|#######7  | 591M/760M [03:23<00:52, 3.22MB/s] 78%|#######7  | 592M/760M [03:23<00:53, 3.17MB/s] 78%|#######7  | 592M/760M [03:23<00:51, 3.23MB/s] 78%|#######7  | 593M/760M [03:23<00:51, 3.28MB/s] 78%|#######7  | 593M/760M [03:23<00:50, 3.31MB/s] 78%|#######8  | 593M/760M [03:24<00:49, 3.34MB/s] 78%|#######8  | 594M/760M [03:24<00:50, 3.27MB/s] 78%|#######8  | 594M/760M [03:24<00:51, 3.25MB/s] 78%|#######8  | 594M/760M [03:24<00:56, 2.94MB/s] 78%|#######8  | 595M/760M [03:24<00:52, 3.17MB/s] 78%|#######8  | 595M/760M [03:24<00:53, 3.09MB/s] 78%|#######8  | 596M/760M [03:24<00:54, 3.01MB/s] 78%|#######8  | 596M/760M [03:24<00:50, 3.24MB/s] 78%|#######8  | 596M/760M [03:25<00:49, 3.29MB/s] 78%|#######8  | 597M/760M [03:25<00:55, 2.96MB/s] 79%|#######8  | 597M/760M [03:25<00:50, 3.25MB/s] 79%|#######8  | 598M/760M [03:25<00:49, 3.31MB/s] 79%|#######8  | 598M/760M [03:25<00:48, 3.36MB/s] 79%|#######8  | 598M/760M [03:25<00:51, 3.17MB/s] 79%|#######8  | 599M/760M [03:25<00:53, 3.00MB/s] 79%|#######8  | 599M/760M [03:25<00:52, 3.06MB/s] 79%|#######8  | 599M/760M [03:25<00:52, 3.09MB/s] 79%|#######8  | 600M/760M [03:26<00:51, 3.11MB/s] 79%|#######8  | 600M/760M [03:26<00:46, 3.47MB/s] 79%|#######8  | 600M/760M [03:26<00:53, 3.00MB/s] 79%|#######9  | 601M/760M [03:26<01:00, 2.63MB/s] 79%|#######9  | 601M/760M [03:26<00:57, 2.75MB/s] 79%|#######9  | 601M/760M [03:26<01:04, 2.48MB/s] 79%|#######9  | 602M/760M [03:26<00:56, 2.79MB/s] 79%|#######9  | 602M/760M [03:27<01:02, 2.53MB/s] 79%|#######9  | 602M/760M [03:27<01:00, 2.60MB/s] 79%|#######9  | 603M/760M [03:27<00:58, 2.70MB/s] 79%|#######9  | 603M/760M [03:27<00:57, 2.73MB/s] 79%|#######9  | 603M/760M [03:27<00:58, 2.69MB/s] 79%|#######9  | 604M/760M [03:27<00:55, 2.83MB/s] 79%|#######9  | 604M/760M [03:27<00:52, 2.97MB/s] 79%|#######9  | 604M/760M [03:27<00:53, 2.93MB/s] 80%|#######9  | 605M/760M [03:27<00:53, 2.93MB/s] 80%|#######9  | 605M/760M [03:28<00:52, 2.95MB/s] 80%|#######9  | 605M/760M [03:28<00:49, 3.16MB/s] 80%|#######9  | 606M/760M [03:28<00:48, 3.18MB/s] 80%|#######9  | 606M/760M [03:28<00:51, 2.98MB/s] 80%|#######9  | 606M/760M [03:28<00:51, 2.98MB/s] 80%|#######9  | 607M/760M [03:28<00:45, 3.38MB/s] 80%|#######9  | 607M/760M [03:28<00:48, 3.17MB/s] 80%|#######9  | 608M/760M [03:28<00:49, 3.06MB/s] 80%|#######9  | 608M/760M [03:28<00:49, 3.06MB/s] 80%|########  | 608M/760M [03:29<00:46, 3.29MB/s] 80%|########  | 609M/760M [03:29<00:45, 3.32MB/s] 80%|########  | 609M/760M [03:29<00:46, 3.28MB/s] 80%|########  | 609M/760M [03:29<00:46, 3.24MB/s] 80%|########  | 610M/760M [03:29<00:43, 3.48MB/s] 80%|########  | 610M/760M [03:29<00:44, 3.39MB/s] 80%|########  | 611M/760M [03:29<00:44, 3.34MB/s] 80%|########  | 611M/760M [03:29<00:44, 3.38MB/s] 80%|########  | 611M/760M [03:29<00:41, 3.55MB/s] 80%|########  | 612M/760M [03:30<00:44, 3.36MB/s] 81%|########  | 612M/760M [03:30<00:44, 3.34MB/s] 81%|########  | 612M/760M [03:30<00:43, 3.39MB/s] 81%|########  | 613M/760M [03:30<00:40, 3.60MB/s] 81%|########  | 613M/760M [03:30<00:42, 3.46MB/s] 81%|########  | 614M/760M [03:30<00:42, 3.44MB/s] 81%|########  | 614M/760M [03:30<00:42, 3.42MB/s] 81%|########  | 614M/760M [03:30<00:41, 3.53MB/s] 81%|########  | 615M/760M [03:30<00:41, 3.50MB/s] 81%|########  | 615M/760M [03:31<00:42, 3.46MB/s] 81%|########  | 615M/760M [03:31<00:41, 3.51MB/s] 81%|########1 | 616M/760M [03:31<00:41, 3.50MB/s] 81%|########1 | 616M/760M [03:31<00:41, 3.51MB/s] 81%|########1 | 617M/760M [03:31<00:41, 3.50MB/s] 81%|########1 | 617M/760M [03:31<00:42, 3.40MB/s] 81%|########1 | 617M/760M [03:31<00:41, 3.42MB/s] 81%|########1 | 618M/760M [03:31<00:41, 3.41MB/s] 81%|########1 | 618M/760M [03:31<00:41, 3.44MB/s] 81%|########1 | 619M/760M [03:32<00:41, 3.41MB/s] 81%|########1 | 619M/760M [03:32<00:40, 3.52MB/s] 81%|########1 | 619M/760M [03:32<00:40, 3.50MB/s] 82%|########1 | 620M/760M [03:32<00:40, 3.50MB/s] 82%|########1 | 620M/760M [03:32<00:41, 3.37MB/s] 82%|########1 | 620M/760M [03:32<00:39, 3.55MB/s] 82%|########1 | 621M/760M [03:32<00:39, 3.53MB/s] 82%|########1 | 621M/760M [03:32<00:42, 3.30MB/s] 82%|########1 | 622M/760M [03:32<00:42, 3.26MB/s] 82%|########1 | 622M/760M [03:33<00:39, 3.52MB/s] 82%|########1 | 622M/760M [03:33<00:39, 3.50MB/s] 82%|########1 | 623M/760M [03:33<00:39, 3.46MB/s] 82%|########1 | 623M/760M [03:33<00:40, 3.37MB/s] 82%|########2 | 624M/760M [03:33<00:43, 3.17MB/s] 82%|########2 | 624M/760M [03:33<00:37, 3.63MB/s] 82%|########2 | 624M/760M [03:33<00:43, 3.09MB/s] 82%|########2 | 625M/760M [03:33<00:42, 3.20MB/s] 82%|########2 | 625M/760M [03:33<00:40, 3.30MB/s] 82%|########2 | 625M/760M [03:34<00:44, 3.05MB/s] 82%|########2 | 626M/760M [03:34<00:45, 2.93MB/s] 82%|########2 | 626M/760M [03:34<00:45, 2.95MB/s] 82%|########2 | 626M/760M [03:34<00:49, 2.70MB/s] 82%|########2 | 627M/760M [03:34<00:49, 2.71MB/s] 82%|########2 | 627M/760M [03:34<00:46, 2.85MB/s] 83%|########2 | 627M/760M [03:34<00:49, 2.69MB/s] 83%|########2 | 628M/760M [03:34<00:47, 2.80MB/s] 83%|########2 | 628M/760M [03:35<00:44, 2.94MB/s] 83%|########2 | 628M/760M [03:35<00:46, 2.81MB/s] 83%|########2 | 629M/760M [03:35<00:45, 2.89MB/s] 83%|########2 | 629M/760M [03:35<00:42, 3.10MB/s] 83%|########2 | 629M/760M [03:35<00:45, 2.87MB/s] 83%|########2 | 630M/760M [03:35<00:44, 2.93MB/s] 83%|########2 | 630M/760M [03:35<00:40, 3.18MB/s] 83%|########2 | 631M/760M [03:35<00:43, 2.98MB/s] 83%|########2 | 631M/760M [03:35<00:42, 3.05MB/s] 83%|########3 | 631M/760M [03:36<00:40, 3.16MB/s] 83%|########3 | 632M/760M [03:36<00:40, 3.21MB/s] 83%|########3 | 632M/760M [03:36<00:39, 3.25MB/s] 83%|########3 | 632M/760M [03:36<00:39, 3.25MB/s] 83%|########3 | 633M/760M [03:36<00:38, 3.30MB/s] 83%|########3 | 633M/760M [03:36<00:38, 3.30MB/s] 83%|########3 | 633M/760M [03:36<00:37, 3.36MB/s] 83%|########3 | 634M/760M [03:36<00:37, 3.39MB/s] 83%|########3 | 634M/760M [03:36<00:36, 3.43MB/s] 83%|########3 | 635M/760M [03:37<00:36, 3.43MB/s] 84%|########3 | 635M/760M [03:37<00:37, 3.37MB/s] 84%|########3 | 635M/760M [03:37<00:37, 3.35MB/s] 84%|########3 | 636M/760M [03:37<00:36, 3.42MB/s] 84%|########3 | 636M/760M [03:37<00:36, 3.44MB/s] 84%|########3 | 636M/760M [03:37<00:34, 3.55MB/s] 84%|########3 | 637M/760M [03:37<00:34, 3.55MB/s] 84%|########3 | 637M/760M [03:37<00:35, 3.49MB/s] 84%|########3 | 638M/760M [03:37<00:35, 3.45MB/s] 84%|########3 | 638M/760M [03:38<00:35, 3.41MB/s] 84%|########3 | 638M/760M [03:38<00:34, 3.53MB/s] 84%|########4 | 639M/760M [03:38<00:34, 3.54MB/s] 84%|########4 | 639M/760M [03:38<00:34, 3.55MB/s] 84%|########4 | 639M/760M [03:38<00:34, 3.46MB/s] 84%|########4 | 640M/760M [03:38<00:33, 3.62MB/s] 84%|########4 | 640M/760M [03:38<00:33, 3.60MB/s] 84%|########4 | 641M/760M [03:38<00:32, 3.64MB/s] 84%|########4 | 641M/760M [03:38<00:34, 3.46MB/s] 84%|########4 | 641M/760M [03:39<00:33, 3.59MB/s] 84%|########4 | 642M/760M [03:39<00:33, 3.52MB/s] 84%|########4 | 642M/760M [03:39<00:33, 3.53MB/s] 85%|########4 | 643M/760M [03:39<00:34, 3.43MB/s] 85%|########4 | 643M/760M [03:39<00:32, 3.59MB/s] 85%|########4 | 643M/760M [03:39<00:32, 3.61MB/s] 85%|########4 | 644M/760M [03:39<00:34, 3.33MB/s] 85%|########4 | 644M/760M [03:39<00:34, 3.35MB/s] 85%|########4 | 645M/760M [03:39<00:33, 3.41MB/s] 85%|########4 | 645M/760M [03:40<00:35, 3.28MB/s] 85%|########4 | 645M/760M [03:40<00:33, 3.44MB/s] 85%|########4 | 646M/760M [03:40<00:34, 3.35MB/s] 85%|########4 | 646M/760M [03:40<00:34, 3.32MB/s] 85%|########5 | 646M/760M [03:40<00:42, 2.68MB/s] 85%|########5 | 647M/760M [03:40<00:49, 2.31MB/s] 85%|########5 | 647M/760M [03:40<00:42, 2.66MB/s] 85%|########5 | 647M/760M [03:41<00:49, 2.30MB/s] 85%|########5 | 648M/760M [03:41<00:45, 2.50MB/s] 85%|########5 | 648M/760M [03:41<00:45, 2.45MB/s] 85%|########5 | 648M/760M [03:41<00:44, 2.53MB/s] 85%|########5 | 649M/760M [03:41<00:41, 2.71MB/s] 85%|########5 | 649M/760M [03:41<00:38, 2.90MB/s] 85%|########5 | 649M/760M [03:41<00:40, 2.72MB/s] 85%|########5 | 650M/760M [03:41<00:37, 2.91MB/s] 86%|########5 | 650M/760M [03:41<00:36, 2.99MB/s] 86%|########5 | 650M/760M [03:42<00:37, 2.95MB/s] 86%|########5 | 651M/760M [03:42<00:35, 3.11MB/s] 86%|########5 | 651M/760M [03:42<00:35, 3.09MB/s] 86%|########5 | 652M/760M [03:42<00:34, 3.14MB/s] 86%|########5 | 652M/760M [03:42<00:36, 2.99MB/s] 86%|########5 | 652M/760M [03:42<00:34, 3.14MB/s] 86%|########5 | 653M/760M [03:42<00:32, 3.32MB/s] 86%|########5 | 653M/760M [03:42<00:35, 3.04MB/s] 86%|########5 | 653M/760M [03:43<00:33, 3.17MB/s] 86%|########5 | 654M/760M [03:43<00:31, 3.36MB/s] 86%|########6 | 654M/760M [03:43<00:32, 3.27MB/s] 86%|########6 | 655M/760M [03:43<00:32, 3.26MB/s] 86%|########6 | 655M/760M [03:43<00:31, 3.35MB/s] 86%|########6 | 655M/760M [03:43<00:30, 3.45MB/s] 86%|########6 | 656M/760M [03:43<00:30, 3.48MB/s] 86%|########6 | 656M/760M [03:43<00:30, 3.42MB/s] 86%|########6 | 656M/760M [03:43<00:30, 3.38MB/s] 86%|########6 | 657M/760M [03:43<00:29, 3.51MB/s] 86%|########6 | 657M/760M [03:44<00:28, 3.61MB/s] 86%|########6 | 658M/760M [03:44<00:29, 3.47MB/s] 87%|########6 | 658M/760M [03:44<00:30, 3.35MB/s] 87%|########6 | 658M/760M [03:44<00:27, 3.72MB/s] 87%|########6 | 659M/760M [03:44<00:30, 3.31MB/s] 87%|########6 | 659M/760M [03:44<00:28, 3.54MB/s] 87%|########6 | 660M/760M [03:44<00:29, 3.41MB/s] 87%|########6 | 660M/760M [03:44<00:29, 3.43MB/s] 87%|########6 | 660M/760M [03:45<00:28, 3.44MB/s] 87%|########6 | 661M/760M [03:45<00:27, 3.58MB/s] 87%|########6 | 661M/760M [03:45<00:27, 3.60MB/s] 87%|########7 | 662M/760M [03:45<00:29, 3.40MB/s] 87%|########7 | 662M/760M [03:45<00:27, 3.56MB/s] 87%|########7 | 663M/760M [03:45<00:27, 3.59MB/s] 87%|########7 | 663M/760M [03:45<00:28, 3.46MB/s] 87%|########7 | 663M/760M [03:45<00:26, 3.59MB/s] 87%|########7 | 664M/760M [03:45<00:26, 3.63MB/s] 87%|########7 | 664M/760M [03:46<00:27, 3.46MB/s] 87%|########7 | 665M/760M [03:46<00:26, 3.59MB/s] 87%|########7 | 665M/760M [03:46<00:26, 3.56MB/s] 88%|########7 | 665M/760M [03:46<00:26, 3.63MB/s] 88%|########7 | 666M/760M [03:46<00:28, 3.34MB/s] 88%|########7 | 666M/760M [03:46<00:26, 3.56MB/s] 88%|########7 | 667M/760M [03:46<00:25, 3.61MB/s] 88%|########7 | 667M/760M [03:46<00:27, 3.43MB/s] 88%|########7 | 667M/760M [03:47<00:25, 3.58MB/s] 88%|########7 | 668M/760M [03:47<00:25, 3.63MB/s] 88%|########7 | 668M/760M [03:47<00:28, 3.25MB/s] 88%|########7 | 669M/760M [03:47<00:27, 3.32MB/s] 88%|########7 | 669M/760M [03:47<00:29, 3.06MB/s] 88%|########8 | 669M/760M [03:47<00:29, 3.09MB/s] 88%|########8 | 670M/760M [03:47<00:26, 3.37MB/s] 88%|########8 | 670M/760M [03:47<00:27, 3.22MB/s] 88%|########8 | 670M/760M [03:48<00:31, 2.87MB/s] 88%|########8 | 671M/760M [03:48<00:28, 3.18MB/s] 88%|########8 | 671M/760M [03:48<00:31, 2.82MB/s] 88%|########8 | 672M/760M [03:48<00:31, 2.78MB/s] 88%|########8 | 672M/760M [03:48<00:32, 2.68MB/s] 88%|########8 | 672M/760M [03:48<00:31, 2.79MB/s] 88%|########8 | 673M/760M [03:48<00:31, 2.77MB/s] 89%|########8 | 673M/760M [03:48<00:32, 2.72MB/s] 89%|########8 | 673M/760M [03:48<00:30, 2.86MB/s] 89%|########8 | 674M/760M [03:49<00:28, 3.03MB/s] 89%|########8 | 674M/760M [03:49<00:30, 2.79MB/s] 89%|########8 | 674M/760M [03:49<00:28, 2.99MB/s] 89%|########8 | 675M/760M [03:49<00:30, 2.77MB/s] 89%|########8 | 675M/760M [03:49<00:28, 3.02MB/s] 89%|########8 | 675M/760M [03:49<00:29, 2.87MB/s] 89%|########8 | 676M/760M [03:49<00:27, 3.03MB/s] 89%|########8 | 676M/760M [03:50<00:29, 2.88MB/s] 89%|########9 | 677M/760M [03:50<00:27, 3.05MB/s] 89%|########9 | 677M/760M [03:50<00:25, 3.26MB/s] 89%|########9 | 677M/760M [03:50<00:27, 2.97MB/s] 89%|########9 | 678M/760M [03:50<00:25, 3.18MB/s] 89%|########9 | 678M/760M [03:50<00:25, 3.22MB/s] 89%|########9 | 679M/760M [03:50<00:26, 3.11MB/s] 89%|########9 | 679M/760M [03:50<00:25, 3.18MB/s] 89%|########9 | 679M/760M [03:50<00:25, 3.17MB/s] 89%|########9 | 680M/760M [03:51<00:32, 2.46MB/s] 89%|########9 | 680M/760M [03:51<00:29, 2.70MB/s] 90%|########9 | 680M/760M [03:51<00:25, 3.15MB/s] 90%|########9 | 681M/760M [03:51<00:28, 2.77MB/s] 90%|########9 | 681M/760M [03:51<00:27, 2.86MB/s] 90%|########9 | 681M/760M [03:51<00:30, 2.63MB/s] 90%|########9 | 682M/760M [03:51<00:30, 2.60MB/s] 90%|########9 | 682M/760M [03:52<00:28, 2.71MB/s] 90%|########9 | 682M/760M [03:52<00:30, 2.56MB/s] 90%|########9 | 683M/760M [03:52<00:30, 2.57MB/s] 90%|########9 | 683M/760M [03:52<00:29, 2.63MB/s] 90%|########9 | 683M/760M [03:52<00:29, 2.60MB/s] 90%|########9 | 684M/760M [03:52<00:28, 2.66MB/s] 90%|########9 | 684M/760M [03:52<00:27, 2.77MB/s] 90%|######### | 684M/760M [03:52<00:28, 2.65MB/s] 90%|######### | 685M/760M [03:52<00:29, 2.61MB/s] 90%|######### | 685M/760M [03:53<00:25, 2.90MB/s] 90%|######### | 685M/760M [03:53<00:26, 2.80MB/s] 90%|######### | 686M/760M [03:53<00:28, 2.64MB/s] 90%|######### | 686M/760M [03:53<00:26, 2.79MB/s] 90%|######### | 686M/760M [03:53<00:25, 2.91MB/s] 90%|######### | 687M/760M [03:53<00:27, 2.71MB/s] 90%|######### | 687M/760M [03:53<00:26, 2.73MB/s] 90%|######### | 687M/760M [03:53<00:24, 3.02MB/s] 90%|######### | 688M/760M [03:54<00:26, 2.78MB/s] 90%|######### | 688M/760M [03:54<00:24, 2.90MB/s] 91%|######### | 688M/760M [03:54<00:24, 2.94MB/s] 91%|######### | 689M/760M [03:54<00:25, 2.82MB/s] 91%|######### | 689M/760M [03:54<00:24, 2.89MB/s] 91%|######### | 689M/760M [03:54<00:23, 3.01MB/s] 91%|######### | 690M/760M [03:54<00:24, 2.89MB/s] 91%|######### | 690M/760M [03:54<00:23, 2.93MB/s] 91%|######### | 690M/760M [03:54<00:23, 2.98MB/s] 91%|######### | 691M/760M [03:55<00:22, 3.05MB/s] 91%|######### | 691M/760M [03:55<00:24, 2.86MB/s] 91%|######### | 691M/760M [03:55<00:23, 2.92MB/s] 91%|######### | 692M/760M [03:55<00:22, 3.02MB/s] 91%|#########1| 692M/760M [03:55<00:23, 2.92MB/s] 91%|#########1| 692M/760M [03:55<00:22, 2.98MB/s] 91%|#########1| 693M/760M [03:55<00:22, 3.04MB/s] 91%|#########1| 693M/760M [03:55<00:22, 2.92MB/s] 91%|#########1| 693M/760M [03:55<00:23, 2.89MB/s] 91%|#########1| 694M/760M [03:56<00:22, 2.93MB/s] 91%|#########1| 694M/760M [03:56<00:21, 3.03MB/s] 91%|#########1| 694M/760M [03:56<00:22, 2.92MB/s] 91%|#########1| 695M/760M [03:56<00:22, 2.95MB/s] 91%|#########1| 695M/760M [03:56<00:21, 3.01MB/s] 91%|#########1| 695M/760M [03:56<00:22, 2.87MB/s] 92%|#########1| 696M/760M [03:56<00:23, 2.78MB/s] 92%|#########1| 696M/760M [03:56<00:22, 2.88MB/s] 92%|#########1| 696M/760M [03:57<00:21, 2.97MB/s] 92%|#########1| 697M/760M [03:57<00:22, 2.78MB/s] 92%|#########1| 697M/760M [03:57<00:22, 2.82MB/s] 92%|#########1| 697M/760M [03:57<00:21, 2.93MB/s] 92%|#########1| 698M/760M [03:57<00:21, 2.88MB/s] 92%|#########1| 698M/760M [03:57<00:22, 2.77MB/s] 92%|#########1| 698M/760M [03:57<00:23, 2.63MB/s] 92%|#########1| 699M/760M [03:57<00:22, 2.80MB/s] 92%|#########1| 699M/760M [03:57<00:21, 2.84MB/s] 92%|#########1| 699M/760M [03:58<00:22, 2.72MB/s] 92%|#########2| 700M/760M [03:58<00:20, 2.95MB/s] 92%|#########2| 700M/760M [03:58<00:21, 2.85MB/s] 92%|#########2| 700M/760M [03:58<00:21, 2.81MB/s] 92%|#########2| 701M/760M [03:58<00:21, 2.71MB/s] 92%|#########2| 701M/760M [03:58<00:25, 2.33MB/s] 92%|#########2| 702M/760M [03:58<00:21, 2.74MB/s] 92%|#########2| 702M/760M [03:59<00:23, 2.45MB/s] 92%|#########2| 702M/760M [03:59<00:21, 2.64MB/s] 92%|#########2| 703M/760M [03:59<00:24, 2.39MB/s] 92%|#########2| 703M/760M [03:59<00:22, 2.57MB/s] 92%|#########2| 703M/760M [03:59<00:24, 2.37MB/s] 93%|#########2| 703M/760M [03:59<00:23, 2.41MB/s] 93%|#########2| 704M/760M [03:59<00:23, 2.40MB/s] 93%|#########2| 704M/760M [04:00<00:22, 2.48MB/s] 93%|#########2| 704M/760M [04:00<00:21, 2.59MB/s] 93%|#########2| 705M/760M [04:00<00:21, 2.60MB/s] 93%|#########2| 705M/760M [04:00<00:20, 2.64MB/s] 93%|#########2| 705M/760M [04:00<00:21, 2.60MB/s] 93%|#########2| 706M/760M [04:00<00:21, 2.60MB/s] 93%|#########2| 706M/760M [04:00<00:20, 2.67MB/s] 93%|#########2| 706M/760M [04:00<00:18, 2.91MB/s] 93%|#########2| 707M/760M [04:00<00:19, 2.73MB/s] 93%|#########2| 707M/760M [04:01<00:19, 2.68MB/s] 93%|#########3| 707M/760M [04:01<00:18, 2.83MB/s] 93%|#########3| 708M/760M [04:01<00:18, 2.82MB/s] 93%|#########3| 708M/760M [04:01<00:19, 2.63MB/s] 93%|#########3| 708M/760M [04:01<00:18, 2.84MB/s] 93%|#########3| 709M/760M [04:01<00:18, 2.80MB/s] 93%|#########3| 709M/760M [04:01<00:18, 2.72MB/s] 93%|#########3| 709M/760M [04:01<00:22, 2.24MB/s] 93%|#########3| 710M/760M [04:02<00:20, 2.43MB/s] 93%|#########3| 710M/760M [04:02<00:19, 2.52MB/s] 93%|#########3| 710M/760M [04:02<00:22, 2.27MB/s] 93%|#########3| 711M/760M [04:02<00:21, 2.32MB/s] 93%|#########3| 711M/760M [04:02<00:20, 2.37MB/s] 94%|#########3| 711M/760M [04:02<00:21, 2.26MB/s] 94%|#########3| 711M/760M [04:02<00:21, 2.29MB/s] 94%|#########3| 712M/760M [04:02<00:20, 2.35MB/s] 94%|#########3| 712M/760M [04:03<00:19, 2.42MB/s] 94%|#########3| 712M/760M [04:03<00:21, 2.27MB/s] 94%|#########3| 712M/760M [04:03<00:20, 2.33MB/s] 94%|#########3| 713M/760M [04:03<00:19, 2.44MB/s] 94%|#########3| 713M/760M [04:03<00:19, 2.43MB/s] 94%|#########3| 713M/760M [04:03<00:19, 2.42MB/s] 94%|#########3| 713M/760M [04:03<00:19, 2.44MB/s] 94%|#########3| 714M/760M [04:03<00:18, 2.46MB/s] 94%|#########3| 714M/760M [04:03<00:18, 2.52MB/s] 94%|#########3| 714M/760M [04:04<00:18, 2.42MB/s] 94%|#########3| 715M/760M [04:04<00:17, 2.58MB/s] 94%|#########4| 715M/760M [04:04<00:17, 2.59MB/s] 94%|#########4| 715M/760M [04:04<00:18, 2.49MB/s] 94%|#########4| 715M/760M [04:04<00:17, 2.59MB/s] 94%|#########4| 716M/760M [04:04<00:16, 2.68MB/s] 94%|#########4| 716M/760M [04:04<00:18, 2.42MB/s] 94%|#########4| 716M/760M [04:04<00:16, 2.67MB/s] 94%|#########4| 717M/760M [04:04<00:17, 2.48MB/s] 94%|#########4| 717M/760M [04:05<00:17, 2.51MB/s] 94%|#########4| 717M/760M [04:05<00:15, 2.79MB/s] 94%|#########4| 718M/760M [04:05<00:16, 2.52MB/s] 94%|#########4| 718M/760M [04:05<00:16, 2.59MB/s] 94%|#########4| 718M/760M [04:05<00:16, 2.59MB/s] 95%|#########4| 719M/760M [04:05<00:16, 2.55MB/s] 95%|#########4| 719M/760M [04:05<00:15, 2.59MB/s] 95%|#########4| 719M/760M [04:05<00:15, 2.60MB/s] 95%|#########4| 720M/760M [04:06<00:15, 2.63MB/s] 95%|#########4| 720M/760M [04:06<00:15, 2.58MB/s] 95%|#########4| 720M/760M [04:06<00:15, 2.58MB/s] 95%|#########4| 720M/760M [04:06<00:14, 2.66MB/s] 95%|#########4| 721M/760M [04:06<00:14, 2.72MB/s] 95%|#########4| 721M/760M [04:06<00:15, 2.58MB/s] 95%|#########4| 721M/760M [04:06<00:14, 2.66MB/s] 95%|#########4| 722M/760M [04:06<00:14, 2.67MB/s] 95%|#########4| 722M/760M [04:06<00:14, 2.61MB/s] 95%|#########4| 722M/760M [04:07<00:14, 2.65MB/s] 95%|#########5| 722M/760M [04:07<00:14, 2.66MB/s] 95%|#########5| 723M/760M [04:07<00:13, 2.70MB/s] 95%|#########5| 723M/760M [04:07<00:14, 2.58MB/s] 95%|#########5| 723M/760M [04:07<00:13, 2.70MB/s] 95%|#########5| 724M/760M [04:07<00:13, 2.70MB/s] 95%|#########5| 724M/760M [04:07<00:14, 2.58MB/s] 95%|#########5| 724M/760M [04:07<00:13, 2.74MB/s] 95%|#########5| 725M/760M [04:07<00:12, 2.79MB/s] 95%|#########5| 725M/760M [04:08<00:13, 2.64MB/s] 95%|#########5| 725M/760M [04:08<00:12, 2.72MB/s] 95%|#########5| 726M/760M [04:08<00:12, 2.87MB/s] 95%|#########5| 726M/760M [04:08<00:12, 2.71MB/s] 96%|#########5| 726M/760M [04:08<00:12, 2.72MB/s] 96%|#########5| 726M/760M [04:08<00:12, 2.71MB/s] 96%|#########5| 727M/760M [04:08<00:12, 2.77MB/s] 96%|#########5| 727M/760M [04:08<00:11, 2.78MB/s] 96%|#########5| 727M/760M [04:08<00:12, 2.64MB/s] 96%|#########5| 728M/760M [04:09<00:11, 2.78MB/s] 96%|#########5| 728M/760M [04:09<00:11, 2.90MB/s] 96%|#########5| 728M/760M [04:09<00:11, 2.73MB/s] 96%|#########5| 729M/760M [04:09<00:11, 2.77MB/s] 96%|#########5| 729M/760M [04:09<00:11, 2.82MB/s] 96%|#########5| 729M/760M [04:09<00:10, 3.03MB/s] 96%|#########5| 730M/760M [04:09<00:10, 2.84MB/s] 96%|#########6| 730M/760M [04:09<00:10, 2.86MB/s] 96%|#########6| 730M/760M [04:09<00:10, 2.83MB/s] 96%|#########6| 731M/760M [04:10<00:10, 2.93MB/s] 96%|#########6| 731M/760M [04:10<00:10, 2.89MB/s] 96%|#########6| 731M/760M [04:10<00:10, 2.90MB/s] 96%|#########6| 731M/760M [04:10<00:09, 2.98MB/s] 96%|#########6| 732M/760M [04:10<00:09, 2.96MB/s] 96%|#########6| 732M/760M [04:10<00:09, 3.05MB/s] 96%|#########6| 732M/760M [04:10<00:08, 3.09MB/s] 96%|#########6| 733M/760M [04:10<00:08, 3.09MB/s] 96%|#########6| 733M/760M [04:10<00:08, 3.23MB/s] 96%|#########6| 733M/760M [04:11<00:08, 3.06MB/s] 97%|#########6| 734M/760M [04:11<00:08, 3.25MB/s] 97%|#########6| 734M/760M [04:11<00:07, 3.33MB/s] 97%|#########6| 735M/760M [04:11<00:08, 3.13MB/s] 97%|#########6| 735M/760M [04:11<00:07, 3.48MB/s] 97%|#########6| 736M/760M [04:11<00:07, 3.51MB/s] 97%|#########6| 736M/760M [04:11<00:06, 3.53MB/s] 97%|#########6| 736M/760M [04:11<00:07, 3.40MB/s] 97%|#########6| 737M/760M [04:11<00:06, 3.41MB/s] 97%|#########6| 737M/760M [04:12<00:06, 3.43MB/s] 97%|#########6| 737M/760M [04:12<00:06, 3.76MB/s] 97%|#########7| 738M/760M [04:12<00:06, 3.43MB/s] 97%|#########7| 738M/760M [04:12<00:06, 3.59MB/s] 97%|#########7| 739M/760M [04:12<00:06, 3.16MB/s] 97%|#########7| 739M/760M [04:12<00:06, 3.23MB/s] 97%|#########7| 739M/760M [04:12<00:07, 2.92MB/s] 97%|#########7| 740M/760M [04:12<00:07, 2.91MB/s] 97%|#########7| 740M/760M [04:13<00:06, 3.13MB/s] 97%|#########7| 741M/760M [04:13<00:06, 3.08MB/s] 97%|#########7| 741M/760M [04:13<00:06, 3.01MB/s] 97%|#########7| 741M/760M [04:13<00:06, 3.15MB/s] 98%|#########7| 742M/760M [04:13<00:05, 3.15MB/s] 98%|#########7| 742M/760M [04:13<00:05, 3.13MB/s] 98%|#########7| 742M/760M [04:13<00:05, 3.36MB/s] 98%|#########7| 743M/760M [04:13<00:05, 3.41MB/s] 98%|#########7| 743M/760M [04:13<00:05, 3.44MB/s] 98%|#########7| 743M/760M [04:14<00:05, 3.35MB/s] 98%|#########7| 744M/760M [04:14<00:04, 3.40MB/s] 98%|#########7| 744M/760M [04:14<00:04, 3.45MB/s] 98%|#########7| 745M/760M [04:14<00:04, 3.75MB/s] 98%|#########7| 745M/760M [04:14<00:04, 3.47MB/s] 98%|#########8| 745M/760M [04:14<00:04, 3.28MB/s] 98%|#########8| 746M/760M [04:14<00:03, 3.70MB/s] 98%|#########8| 746M/760M [04:14<00:03, 3.51MB/s] 98%|#########8| 747M/760M [04:14<00:03, 3.41MB/s] 98%|#########8| 747M/760M [04:15<00:03, 3.34MB/s] 98%|#########8| 747M/760M [04:15<00:03, 3.36MB/s] 98%|#########8| 748M/760M [04:15<00:03, 3.43MB/s] 98%|#########8| 748M/760M [04:15<00:03, 3.39MB/s] 98%|#########8| 749M/760M [04:15<00:03, 3.09MB/s] 99%|#########8| 749M/760M [04:15<00:03, 3.27MB/s] 99%|#########8| 749M/760M [04:15<00:03, 3.49MB/s] 99%|#########8| 750M/760M [04:15<00:03, 3.46MB/s] 99%|#########8| 750M/760M [04:16<00:03, 3.31MB/s] 99%|#########8| 751M/760M [04:16<00:02, 3.33MB/s] 99%|#########8| 751M/760M [04:16<00:02, 3.53MB/s] 99%|#########8| 751M/760M [04:16<00:02, 3.38MB/s] 99%|#########8| 752M/760M [04:16<00:02, 3.51MB/s] 99%|#########8| 752M/760M [04:16<00:02, 3.78MB/s] 99%|#########9| 753M/760M [04:16<00:02, 3.46MB/s] 99%|#########9| 753M/760M [04:16<00:01, 3.83MB/s] 99%|#########9| 754M/760M [04:16<00:01, 3.99MB/s] 99%|#########9| 754M/760M [04:17<00:01, 3.77MB/s] 99%|#########9| 755M/760M [04:17<00:01, 3.88MB/s] 99%|#########9| 755M/760M [04:17<00:01, 4.14MB/s] 99%|#########9| 756M/760M [04:17<00:01, 4.03MB/s] 99%|#########9| 756M/760M [04:17<00:01, 3.86MB/s]100%|#########9| 757M/760M [04:17<00:00, 3.80MB/s]100%|#########9| 757M/760M [04:17<00:00, 3.55MB/s]100%|#########9| 757M/760M [04:17<00:00, 3.90MB/s]100%|#########9| 758M/760M [04:18<00:00, 3.75MB/s]100%|#########9| 758M/760M [04:18<00:00, 3.18MB/s]100%|#########9| 759M/760M [04:18<00:00, 3.23MB/s]100%|#########9| 759M/760M [04:18<00:00, 3.19MB/s]100%|#########9| 759M/760M [04:18<00:00, 3.05MB/s]100%|#########9| 760M/760M [04:18<00:00, 3.05MB/s]100%|#########9| 760M/760M [04:18<00:00, 3.00MB/s]100%|##########| 760M/760M [04:18<00:00, 2.94MB/s]
[mem] train split -> memmap C:\Users\so\Desktop\AI-Powered Radiology Hub\api\data\medmnist\_memmap\organcmnist_train_224.npy (0.65 GB)
[mem] val split -> memmap C:\Users\so\Desktop\AI-Powered Radiology Hub\api\data\medmnist\_memmap\organcmnist_val_224.npy (0.12 GB)
[mem] test split -> memmap C:\Users\so\Desktop\AI-Powered Radiology Hub\api\data\medmnist\_memmap\organcmnist_test_224.npy (0.41 GB)
[organc_eb0] train=12975 val=2392 test=8216 | test balance=[828, 431, 421, 421, 727, 735, 1835, 549, 557, 750, 962]
  ep  1/30 [A(head)] loss=1.4069 val_loss=0.7452 val_acc=0.7851 val_bacc=0.7041
  ep  2/30 [A(head)] loss=1.1858 val_loss=0.6333 val_acc=0.8156 val_bacc=0.7595
  ep  3/30 [A(head)] loss=1.1502 val_loss=0.5699 val_acc=0.8462 val_bacc=0.7892
  ep  4/30 [B(full)] loss=0.8883 val_loss=0.2263 val_acc=0.9477 val_bacc=0.9355
  ep  5/30 [B(full)] loss=0.7240 val_loss=0.2182 val_acc=0.9536 val_bacc=0.9394
  ep  6/30 [B(full)] loss=0.6732 val_loss=0.2067 val_acc=0.9578 val_bacc=0.9511
  ep  7/30 [B(full)] loss=0.6327 val_loss=0.1902 val_acc=0.9615 val_bacc=0.9703
  ep  8/30 [B(full)] loss=0.6088 val_loss=0.1796 val_acc=0.9703 val_bacc=0.9737
  ep  9/30 [B(full)] loss=0.5901 val_loss=0.1593 val_acc=0.9707 val_bacc=0.9734
  ep 10/30 [B(full)] loss=0.5819 val_loss=0.1840 val_acc=0.9632 val_bacc=0.9565
  ep 11/30 [B(full)] loss=0.5580 val_loss=0.1676 val_acc=0.9699 val_bacc=0.9733
  ep 12/30 [B(full)] loss=0.5495 val_loss=0.2128 val_acc=0.9628 val_bacc=0.9599
  ep 13/30 [B(full)] loss=0.5324 val_loss=0.1801 val_acc=0.9741 val_bacc=0.9783
  ep 14/30 [B(full)] loss=0.5300 val_loss=0.1910 val_acc=0.9674 val_bacc=0.9677
  ep 15/30 [B(full)] loss=0.5119 val_loss=0.1756 val_acc=0.9699 val_bacc=0.9694
  ep 16/30 [B(full)] loss=0.4992 val_loss=0.1709 val_acc=0.9640 val_bacc=0.9591
  ep 17/30 [B(full)] loss=0.4860 val_loss=0.1787 val_acc=0.9594 val_bacc=0.9545
  ep 18/30 [B(full)] loss=0.4844 val_loss=0.1704 val_acc=0.9615 val_bacc=0.9530
  ep 19/30 [B(full)] loss=0.4750 val_loss=0.1730 val_acc=0.9691 val_bacc=0.9656
  ep 20/30 [B(full)] loss=0.4705 val_loss=0.1868 val_acc=0.9620 val_bacc=0.9627
  ep 21/30 [B(full)] loss=0.4610 val_loss=0.1848 val_acc=0.9599 val_bacc=0.9538
  [early stop] patience 8
  [tta] val_plain=0.9741 val_tta=0.9745 -> use_tta=True (decided on val)

[report]
               precision    recall  f1-score   support

     bladder       0.95      0.88      0.91       828
  femur-left       0.70      0.92      0.80       431
 femur-right       0.95      0.65      0.77       421
       heart       0.98      0.95      0.97       421
 kidney-left       0.87      0.66      0.75       727
kidney-right       0.75      0.84      0.79       735
       liver       0.97      1.00      0.98      1835
   lung-left       0.95      0.95      0.95       549
  lung-right       0.96      0.94      0.95       557
    pancreas       0.89      0.93      0.91       750
      spleen       0.89      0.97      0.93       962

    accuracy                           0.90      8216
   macro avg       0.90      0.88      0.88      8216
weighted avg       0.91      0.90      0.90      8216

[RESULT] organc_eb0 test_acc=0.9014 train_acc=0.9876 gap=+0.0862 macroF1=0.8832 auc=0.9888 tta=True
ORGANC_EB0_DONE
[exit] organc_eb0 rc=0

======== blood_eb0  2026-09-08 06:50:43 ========
[cmd] DATASET=bloodmnist  ARCH=efficientnet_b0 SIZE=224 SUFFIX=_eb0
[blood_eb0] bloodmnist arch=efficientnet_b0 size=224 batch=24 classes=8 device=cuda binary=False mixup=0.0 cutmix=0.0 preproc=none
Traceback (most recent call last):
  File "C:\Users\so\AppData\Local\Programs\Python\Python310\lib\urllib\request.py", line 1348, in do_open
    h.request(req.get_method(), req.selector, req.data, headers,
  File "C:\Users\so\AppData\Local\Programs\Python\Python310\lib\http\client.py", line 1282, in request
    self._send_request(method, url, body, headers, encode_chunked)
  File "C:\Users\so\AppData\Local\Programs\Python\Python310\lib\http\client.py", line 1328, in _send_request
    self.endheaders(body, encode_chunked=encode_chunked)
  File "C:\Users\so\AppData\Local\Programs\Python\Python310\lib\http\client.py", line 1277, in endheaders
    self._send_output(message_body, encode_chunked=encode_chunked)
  File "C:\Users\so\AppData\Local\Programs\Python\Python310\lib\http\client.py", line 1037, in _send_output
    self.send(msg)
  File "C:\Users\so\AppData\Local\Programs\Python\Python310\lib\http\client.py", line 975, in send
    self.connect()
  File "C:\Users\so\AppData\Local\Programs\Python\Python310\lib\http\client.py", line 1447, in connect
    super().connect()
  File "C:\Users\so\AppData\Local\Programs\Python\Python310\lib\http\client.py", line 941, in connect
    self.sock = self._create_connection(
  File "C:\Users\so\AppData\Local\Programs\Python\Python310\lib\socket.py", line 824, in create_connection
    for res in getaddrinfo(host, port, 0, SOCK_STREAM):
  File "C:\Users\so\AppData\Local\Programs\Python\Python310\lib\socket.py", line 955, in getaddrinfo
    for res in _socket.getaddrinfo(host, port, family, type, proto, flags):
socket.gaierror: [Errno 11001] getaddrinfo failed

During handling of the above exception, another exception occurred:

Traceback (most recent call last):
  File "C:\Users\so\Desktop\AI-Powered Radiology Hub\api\venv_gpu\lib\site-packages\medmnist\dataset.py", line 106, in download
    download_url(
  File "C:\Users\so\Desktop\AI-Powered Radiology Hub\api\venv_gpu\lib\site-packages\torchvision\datasets\utils.py", line 121, in download_url
    url = _get_redirect_url(url, max_hops=max_redirect_hops)
  File "C:\Users\so\Desktop\AI-Powered Radiology Hub\api\venv_gpu\lib\site-packages\torchvision\datasets\utils.py", line 66, in _get_redirect_url
    with urllib.request.urlopen(urllib.request.Request(url, headers=headers)) as response:
  File "C:\Users\so\AppData\Local\Programs\Python\Python310\lib\urllib\request.py", line 216, in urlopen
    return opener.open(url, data, timeout)
  File "C:\Users\so\AppData\Local\Programs\Python\Python310\lib\urllib\request.py", line 519, in open
    response = self._open(req, data)
  File "C:\Users\so\AppData\Local\Programs\Python\Python310\lib\urllib\request.py", line 536, in _open
    result = self._call_chain(self.handle_open, protocol, protocol +
  File "C:\Users\so\AppData\Local\Programs\Python\Python310\lib\urllib\request.py", line 496, in _call_chain
    result = func(*args)
  File "C:\Users\so\AppData\Local\Programs\Python\Python310\lib\urllib\request.py", line 1391, in https_open
    return self.do_open(http.client.HTTPSConnection, req,
  File "C:\Users\so\AppData\Local\Programs\Python\Python310\lib\urllib\request.py", line 1351, in do_open
    raise URLError(err)
urllib.error.URLError: <urlopen error [Errno 11001] getaddrinfo failed>

During handling of the above exception, another exception occurred:

Traceback (most recent call last):
  File "C:\Users\so\Desktop\AI-Powered Radiology Hub\api\train_medmnist_v2.py", line 531, in <module>
    main()
  File "C:\Users\so\Desktop\AI-Powered Radiology Hub\api\train_medmnist_v2.py", line 277, in main
    Xtr, ytr = load_split("train"); Xva, yva = load_split("val"); Xte, yte = load_split("test")
  File "C:\Users\so\Desktop\AI-Powered Radiology Hub\api\train_medmnist_v2.py", line 161, in load_split
    ds = DataClass(split=split, download=True, size=SIZE, root=DATA_ROOT)
  File "C:\Users\so\Desktop\AI-Powered Radiology Hub\api\venv_gpu\lib\site-packages\medmnist\dataset.py", line 56, in __init__
    self.download()
  File "C:\Users\so\Desktop\AI-Powered Radiology Hub\api\venv_gpu\lib\site-packages\medmnist\dataset.py", line 113, in download
    raise RuntimeError(
RuntimeError: 
                Automatic download failed! Please download bloodmnist_224.npz manually.
                1. [Optional] Check your network connection: 
                    Go to https://github.com/MedMNIST/MedMNIST/ and find the Zenodo repository
                2. Download the npz file from the Zenodo repository or its Zenodo data link: 
                    https://zenodo.org/records/10519652/files/bloodmnist_224.npz?download=1
                3. [Optional] Verify the MD5: 
                    b718ff6835fcbdb22ba9eacccd7b2601
                4. Put the npz file under your MedMNIST root folder: 
                    C:\Users\so\Desktop\AI-Powered Radiology Hub\api\data\medmnist
                
[exit] blood_eb0 rc=1

======== path_eb0  2026-09-08 06:51:06 ========
[cmd] DATASET=pathmnist   ARCH=efficientnet_b0 SIZE=64 MAX_TRAIN=20000 EPOCHS=20 SUFFIX=_eb0
[path_eb0] pathmnist arch=efficientnet_b0 size=64 batch=24 classes=9 device=cuda binary=False mixup=0.0 cutmix=0.0 preproc=none
[mem] train split -> memmap C:\Users\so\Desktop\AI-Powered Radiology Hub\api\data\medmnist\_memmap\pathmnist_train_64.npy (1.11 GB)
[mem] val split -> memmap C:\Users\so\Desktop\AI-Powered Radiology Hub\api\data\medmnist\_memmap\pathmnist_val_64.npy (0.12 GB)
[path_eb0] subsampled train -> 19998
[path_eb0] train=19998 val=10004 test=7180 | test balance=[1338, 847, 339, 634, 1035, 592, 741, 421, 1233]
  ep  1/20 [A(head)] loss=1.2387 val_loss=0.8639 val_acc=0.7116 val_bacc=0.7167
  ep  2/20 [A(head)] loss=1.1570 val_loss=0.8209 val_acc=0.7227 val_bacc=0.7236
  ep  3/20 [A(head)] loss=1.1748 val_loss=0.7832 val_acc=0.7408 val_bacc=0.7426
  ep  4/20 [B(full)] loss=0.8678 val_loss=0.2785 val_acc=0.9207 val_bacc=0.9205
  ep  5/20 [B(full)] loss=0.6339 val_loss=0.2145 val_acc=0.9455 val_bacc=0.9452
  ep  6/20 [B(full)] loss=0.5669 val_loss=0.2101 val_acc=0.9494 val_bacc=0.9483
  ep  7/20 [B(full)] loss=0.5227 val_loss=0.1801 val_acc=0.9591 val_bacc=0.9585
  ep  8/20 [B(full)] loss=0.4911 val_loss=0.1734 val_acc=0.9627 val_bacc=0.9629
  ep  9/20 [B(full)] loss=0.4706 val_loss=0.1607 val_acc=0.9694 val_bacc=0.9694
  ep 10/20 [B(full)] loss=0.4571 val_loss=0.1741 val_acc=0.9632 val_bacc=0.9618
  ep 11/20 [B(full)] loss=0.4351 val_loss=0.1416 val_acc=0.9715 val_bacc=0.9710
  ep 12/20 [B(full)] loss=0.4246 val_loss=0.1430 val_acc=0.9748 val_bacc=0.9745
  ep 13/20 [B(full)] loss=0.4038 val_loss=0.1384 val_acc=0.9707 val_bacc=0.9699
  ep 14/20 [B(full)] loss=0.3961 val_loss=0.1396 val_acc=0.9731 val_bacc=0.9726
  ep 15/20 [B(full)] loss=0.3835 val_loss=0.1407 val_acc=0.9721 val_bacc=0.9718
  ep 16/20 [B(full)] loss=0.3711 val_loss=0.1258 val_acc=0.9778 val_bacc=0.9774
  ep 17/20 [B(full)] loss=0.3618 val_loss=0.1201 val_acc=0.9795 val_bacc=0.9792
  ep 18/20 [B(full)] loss=0.3562 val_loss=0.1192 val_acc=0.9793 val_bacc=0.9794
  ep 19/20 [B(full)] loss=0.3534 val_loss=0.1208 val_acc=0.9803 val_bacc=0.9805
  ep 20/20 [B(full)] loss=0.3519 val_loss=0.1194 val_acc=0.9804 val_bacc=0.9803
  [tta] val_plain=0.9803 val_tta=0.9818 -> use_tta=True (decided on val)

[report]
                                       precision    recall  f1-score   support

                             adipose       0.97      0.99      0.98      1338
                          background       1.00      1.00      1.00       847
                              debris       0.92      0.93      0.93       339
                         lymphocytes       0.93      1.00      0.96       634
                               mucus       0.99      0.95      0.97      1035
                       smooth muscle       0.83      0.96      0.89       592
                 normal colon mucosa       0.97      0.94      0.95       741
            cancer-associated stroma       0.93      0.71      0.81       421
colorectal adenocarcinoma epithelium       0.97      0.96      0.96      1233

                            accuracy                           0.95      7180
                           macro avg       0.95      0.94      0.94      7180
                        weighted avg       0.96      0.95      0.95      7180

[RESULT] path_eb0 test_acc=0.9545 train_acc=0.9873 gap=+0.0328 macroF1=0.9394 auc=0.9975 tta=True
PATH_EB0_DONE
[exit] path_eb0 rc=0
=== sweep queue_phase45.txt end 2026-09-08 07:20:44 ===
=== sweep queue_phase6.txt start 2026-09-08 07:20:46 ===

======== oct_eb0  2026-09-08 07:20:46 ========
[cmd] DATASET=octmnist ARCH=efficientnet_b0 SIZE=128 MAX_TRAIN=40000 VAL_MAX=3000 EPOCHS=14 SUFFIX=_eb0
[oct_eb0] octmnist arch=efficientnet_b0 size=128 batch=24 classes=4 device=cuda binary=False mixup=0.0 cutmix=0.0 preproc=none/full
[mem] train split -> memmap C:\Users\so\Desktop\AI-Powered Radiology Hub\api\data\medmnist\_memmap\octmnist_train_128.npy (1.60 GB)
[mem] val split -> memmap C:\Users\so\Desktop\AI-Powered Radiology Hub\api\data\medmnist\_memmap\octmnist_val_128.npy (0.18 GB)
[oct_eb0] subsampled train -> 37754
[oct_eb0] val subsampled -> 3000 (VAL_MAX, model selection only)
[oct_eb0] train=37754 val=3000 test=1000 | test balance=[250, 250, 250, 250]
  ep  1/14 [A(head)] loss=1.0779 val_loss=0.8175 val_acc=0.6907 val_bacc=0.6907
  ep  2/14 [A(head)] loss=1.0569 val_loss=0.8186 val_acc=0.6843 val_bacc=0.6843
  ep  3/14 [A(head)] loss=1.0561 val_loss=0.8110 val_acc=0.6847 val_bacc=0.6847
  ep  4/14 [B(full)] loss=0.5747 val_loss=0.2598 val_acc=0.9163 val_bacc=0.9163
  ep  5/14 [B(full)] loss=0.4557 val_loss=0.2661 val_acc=0.9200 val_bacc=0.9200
  ep  6/14 [B(full)] loss=0.4198 val_loss=0.2209 val_acc=0.9313 val_bacc=0.9313
  ep  7/14 [B(full)] loss=0.3962 val_loss=0.2075 val_acc=0.9400 val_bacc=0.9400
  ep  8/14 [B(full)] loss=0.3792 val_loss=0.1994 val_acc=0.9393 val_bacc=0.9393
  ep  9/14 [B(full)] loss=0.3650 val_loss=0.1967 val_acc=0.9397 val_bacc=0.9397
  ep 10/14 [B(full)] loss=0.3511 val_loss=0.1745 val_acc=0.9483 val_bacc=0.9483
  ep 11/14 [B(full)] loss=0.3367 val_loss=0.1766 val_acc=0.9490 val_bacc=0.9490
  ep 12/14 [B(full)] loss=0.3270 val_loss=0.1823 val_acc=0.9477 val_bacc=0.9477
  ep 13/14 [B(full)] loss=0.3207 val_loss=0.1612 val_acc=0.9527 val_bacc=0.9527
  ep 14/14 [B(full)] loss=0.3165 val_loss=0.1610 val_acc=0.9563 val_bacc=0.9563
  [tta] val_plain=0.9563 val_tta=0.9563 -> use_tta=False (decided on val)

[report]
                               precision    recall  f1-score   support

choroidal neovascularization       0.81      0.99      0.89       250
      diabetic macular edema       0.98      0.97      0.97       250
                      drusen       0.99      0.76      0.86       250
                      normal       0.96      0.97      0.96       250

                    accuracy                           0.92      1000
                   macro avg       0.93      0.92      0.92      1000
                weighted avg       0.93      0.92      0.92      1000

[RESULT] oct_eb0 test_acc=0.9230 train_acc=0.9658 gap=+0.0428 macroF1=0.922 auc=0.993 tta=False
OCT_EB0_DONE
[exit] oct_eb0 rc=0

======== oct_bin_eb0  2026-09-08 08:19:21 ========
[cmd] DATASET=octmnist ARCH=efficientnet_b0 SIZE=128 BINARY=1 MAX_TRAIN=40000 VAL_MAX=3000 EPOCHS=12 SUFFIX=_eb0
[oct_bin_eb0] octmnist arch=efficientnet_b0 size=128 batch=24 classes=2 device=cuda binary=True mixup=0.0 cutmix=0.0 preproc=none/full
[mem] train split -> memmap C:\Users\so\Desktop\AI-Powered Radiology Hub\api\data\medmnist\_memmap\octmnist_train_128.npy (1.60 GB)
[mem] val split -> memmap C:\Users\so\Desktop\AI-Powered Radiology Hub\api\data\medmnist\_memmap\octmnist_val_128.npy (0.18 GB)
[oct_bin_eb0] subsampled train -> 40000
[oct_bin_eb0] val subsampled -> 3000 (VAL_MAX, model selection only)
[oct_bin_eb0] train=40000 val=3000 test=1000 | test balance=[250, 750]
  ep  1/12 [A(head)] loss=0.4750 val_loss=0.3587 val_acc=0.8493 val_bacc=0.8493
  ep  2/12 [A(head)] loss=0.4666 val_loss=0.3318 val_acc=0.8667 val_bacc=0.8667
  ep  3/12 [A(head)] loss=0.4725 val_loss=0.3632 val_acc=0.8477 val_bacc=0.8477
  ep  4/12 [B(full)] loss=0.2434 val_loss=0.1313 val_acc=0.9553 val_bacc=0.9553
  ep  5/12 [B(full)] loss=0.1954 val_loss=0.1258 val_acc=0.9573 val_bacc=0.9573
  ep  6/12 [B(full)] loss=0.1864 val_loss=0.1040 val_acc=0.9703 val_bacc=0.9703
  ep  7/12 [B(full)] loss=0.1785 val_loss=0.0888 val_acc=0.9750 val_bacc=0.9750
  ep  8/12 [B(full)] loss=0.1736 val_loss=0.0802 val_acc=0.9807 val_bacc=0.9807
  ep  9/12 [B(full)] loss=0.1682 val_loss=0.0848 val_acc=0.9790 val_bacc=0.9790
  ep 10/12 [B(full)] loss=0.1636 val_loss=0.0756 val_acc=0.9833 val_bacc=0.9833
  ep 11/12 [B(full)] loss=0.1600 val_loss=0.0789 val_acc=0.9817 val_bacc=0.9817
  ep 12/12 [B(full)] loss=0.1592 val_loss=0.0757 val_acc=0.9823 val_bacc=0.9823
  [tta] val_plain=0.9833 val_tta=0.9840 -> use_tta=True (decided on val)

[report]
                           precision    recall  f1-score   support

                  normal       0.96      1.00      0.98       250
disease (CNV/DME/drusen)       1.00      0.99      0.99       750

                accuracy                           0.99      1000
               macro avg       0.98      0.99      0.99      1000
            weighted avg       0.99      0.99      0.99      1000

[RESULT] oct_bin_eb0 test_acc=0.9900 train_acc=0.9838 gap=-0.0062 macroF1=0.9868 auc=0.9995 tta=True
OCT_BIN_EB0_DONE
[exit] oct_bin_eb0 rc=0

======== retina_bg  2026-09-08 09:05:41 ========
[cmd] DATASET=retinamnist ARCH=efficientnet_b0 PREPROC=ben_graham SUFFIX=_bg
[retina_bg] retinamnist arch=efficientnet_b0 size=224 batch=24 classes=5 device=cuda binary=False mixup=0.0 cutmix=0.0 preproc=ben_graham/full
[preproc] ben_graham train -> (1080, 224, 224, 3) in 2.6s
[mem] train split -> memmap C:\Users\so\Desktop\AI-Powered Radiology Hub\api\data\medmnist\_memmap\retinamnist_train_224.npy (0.16 GB)
[preproc] ben_graham val -> (120, 224, 224, 3) in 0.3s
[preproc] ben_graham test -> (400, 224, 224, 3) in 0.9s
[retina_bg] train=1080 val=120 test=400 | test balance=[174, 46, 92, 68, 20]
  ep  1/30 [A(head)] loss=1.5629 val_loss=1.5668 val_acc=0.2167 val_bacc=0.2314
  ep  2/30 [A(head)] loss=1.4325 val_loss=1.6232 val_acc=0.2000 val_bacc=0.2952
  ep  3/30 [A(head)] loss=1.4210 val_loss=1.6486 val_acc=0.1667 val_bacc=0.3170
  ep  4/30 [B(full)] loss=1.3048 val_loss=1.6418 val_acc=0.2333 val_bacc=0.2991
  ep  5/30 [B(full)] loss=1.1402 val_loss=1.5695 val_acc=0.2417 val_bacc=0.3604
  ep  6/30 [B(full)] loss=1.0245 val_loss=2.0645 val_acc=0.1250 val_bacc=0.2811
  ep  7/30 [B(full)] loss=0.9753 val_loss=2.0561 val_acc=0.1917 val_bacc=0.3900
  ep  8/30 [B(full)] loss=0.8460 val_loss=2.1514 val_acc=0.1500 val_bacc=0.3471
  ep  9/30 [B(full)] loss=0.8738 val_loss=2.2871 val_acc=0.1083 val_bacc=0.3100
  ep 10/30 [B(full)] loss=0.8146 val_loss=2.2117 val_acc=0.1167 val_bacc=0.2800
  ep 11/30 [B(full)] loss=0.7553 val_loss=2.2411 val_acc=0.1417 val_bacc=0.3300
  ep 12/30 [B(full)] loss=0.7146 val_loss=2.4577 val_acc=0.1167 val_bacc=0.2800
  ep 13/30 [B(full)] loss=0.7039 val_loss=2.3292 val_acc=0.1417 val_bacc=0.3467
  [early stop] patience 8
  [tta] val_plain=0.2417 val_tta=0.2333 -> use_tta=False (decided on val)

[report]
               precision    recall  f1-score   support

           0       0.47      0.20      0.28       174
           1       0.14      0.41      0.20        46
           2       0.14      0.02      0.04        92
           3       0.38      0.50      0.43        68
           4       0.13      0.55      0.21        20

    accuracy                           0.25       400
   macro avg       0.25      0.34      0.23       400
weighted avg       0.33      0.25      0.24       400

[RESULT] retina_bg test_acc=0.2500 train_acc=0.7056 gap=+0.4556 macroF1=0.2322 auc=0.6421 tta=False
RETINA_BG_DONE
[exit] retina_bg rc=0

======== retina_clahe  2026-09-08 09:09:34 ========
[cmd] DATASET=retinamnist ARCH=efficientnet_b0 PREPROC=clahe      SUFFIX=_clahe
[retina_clahe] retinamnist arch=efficientnet_b0 size=224 batch=24 classes=5 device=cuda binary=False mixup=0.0 cutmix=0.0 preproc=clahe/full
[preproc] clahe train -> (1080, 224, 224, 3) in 22.5s
[mem] train split -> memmap C:\Users\so\Desktop\AI-Powered Radiology Hub\api\data\medmnist\_memmap\retinamnist_train_224.npy (0.16 GB)
[preproc] clahe val -> (120, 224, 224, 3) in 2.3s
[preproc] clahe test -> (400, 224, 224, 3) in 7.8s
[retina_clahe] train=1080 val=120 test=400 | test balance=[174, 46, 92, 68, 20]
[exit] retina_clahe rc=1

======== retina_bin_bg  2026-09-08 09:10:39 ========
[cmd] DATASET=retinamnist ARCH=resnet18 BINARY=1 PREPROC=ben_graham SUFFIX=_bg
[retina_bin_bg] retinamnist arch=resnet18 size=224 batch=32 classes=2 device=cuda binary=True mixup=0.0 cutmix=0.0 preproc=ben_graham/full
[preproc] ben_graham train -> (1080, 224, 224, 3) in 2.3s
[mem] train split -> memmap C:\Users\so\Desktop\AI-Powered Radiology Hub\api\data\medmnist\_memmap\retinamnist_train_224_ben_graham.npy (0.16 GB)
[preproc] ben_graham val -> (120, 224, 224, 3) in 0.2s
[preproc] ben_graham test -> (400, 224, 224, 3) in 0.8s
[retina_bin_bg] train=1080 val=120 test=400 | test balance=[220, 180]
  ep  1/30 [A(head)] loss=0.7281 val_loss=0.7950 val_acc=0.4667 val_bacc=0.5152
  ep  2/30 [A(head)] loss=0.6302 val_loss=0.6315 val_acc=0.6417 val_bacc=0.6675
  ep  3/30 [A(head)] loss=0.5964 val_loss=0.5514 val_acc=0.7083 val_bacc=0.7146
  ep  4/30 [B(full)] loss=0.5302 val_loss=0.5110 val_acc=0.7750 val_bacc=0.7803
  ep  5/30 [B(full)] loss=0.3878 val_loss=0.6759 val_acc=0.7667 val_bacc=0.7795
  ep  6/30 [B(full)] loss=0.3873 val_loss=0.3519 val_acc=0.8667 val_bacc=0.8603
  ep  7/30 [B(full)] loss=0.3641 val_loss=0.5100 val_acc=0.8000 val_bacc=0.7879
  ep  8/30 [B(full)] loss=0.3079 val_loss=0.3692 val_acc=0.8500 val_bacc=0.8519
  ep  9/30 [B(full)] loss=0.2994 val_loss=0.5063 val_acc=0.8417 val_bacc=0.8274
  ep 10/30 [B(full)] loss=0.2979 val_loss=0.5122 val_acc=0.8167 val_bacc=0.8030
  ep 11/30 [B(full)] loss=0.2787 val_loss=0.4927 val_acc=0.8083 val_bacc=0.7938
  ep 12/30 [B(full)] loss=0.2602 val_loss=0.3330 val_acc=0.8583 val_bacc=0.8561
  ep 13/30 [B(full)] loss=0.2471 val_loss=0.5365 val_acc=0.8083 val_bacc=0.7921
  ep 14/30 [B(full)] loss=0.2411 val_loss=0.3779 val_acc=0.8500 val_bacc=0.8401
  [early stop] patience 8
  [tta] val_plain=0.8667 val_tta=0.8667 -> use_tta=False (decided on val)

[report]
                            precision    recall  f1-score   support

non-referable (grade 0-1)       0.89      0.85      0.87       220
 referable DR (grade 2-4)       0.83      0.87      0.85       180

                 accuracy                           0.86       400
                macro avg       0.86      0.86      0.86       400
             weighted avg       0.86      0.86      0.86       400

[RESULT] retina_bin_bg test_acc=0.8625 train_acc=0.9148 gap=+0.0523 macroF1=0.8617 auc=0.9409 tta=False
RETINA_BIN_BG_DONE
[exit] retina_bin_bg rc=0

======== breast_k_r18f0  2026-09-08 09:14:00 ========
[cmd] DATASET=breastmnist ARCH=resnet18 KFOLD=5 FOLD=0 SUFFIX=_k_r18f0
[breast_k_r18f0] breastmnist arch=resnet18 size=224 batch=32 classes=2 device=cuda binary=False mixup=0.0 cutmix=0.0 preproc=none/full
[kfold] 5-fold, fold 0: pooled 624 -> train 499 / val 125 (seed 12345, stratified)
[breast_k_r18f0] train=499 val=125 test=156 | test balance=[42, 114]
  ep  1/30 [A(head)] loss=0.7464 val_loss=0.6375 val_acc=0.6240 val_bacc=0.4822
  ep  2/30 [A(head)] loss=0.7319 val_loss=0.7443 val_acc=0.5120 val_bacc=0.6393
  ep  3/30 [A(head)] loss=0.6860 val_loss=0.7071 val_acc=0.5520 val_bacc=0.6471
  ep  4/30 [B(full)] loss=0.6214 val_loss=0.8240 val_acc=0.7680 val_bacc=0.5606
  ep  5/30 [B(full)] loss=0.5772 val_loss=0.4311 val_acc=0.8320 val_bacc=0.6818
  ep  6/30 [B(full)] loss=0.4575 val_loss=0.3440 val_acc=0.8560 val_bacc=0.7759
  ep  7/30 [B(full)] loss=0.5286 val_loss=0.6206 val_acc=0.8000 val_bacc=0.8641
  ep  8/30 [B(full)] loss=0.4504 val_loss=0.4137 val_acc=0.8160 val_bacc=0.8653
  ep  9/30 [B(full)] loss=0.3880 val_loss=0.3362 val_acc=0.8960 val_bacc=0.8905
  ep 10/30 [B(full)] loss=0.3480 val_loss=0.5226 val_acc=0.8000 val_bacc=0.8641
  ep 11/30 [B(full)] loss=0.3186 val_loss=0.9961 val_acc=0.6560 val_bacc=0.7663
  ep 12/30 [B(full)] loss=0.3083 val_loss=0.2552 val_acc=0.8960 val_bacc=0.8127
  ep 13/30 [B(full)] loss=0.2989 val_loss=0.4704 val_acc=0.8320 val_bacc=0.8762
  ep 14/30 [B(full)] loss=0.3005 val_loss=0.3668 val_acc=0.8400 val_bacc=0.8524
  ep 15/30 [B(full)] loss=0.3037 val_loss=0.2415 val_acc=0.8800 val_bacc=0.8893
  ep 16/30 [B(full)] loss=0.2603 val_loss=0.2476 val_acc=0.8800 val_bacc=0.8407
  ep 17/30 [B(full)] loss=0.2553 val_loss=0.2874 val_acc=0.8880 val_bacc=0.9142
  [early stop] patience 8
  [tta] val_plain=0.8960 val_tta=0.8960 -> use_tta=False (decided on val)

[report]
                 precision    recall  f1-score   support

     malignant       0.75      0.71      0.73        42
normal, benign       0.90      0.91      0.90       114

      accuracy                           0.86       156
     macro avg       0.82      0.81      0.82       156
  weighted avg       0.86      0.86      0.86       156

[RESULT] breast_k_r18f0 test_acc=0.8590 train_acc=0.9158 gap=+0.0569 macroF1=0.818 auc=0.933 tta=False
BREAST_K_R18F0_DONE
[exit] breast_k_r18f0 rc=0

======== breast_k_r18f1  2026-09-08 09:15:54 ========
[cmd] DATASET=breastmnist ARCH=resnet18 KFOLD=5 FOLD=1 SUFFIX=_k_r18f1
[breast_k_r18f1] breastmnist arch=resnet18 size=224 batch=32 classes=2 device=cuda binary=False mixup=0.0 cutmix=0.0 preproc=none/full
[kfold] 5-fold, fold 1: pooled 624 -> train 499 / val 125 (seed 12345, stratified)
[breast_k_r18f1] train=499 val=125 test=156 | test balance=[42, 114]
  ep  1/30 [A(head)] loss=0.8092 val_loss=0.7094 val_acc=0.4960 val_bacc=0.4973
  ep  2/30 [A(head)] loss=0.7030 val_loss=0.5996 val_acc=0.6560 val_bacc=0.5150
  ep  3/30 [A(head)] loss=0.6629 val_loss=0.7343 val_acc=0.5040 val_bacc=0.6409
  ep  4/30 [B(full)] loss=0.6290 val_loss=0.7727 val_acc=0.6160 val_bacc=0.6902
  ep  5/30 [B(full)] loss=0.6086 val_loss=0.3565 val_acc=0.8560 val_bacc=0.7906
  ep  6/30 [B(full)] loss=0.5227 val_loss=0.5001 val_acc=0.7440 val_bacc=0.7781
  ep  7/30 [B(full)] loss=0.4404 val_loss=0.4704 val_acc=0.8000 val_bacc=0.8258
  ep  8/30 [B(full)] loss=0.4439 val_loss=0.5534 val_acc=0.7360 val_bacc=0.7818
  ep  9/30 [B(full)] loss=0.4267 val_loss=0.4791 val_acc=0.7840 val_bacc=0.8332
  ep 10/30 [B(full)] loss=0.3858 val_loss=0.4084 val_acc=0.8000 val_bacc=0.8166
  ep 11/30 [B(full)] loss=0.3058 val_loss=0.3008 val_acc=0.9120 val_bacc=0.8935
  ep 12/30 [B(full)] loss=0.2957 val_loss=0.4474 val_acc=0.7600 val_bacc=0.8075
  ep 13/30 [B(full)] loss=0.3285 val_loss=0.3504 val_acc=0.8400 val_bacc=0.8164
  ep 14/30 [B(full)] loss=0.2651 val_loss=0.4060 val_acc=0.8480 val_bacc=0.8403
  ep 15/30 [B(full)] loss=0.2868 val_loss=0.5511 val_acc=0.8000 val_bacc=0.8258
  ep 16/30 [B(full)] loss=0.2426 val_loss=0.4227 val_acc=0.8560 val_bacc=0.8550
  ep 17/30 [B(full)] loss=0.2737 val_loss=0.3393 val_acc=0.8640 val_bacc=0.8513
  ep 18/30 [B(full)] loss=0.2434 val_loss=0.3242 val_acc=0.8640 val_bacc=0.8513
  ep 19/30 [B(full)] loss=0.2317 val_loss=0.4548 val_acc=0.8480 val_bacc=0.8680
  [early stop] patience 8
  [tta] val_plain=0.9120 val_tta=0.9040 -> use_tta=False (decided on val)

[report]
                 precision    recall  f1-score   support

     malignant       0.76      0.74      0.75        42
normal, benign       0.90      0.91      0.91       114

      accuracy                           0.87       156
     macro avg       0.83      0.83      0.83       156
  weighted avg       0.86      0.87      0.86       156

[RESULT] breast_k_r18f1 test_acc=0.8654 train_acc=0.9399 gap=+0.0745 macroF1=0.8276 auc=0.9037 tta=False
BREAST_K_R18F1_DONE
[exit] breast_k_r18f1 rc=0

======== breast_k_r18f2  2026-09-08 09:17:59 ========
[cmd] DATASET=breastmnist ARCH=resnet18 KFOLD=5 FOLD=2 SUFFIX=_k_r18f2
[breast_k_r18f2] breastmnist arch=resnet18 size=224 batch=32 classes=2 device=cuda binary=False mixup=0.0 cutmix=0.0 preproc=none/full
[kfold] 5-fold, fold 2: pooled 624 -> train 499 / val 125 (seed 12345, stratified)
[breast_k_r18f2] train=499 val=125 test=156 | test balance=[42, 114]
  ep  1/30 [A(head)] loss=0.7980 val_loss=0.6452 val_acc=0.6240 val_bacc=0.4654
  ep  2/30 [A(head)] loss=0.7147 val_loss=0.8323 val_acc=0.3840 val_bacc=0.5585
  ep  3/30 [A(head)] loss=0.6529 val_loss=0.6724 val_acc=0.5680 val_bacc=0.6388
  ep  4/30 [B(full)] loss=0.6581 val_loss=0.3272 val_acc=0.8560 val_bacc=0.7353
  ep  5/30 [B(full)] loss=0.5167 val_loss=0.6441 val_acc=0.7840 val_bacc=0.6029
  ep  6/30 [B(full)] loss=0.5289 val_loss=0.3544 val_acc=0.8400 val_bacc=0.8441
  ep  7/30 [B(full)] loss=0.4712 val_loss=0.5171 val_acc=0.8080 val_bacc=0.6839
  ep  8/30 [B(full)] loss=0.4356 val_loss=0.3068 val_acc=0.8640 val_bacc=0.8421
  ep  9/30 [B(full)] loss=0.4491 val_loss=0.2634 val_acc=0.8800 val_bacc=0.8899
  ep 10/30 [B(full)] loss=0.3782 val_loss=0.2956 val_acc=0.8800 val_bacc=0.8439
  ep 11/30 [B(full)] loss=0.3620 val_loss=0.3134 val_acc=0.8640 val_bacc=0.8882
  ep 12/30 [B(full)] loss=0.3496 val_loss=0.2649 val_acc=0.9040 val_bacc=0.8880
  ep 13/30 [B(full)] loss=0.3095 val_loss=0.2006 val_acc=0.9040 val_bacc=0.8696
  ep 14/30 [B(full)] loss=0.2952 val_loss=0.2399 val_acc=0.9040 val_bacc=0.8972
  ep 15/30 [B(full)] loss=0.3056 val_loss=0.2437 val_acc=0.9200 val_bacc=0.9174
  ep 16/30 [B(full)] loss=0.3001 val_loss=0.2771 val_acc=0.8800 val_bacc=0.8163
  ep 17/30 [B(full)] loss=0.2881 val_loss=0.1830 val_acc=0.9440 val_bacc=0.9155
  ep 18/30 [B(full)] loss=0.2459 val_loss=0.2496 val_acc=0.9040 val_bacc=0.9064
  ep 19/30 [B(full)] loss=0.2429 val_loss=0.2695 val_acc=0.8800 val_bacc=0.8807
  ep 20/30 [B(full)] loss=0.2316 val_loss=0.1967 val_acc=0.9280 val_bacc=0.8953
  ep 21/30 [B(full)] loss=0.2313 val_loss=0.2317 val_acc=0.9040 val_bacc=0.8788
  ep 22/30 [B(full)] loss=0.2208 val_loss=0.2862 val_acc=0.9120 val_bacc=0.9303
  ep 23/30 [B(full)] loss=0.2351 val_loss=0.2051 val_acc=0.9200 val_bacc=0.9266
  ep 24/30 [B(full)] loss=0.2100 val_loss=0.2164 val_acc=0.9200 val_bacc=0.9174
  ep 25/30 [B(full)] loss=0.2299 val_loss=0.2738 val_acc=0.9120 val_bacc=0.9303
  [early stop] patience 8
  [tta] val_plain=0.9440 val_tta=0.9360 -> use_tta=False (decided on val)

[report]
                 precision    recall  f1-score   support

     malignant       0.84      0.76      0.80        42
normal, benign       0.92      0.95      0.93       114

      accuracy                           0.90       156
     macro avg       0.88      0.85      0.87       156
  weighted avg       0.90      0.90      0.90       156

[RESULT] breast_k_r18f2 test_acc=0.8974 train_acc=0.9860 gap=+0.0885 macroF1=0.8655 auc=0.9626 tta=False
BREAST_K_R18F2_DONE
[exit] breast_k_r18f2 rc=0

======== breast_k_r18f3  2026-09-08 09:20:54 ========
[cmd] DATASET=breastmnist ARCH=resnet18 KFOLD=5 FOLD=3 SUFFIX=_k_r18f3
[breast_k_r18f3] breastmnist arch=resnet18 size=224 batch=32 classes=2 device=cuda binary=False mixup=0.0 cutmix=0.0 preproc=none/full
[kfold] 5-fold, fold 3: pooled 624 -> train 499 / val 125 (seed 12345, stratified)
[breast_k_r18f3] train=499 val=125 test=156 | test balance=[42, 114]
  ep  1/30 [A(head)] loss=0.7423 val_loss=0.6431 val_acc=0.5600 val_bacc=0.4952
  ep  2/30 [A(head)] loss=0.7043 val_loss=0.5441 val_acc=0.7200 val_bacc=0.5314
  ep  3/30 [A(head)] loss=0.6627 val_loss=0.6887 val_acc=0.5520 val_bacc=0.6739
  ep  4/30 [B(full)] loss=0.6256 val_loss=0.4882 val_acc=0.8160 val_bacc=0.6618
  ep  5/30 [B(full)] loss=0.5367 val_loss=0.4376 val_acc=0.8160 val_bacc=0.7539
  ep  6/30 [B(full)] loss=0.5193 val_loss=0.3638 val_acc=0.8240 val_bacc=0.8054
  ep  7/30 [B(full)] loss=0.4585 val_loss=0.7420 val_acc=0.7360 val_bacc=0.7634
  ep  8/30 [B(full)] loss=0.4180 val_loss=0.3231 val_acc=0.8480 val_bacc=0.8772
  ep  9/30 [B(full)] loss=0.3506 val_loss=0.2792 val_acc=0.8800 val_bacc=0.7886
  ep 10/30 [B(full)] loss=0.3586 val_loss=0.2955 val_acc=0.8880 val_bacc=0.8494
  ep 11/30 [B(full)] loss=0.3697 val_loss=0.2348 val_acc=0.9040 val_bacc=0.8512
  ep 12/30 [B(full)] loss=0.3239 val_loss=0.6041 val_acc=0.7520 val_bacc=0.8205
  ep 13/30 [B(full)] loss=0.3453 val_loss=0.2899 val_acc=0.8880 val_bacc=0.7941
  ep 14/30 [B(full)] loss=0.3037 val_loss=0.2200 val_acc=0.9280 val_bacc=0.8769
  ep 15/30 [B(full)] loss=0.2903 val_loss=0.3154 val_acc=0.8480 val_bacc=0.8772
  ep 16/30 [B(full)] loss=0.2894 val_loss=0.1944 val_acc=0.9600 val_bacc=0.9449
  ep 17/30 [B(full)] loss=0.2658 val_loss=0.2314 val_acc=0.9120 val_bacc=0.8382
  ep 18/30 [B(full)] loss=0.2365 val_loss=0.2551 val_acc=0.9280 val_bacc=0.9045
  ep 19/30 [B(full)] loss=0.2580 val_loss=0.2245 val_acc=0.9280 val_bacc=0.8953
  ep 20/30 [B(full)] loss=0.2247 val_loss=0.2688 val_acc=0.9040 val_bacc=0.8972
  ep 21/30 [B(full)] loss=0.2221 val_loss=0.2371 val_acc=0.9280 val_bacc=0.9229
  ep 22/30 [B(full)] loss=0.2368 val_loss=0.2192 val_acc=0.9360 val_bacc=0.9100
  ep 23/30 [B(full)] loss=0.2126 val_loss=0.2183 val_acc=0.9360 val_bacc=0.8916
  ep 24/30 [B(full)] loss=0.2022 val_loss=0.2194 val_acc=0.9360 val_bacc=0.8916
  [early stop] patience 8
  [tta] val_plain=0.9600 val_tta=0.9440 -> use_tta=False (decided on val)

[report]
                 precision    recall  f1-score   support

     malignant       0.77      0.79      0.78        42
normal, benign       0.92      0.91      0.92       114

      accuracy                           0.88       156
     macro avg       0.84      0.85      0.85       156
  weighted avg       0.88      0.88      0.88       156

[RESULT] breast_k_r18f3 test_acc=0.8782 train_acc=0.9739 gap=+0.0957 macroF1=0.8464 auc=0.9192 tta=False
BREAST_K_R18F3_DONE
[exit] breast_k_r18f3 rc=0

======== breast_k_r18f4  2026-09-08 09:24:01 ========
[cmd] DATASET=breastmnist ARCH=resnet18 KFOLD=5 FOLD=4 SUFFIX=_k_r18f4
[breast_k_r18f4] breastmnist arch=resnet18 size=224 batch=32 classes=2 device=cuda binary=False mixup=0.0 cutmix=0.0 preproc=none/full
[kfold] 5-fold, fold 4: pooled 624 -> train 500 / val 124 (seed 12345, stratified)
[breast_k_r18f4] train=500 val=124 test=156 | test balance=[42, 114]
  ep  1/30 [A(head)] loss=0.7635 val_loss=0.6243 val_acc=0.6694 val_bacc=0.5623
  ep  2/30 [A(head)] loss=0.6994 val_loss=0.6676 val_acc=0.5887 val_bacc=0.6329
  ep  3/30 [A(head)] loss=0.6637 val_loss=0.6487 val_acc=0.6048 val_bacc=0.6825
  ep  4/30 [B(full)] loss=0.6330 val_loss=0.4373 val_acc=0.8548 val_bacc=0.7756
  ep  5/30 [B(full)] loss=0.5497 val_loss=0.4213 val_acc=0.8629 val_bacc=0.8100
  ep  6/30 [B(full)] loss=0.4691 val_loss=0.4628 val_acc=0.7742 val_bacc=0.8462
  ep  7/30 [B(full)] loss=0.4548 val_loss=0.6544 val_acc=0.6774 val_bacc=0.7512
  ep  8/30 [B(full)] loss=0.4511 val_loss=0.2842 val_acc=0.8871 val_bacc=0.8265
  ep  9/30 [B(full)] loss=0.3927 val_loss=0.2907 val_acc=0.8629 val_bacc=0.8197
  ep 10/30 [B(full)] loss=0.3795 val_loss=0.8381 val_acc=0.6613 val_bacc=0.7692
  ep 11/30 [B(full)] loss=0.3478 val_loss=0.3154 val_acc=0.8629 val_bacc=0.8776
  ep 12/30 [B(full)] loss=0.3298 val_loss=0.4340 val_acc=0.7823 val_bacc=0.8323
  ep 13/30 [B(full)] loss=0.3058 val_loss=0.5745 val_acc=0.7581 val_bacc=0.8255
  ep 14/30 [B(full)] loss=0.2793 val_loss=0.2872 val_acc=0.8952 val_bacc=0.8320
  ep 15/30 [B(full)] loss=0.2968 val_loss=0.6413 val_acc=0.7661 val_bacc=0.8310
  ep 16/30 [B(full)] loss=0.3161 val_loss=0.3979 val_acc=0.8548 val_bacc=0.8625
  ep 17/30 [B(full)] loss=0.2662 val_loss=0.2469 val_acc=0.9032 val_bacc=0.8665
  ep 18/30 [B(full)] loss=0.2516 val_loss=0.2916 val_acc=0.8952 val_bacc=0.8996
  ep 19/30 [B(full)] loss=0.2609 val_loss=0.2205 val_acc=0.9274 val_bacc=0.9216
  ep 20/30 [B(full)] loss=0.2308 val_loss=0.2889 val_acc=0.8790 val_bacc=0.8983
  ep 21/30 [B(full)] loss=0.2633 val_loss=0.3037 val_acc=0.8952 val_bacc=0.8996
  ep 22/30 [B(full)] loss=0.2460 val_loss=0.2267 val_acc=0.9194 val_bacc=0.9257
  ep 23/30 [B(full)] loss=0.2198 val_loss=0.2239 val_acc=0.9194 val_bacc=0.9064
  ep 24/30 [B(full)] loss=0.2295 val_loss=0.2500 val_acc=0.9274 val_bacc=0.9312
  ep 25/30 [B(full)] loss=0.2400 val_loss=0.2655 val_acc=0.9032 val_bacc=0.9148
  ep 26/30 [B(full)] loss=0.2126 val_loss=0.2304 val_acc=0.9113 val_bacc=0.9202
  ep 27/30 [B(full)] loss=0.2293 val_loss=0.2511 val_acc=0.9032 val_bacc=0.9148
  [early stop] patience 8
  [tta] val_plain=0.9274 val_tta=0.9194 -> use_tta=False (decided on val)

[report]
                 precision    recall  f1-score   support

     malignant       0.75      0.86      0.80        42
normal, benign       0.94      0.89      0.92       114

      accuracy                           0.88       156
     macro avg       0.85      0.88      0.86       156
  weighted avg       0.89      0.88      0.89       156

[RESULT] breast_k_r18f4 test_acc=0.8846 train_acc=0.9720 gap=+0.0874 macroF1=0.8595 auc=0.9252 tta=False
BREAST_K_R18F4_DONE
[exit] breast_k_r18f4 rc=0

======== breast_k_eb0f0  2026-09-08 09:26:56 ========
[cmd] DATASET=breastmnist ARCH=efficientnet_b0 KFOLD=5 FOLD=0 SUFFIX=_k_eb0f0
[breast_k_eb0f0] breastmnist arch=efficientnet_b0 size=224 batch=24 classes=2 device=cuda binary=False mixup=0.0 cutmix=0.0 preproc=none/full
[kfold] 5-fold, fold 0: pooled 624 -> train 499 / val 125 (seed 12345, stratified)
[breast_k_eb0f0] train=499 val=125 test=156 | test balance=[42, 114]
  ep  1/30 [A(head)] loss=0.6774 val_loss=0.6871 val_acc=0.5360 val_bacc=0.6070
  ep  2/30 [A(head)] loss=0.6183 val_loss=0.6254 val_acc=0.6800 val_bacc=0.6563
  ep  3/30 [A(head)] loss=0.5777 val_loss=0.6739 val_acc=0.5760 val_bacc=0.6731
  ep  4/30 [B(full)] loss=0.5246 val_loss=0.5092 val_acc=0.7440 val_bacc=0.7775
  ep  5/30 [B(full)] loss=0.4537 val_loss=0.5458 val_acc=0.7440 val_bacc=0.8261
  ep  6/30 [B(full)] loss=0.4279 val_loss=0.5778 val_acc=0.7920 val_bacc=0.8198
  ep  7/30 [B(full)] loss=0.3998 val_loss=0.5381 val_acc=0.7680 val_bacc=0.8230
  ep  8/30 [B(full)] loss=0.3392 val_loss=0.5217 val_acc=0.8240 val_bacc=0.8610
  ep  9/30 [B(full)] loss=0.3267 val_loss=0.4408 val_acc=0.8400 val_bacc=0.8622
  ep 10/30 [B(full)] loss=0.3045 val_loss=0.4859 val_acc=0.8320 val_bacc=0.8470
  ep 11/30 [B(full)] loss=0.3144 val_loss=0.4934 val_acc=0.8320 val_bacc=0.8567
  ep 12/30 [B(full)] loss=0.2975 val_loss=0.5644 val_acc=0.8000 val_bacc=0.8350
  ep 13/30 [B(full)] loss=0.2505 val_loss=0.5568 val_acc=0.8160 val_bacc=0.8458
  ep 14/30 [B(full)] loss=0.2271 val_loss=0.5531 val_acc=0.8320 val_bacc=0.8762
  ep 15/30 [B(full)] loss=0.2428 val_loss=0.4986 val_acc=0.8480 val_bacc=0.8773
  ep 16/30 [B(full)] loss=0.2440 val_loss=0.4935 val_acc=0.8400 val_bacc=0.8524
  ep 17/30 [B(full)] loss=0.2501 val_loss=0.4576 val_acc=0.8720 val_bacc=0.8936
  ep 18/30 [B(full)] loss=0.2255 val_loss=0.6455 val_acc=0.8160 val_bacc=0.8750
  ep 19/30 [B(full)] loss=0.2268 val_loss=0.5822 val_acc=0.8400 val_bacc=0.8816
  ep 20/30 [B(full)] loss=0.2481 val_loss=0.4298 val_acc=0.8640 val_bacc=0.8687
  ep 21/30 [B(full)] loss=0.2425 val_loss=0.5047 val_acc=0.8480 val_bacc=0.8773
  ep 22/30 [B(full)] loss=0.2326 val_loss=0.4329 val_acc=0.8240 val_bacc=0.8319
  ep 23/30 [B(full)] loss=0.2253 val_loss=0.4682 val_acc=0.8480 val_bacc=0.8773
  ep 24/30 [B(full)] loss=0.2036 val_loss=0.4674 val_acc=0.8400 val_bacc=0.8622
  ep 25/30 [B(full)] loss=0.1881 val_loss=0.4680 val_acc=0.8480 val_bacc=0.8676
  [early stop] patience 8
  [tta] val_plain=0.8720 val_tta=0.8560 -> use_tta=False (decided on val)

[report]
                 precision    recall  f1-score   support

     malignant       0.73      0.95      0.82        42
normal, benign       0.98      0.87      0.92       114

      accuracy                           0.89       156
     macro avg       0.85      0.91      0.87       156
  weighted avg       0.91      0.89      0.90       156

[RESULT] breast_k_eb0f0 test_acc=0.8910 train_acc=0.9820 gap=+0.0909 macroF1=0.8728 auc=0.9522 tta=False
BREAST_K_EB0F0_DONE
[exit] breast_k_eb0f0 rc=0

======== breast_k_eb0f1  2026-09-08 09:30:30 ========
[cmd] DATASET=breastmnist ARCH=efficientnet_b0 KFOLD=5 FOLD=1 SUFFIX=_k_eb0f1
[breast_k_eb0f1] breastmnist arch=efficientnet_b0 size=224 batch=24 classes=2 device=cuda binary=False mixup=0.0 cutmix=0.0 preproc=none/full
[kfold] 5-fold, fold 1: pooled 624 -> train 499 / val 125 (seed 12345, stratified)
[breast_k_eb0f1] train=499 val=125 test=156 | test balance=[42, 114]
  ep  1/30 [A(head)] loss=0.6593 val_loss=0.6711 val_acc=0.5520 val_bacc=0.6094
  ep  2/30 [A(head)] loss=0.6128 val_loss=0.6178 val_acc=0.7280 val_bacc=0.7487
  ep  3/30 [A(head)] loss=0.5883 val_loss=0.6230 val_acc=0.6400 val_bacc=0.7067
  ep  4/30 [B(full)] loss=0.5373 val_loss=0.4804 val_acc=0.7440 val_bacc=0.7597
  ep  5/30 [B(full)] loss=0.4351 val_loss=0.6088 val_acc=0.6560 val_bacc=0.7361
  ep  6/30 [B(full)] loss=0.4280 val_loss=0.6616 val_acc=0.6000 val_bacc=0.7253
  ep  7/30 [B(full)] loss=0.3578 val_loss=0.5209 val_acc=0.7600 val_bacc=0.8075
  ep  8/30 [B(full)] loss=0.3359 val_loss=0.3274 val_acc=0.8560 val_bacc=0.8643
  ep  9/30 [B(full)] loss=0.3249 val_loss=0.2996 val_acc=0.8800 val_bacc=0.8715
  ep 10/30 [B(full)] loss=0.3336 val_loss=0.2861 val_acc=0.8880 val_bacc=0.8770
  ep 11/30 [B(full)] loss=0.2849 val_loss=0.2278 val_acc=0.9040 val_bacc=0.8788
  ep 12/30 [B(full)] loss=0.2749 val_loss=0.2581 val_acc=0.9040 val_bacc=0.8788
  ep 13/30 [B(full)] loss=0.2672 val_loss=0.2643 val_acc=0.9120 val_bacc=0.8935
  ep 14/30 [B(full)] loss=0.2716 val_loss=0.2574 val_acc=0.9200 val_bacc=0.8898
  ep 15/30 [B(full)] loss=0.2784 val_loss=0.2514 val_acc=0.9040 val_bacc=0.8788
  ep 16/30 [B(full)] loss=0.2472 val_loss=0.2632 val_acc=0.8880 val_bacc=0.8586
  ep 17/30 [B(full)] loss=0.2399 val_loss=0.2589 val_acc=0.9040 val_bacc=0.8788
  ep 18/30 [B(full)] loss=0.2266 val_loss=0.3159 val_acc=0.8800 val_bacc=0.8807
  ep 19/30 [B(full)] loss=0.2602 val_loss=0.2717 val_acc=0.9040 val_bacc=0.8880
  ep 20/30 [B(full)] loss=0.2081 val_loss=0.2824 val_acc=0.8960 val_bacc=0.8825
  ep 21/30 [B(full)] loss=0.2161 val_loss=0.2897 val_acc=0.8880 val_bacc=0.8862
  ep 22/30 [B(full)] loss=0.2175 val_loss=0.2867 val_acc=0.8960 val_bacc=0.8917
  [early stop] patience 8
  [tta] val_plain=0.9200 val_tta=0.9200 -> use_tta=False (decided on val)

[report]
                 precision    recall  f1-score   support

     malignant       0.81      0.71      0.76        42
normal, benign       0.90      0.94      0.92       114

      accuracy                           0.88       156
     macro avg       0.85      0.83      0.84       156
  weighted avg       0.88      0.88      0.88       156

[RESULT] breast_k_eb0f1 test_acc=0.8782 train_acc=0.9940 gap=+0.1158 macroF1=0.839 auc=0.9073 tta=False
BREAST_K_EB0F1_DONE
[exit] breast_k_eb0f1 rc=0

======== breast_k_eb0f2  2026-09-08 09:33:27 ========
[cmd] DATASET=breastmnist ARCH=efficientnet_b0 KFOLD=5 FOLD=2 SUFFIX=_k_eb0f2
[breast_k_eb0f2] breastmnist arch=efficientnet_b0 size=224 batch=24 classes=2 device=cuda binary=False mixup=0.0 cutmix=0.0 preproc=none/full
[kfold] 5-fold, fold 2: pooled 624 -> train 499 / val 125 (seed 12345, stratified)
[breast_k_eb0f2] train=499 val=125 test=156 | test balance=[42, 114]
  ep  1/30 [A(head)] loss=0.6566 val_loss=0.6504 val_acc=0.6240 val_bacc=0.5575
  ep  2/30 [A(head)] loss=0.5997 val_loss=0.5986 val_acc=0.7120 val_bacc=0.6456
  ep  3/30 [A(head)] loss=0.5742 val_loss=0.6140 val_acc=0.6960 val_bacc=0.7083
  ep  4/30 [B(full)] loss=0.5672 val_loss=0.4692 val_acc=0.7440 val_bacc=0.7505
  ep  5/30 [B(full)] loss=0.4652 val_loss=0.3785 val_acc=0.8160 val_bacc=0.8368
  ep  6/30 [B(full)] loss=0.3837 val_loss=0.3731 val_acc=0.8000 val_bacc=0.7982
  ep  7/30 [B(full)] loss=0.3764 val_loss=0.3323 val_acc=0.7920 val_bacc=0.8019
  ep  8/30 [B(full)] loss=0.3582 val_loss=0.2988 val_acc=0.8240 val_bacc=0.8054
  ep  9/30 [B(full)] loss=0.3721 val_loss=0.4166 val_acc=0.7840 val_bacc=0.8332
  ep 10/30 [B(full)] loss=0.3279 val_loss=0.2783 val_acc=0.8560 val_bacc=0.8643
  ep 11/30 [B(full)] loss=0.3025 val_loss=0.2885 val_acc=0.8720 val_bacc=0.8752
  ep 12/30 [B(full)] loss=0.3174 val_loss=0.2468 val_acc=0.9040 val_bacc=0.8880
  ep 13/30 [B(full)] loss=0.2727 val_loss=0.2386 val_acc=0.9120 val_bacc=0.9119
  ep 14/30 [B(full)] loss=0.2583 val_loss=0.2789 val_acc=0.9040 val_bacc=0.9249
  ep 15/30 [B(full)] loss=0.2582 val_loss=0.1900 val_acc=0.9280 val_bacc=0.9137
  ep 16/30 [B(full)] loss=0.2278 val_loss=0.2096 val_acc=0.9120 val_bacc=0.9119
  ep 17/30 [B(full)] loss=0.2581 val_loss=0.2265 val_acc=0.9200 val_bacc=0.9174
  ep 18/30 [B(full)] loss=0.2232 val_loss=0.2826 val_acc=0.9200 val_bacc=0.9266
  ep 19/30 [B(full)] loss=0.2217 val_loss=0.2288 val_acc=0.9280 val_bacc=0.9321
  ep 20/30 [B(full)] loss=0.2228 val_loss=0.2361 val_acc=0.9280 val_bacc=0.9321
  ep 21/30 [B(full)] loss=0.2168 val_loss=0.2577 val_acc=0.9200 val_bacc=0.9266
  ep 22/30 [B(full)] loss=0.2078 val_loss=0.1992 val_acc=0.9360 val_bacc=0.9376
  ep 23/30 [B(full)] loss=0.2186 val_loss=0.2175 val_acc=0.9360 val_bacc=0.9376
  ep 24/30 [B(full)] loss=0.2111 val_loss=0.2182 val_acc=0.9360 val_bacc=0.9376
  ep 25/30 [B(full)] loss=0.2115 val_loss=0.2305 val_acc=0.9360 val_bacc=0.9376
  ep 26/30 [B(full)] loss=0.1998 val_loss=0.2218 val_acc=0.9360 val_bacc=0.9376
  ep 27/30 [B(full)] loss=0.2124 val_loss=0.2016 val_acc=0.9360 val_bacc=0.9376
  ep 28/30 [B(full)] loss=0.1948 val_loss=0.2089 val_acc=0.9360 val_bacc=0.9376
  ep 29/30 [B(full)] loss=0.2113 val_loss=0.2142 val_acc=0.9360 val_bacc=0.9376
  ep 30/30 [B(full)] loss=0.1930 val_loss=0.2087 val_acc=0.9360 val_bacc=0.9376
  [early stop] patience 8
  [tta] val_plain=0.9360 val_tta=0.9360 -> use_tta=False (decided on val)

[report]
                 precision    recall  f1-score   support

     malignant       0.79      0.81      0.80        42
normal, benign       0.93      0.92      0.93       114

      accuracy                           0.89       156
     macro avg       0.86      0.87      0.86       156
  weighted avg       0.89      0.89      0.89       156

[RESULT] breast_k_eb0f2 test_acc=0.8910 train_acc=0.9960 gap=+0.1050 macroF1=0.8626 auc=0.9279 tta=False
BREAST_K_EB0F2_DONE
[exit] breast_k_eb0f2 rc=0

======== breast_k_eb0f3  2026-09-08 09:37:23 ========
[cmd] DATASET=breastmnist ARCH=efficientnet_b0 KFOLD=5 FOLD=3 SUFFIX=_k_eb0f3
[breast_k_eb0f3] breastmnist arch=efficientnet_b0 size=224 batch=24 classes=2 device=cuda binary=False mixup=0.0 cutmix=0.0 preproc=none/full
[kfold] 5-fold, fold 3: pooled 624 -> train 499 / val 125 (seed 12345, stratified)
[breast_k_eb0f3] train=499 val=125 test=156 | test balance=[42, 114]
  ep  1/30 [A(head)] loss=0.6483 val_loss=0.6755 val_acc=0.5440 val_bacc=0.6408
  ep  2/30 [A(head)] loss=0.5972 val_loss=0.6017 val_acc=0.6400 val_bacc=0.6606
  ep  3/30 [A(head)] loss=0.6044 val_loss=0.5745 val_acc=0.6720 val_bacc=0.6734
  ep  4/30 [B(full)] loss=0.5515 val_loss=0.5642 val_acc=0.6960 val_bacc=0.7267
  ep  5/30 [B(full)] loss=0.4443 val_loss=0.3860 val_acc=0.8160 val_bacc=0.8368
  ep  6/30 [B(full)] loss=0.3560 val_loss=0.4563 val_acc=0.7760 val_bacc=0.8277
  ep  7/30 [B(full)] loss=0.3630 val_loss=0.3810 val_acc=0.8080 val_bacc=0.8405
  ep  8/30 [B(full)] loss=0.3321 val_loss=0.2988 val_acc=0.8880 val_bacc=0.8678
  ep  9/30 [B(full)] loss=0.3574 val_loss=0.5715 val_acc=0.7360 val_bacc=0.7910
  ep 10/30 [B(full)] loss=0.3142 val_loss=0.3791 val_acc=0.8080 val_bacc=0.8313
  ep 11/30 [B(full)] loss=0.3026 val_loss=0.3101 val_acc=0.8800 val_bacc=0.8715
  ep 12/30 [B(full)] loss=0.3050 val_loss=0.3179 val_acc=0.8880 val_bacc=0.8862
  ep 13/30 [B(full)] loss=0.2461 val_loss=0.2675 val_acc=0.8800 val_bacc=0.8715
  ep 14/30 [B(full)] loss=0.2475 val_loss=0.2946 val_acc=0.8800 val_bacc=0.8715
  ep 15/30 [B(full)] loss=0.2226 val_loss=0.2755 val_acc=0.9120 val_bacc=0.8935
  ep 16/30 [B(full)] loss=0.2714 val_loss=0.2749 val_acc=0.8640 val_bacc=0.8605
  ep 17/30 [B(full)] loss=0.2413 val_loss=0.3352 val_acc=0.8480 val_bacc=0.8495
  ep 18/30 [B(full)] loss=0.2278 val_loss=0.2712 val_acc=0.8960 val_bacc=0.8825
  ep 19/30 [B(full)] loss=0.2160 val_loss=0.3237 val_acc=0.8720 val_bacc=0.8845
  ep 20/30 [B(full)] loss=0.2391 val_loss=0.2533 val_acc=0.8880 val_bacc=0.8770
  ep 21/30 [B(full)] loss=0.2292 val_loss=0.2936 val_acc=0.8720 val_bacc=0.8752
  ep 22/30 [B(full)] loss=0.2169 val_loss=0.2706 val_acc=0.8960 val_bacc=0.8825
  ep 23/30 [B(full)] loss=0.2093 val_loss=0.3095 val_acc=0.8640 val_bacc=0.8790
  [early stop] patience 8
  [tta] val_plain=0.9120 val_tta=0.9040 -> use_tta=False (decided on val)

[report]
                 precision    recall  f1-score   support

     malignant       0.87      0.79      0.82        42
normal, benign       0.92      0.96      0.94       114

      accuracy                           0.91       156
     macro avg       0.90      0.87      0.88       156
  weighted avg       0.91      0.91      0.91       156

[RESULT] breast_k_eb0f3 test_acc=0.9103 train_acc=0.9840 gap=+0.0737 macroF1=0.8823 auc=0.9401 tta=False
BREAST_K_EB0F3_DONE
[exit] breast_k_eb0f3 rc=0

======== breast_k_eb0f4  2026-09-08 09:40:22 ========
[cmd] DATASET=breastmnist ARCH=efficientnet_b0 KFOLD=5 FOLD=4 SUFFIX=_k_eb0f4
[breast_k_eb0f4] breastmnist arch=efficientnet_b0 size=224 batch=24 classes=2 device=cuda binary=False mixup=0.0 cutmix=0.0 preproc=none/full
[kfold] 5-fold, fold 4: pooled 624 -> train 500 / val 124 (seed 12345, stratified)
[breast_k_eb0f4] train=500 val=124 test=156 | test balance=[42, 114]
  ep  1/30 [A(head)] loss=0.6601 val_loss=0.6218 val_acc=0.7177 val_bacc=0.6532
  ep  2/30 [A(head)] loss=0.5849 val_loss=0.5813 val_acc=0.7419 val_bacc=0.7276
  ep  3/30 [A(head)] loss=0.5890 val_loss=0.6008 val_acc=0.6855 val_bacc=0.7567
  ep  4/30 [B(full)] loss=0.5352 val_loss=0.6165 val_acc=0.6694 val_bacc=0.7361
  ep  5/30 [B(full)] loss=0.4557 val_loss=0.4546 val_acc=0.7661 val_bacc=0.7924
  ep  6/30 [B(full)] loss=0.4177 val_loss=0.5949 val_acc=0.7097 val_bacc=0.7829
  ep  7/30 [B(full)] loss=0.3751 val_loss=0.4126 val_acc=0.8145 val_bacc=0.8350
  ep  8/30 [B(full)] loss=0.3507 val_loss=0.5659 val_acc=0.7258 val_bacc=0.7939
  ep  9/30 [B(full)] loss=0.3448 val_loss=0.6004 val_acc=0.7339 val_bacc=0.8187
  ep 10/30 [B(full)] loss=0.3415 val_loss=0.4459 val_acc=0.7984 val_bacc=0.8626
  ep 11/30 [B(full)] loss=0.3008 val_loss=0.5317 val_acc=0.7823 val_bacc=0.8516
  ep 12/30 [B(full)] loss=0.2678 val_loss=0.3988 val_acc=0.8145 val_bacc=0.8447
  ep 13/30 [B(full)] loss=0.2741 val_loss=0.4772 val_acc=0.7984 val_bacc=0.8530
  ep 14/30 [B(full)] loss=0.2874 val_loss=0.3308 val_acc=0.8548 val_bacc=0.9011
  ep 15/30 [B(full)] loss=0.2476 val_loss=0.2907 val_acc=0.8871 val_bacc=0.8941
  ep 16/30 [B(full)] loss=0.2761 val_loss=0.4364 val_acc=0.8226 val_bacc=0.8695
  ep 17/30 [B(full)] loss=0.2604 val_loss=0.3648 val_acc=0.8548 val_bacc=0.8818
  ep 18/30 [B(full)] loss=0.2251 val_loss=0.3164 val_acc=0.8710 val_bacc=0.8831
  ep 19/30 [B(full)] loss=0.2359 val_loss=0.2788 val_acc=0.8871 val_bacc=0.8844
  ep 20/30 [B(full)] loss=0.2102 val_loss=0.3308 val_acc=0.8548 val_bacc=0.8721
  ep 21/30 [B(full)] loss=0.2110 val_loss=0.3142 val_acc=0.8790 val_bacc=0.8886
  ep 22/30 [B(full)] loss=0.2107 val_loss=0.3066 val_acc=0.8952 val_bacc=0.8996
  ep 23/30 [B(full)] loss=0.2188 val_loss=0.3017 val_acc=0.9032 val_bacc=0.9051
  ep 24/30 [B(full)] loss=0.1869 val_loss=0.3193 val_acc=0.9032 val_bacc=0.9244
  ep 25/30 [B(full)] loss=0.1994 val_loss=0.3292 val_acc=0.8871 val_bacc=0.9038
  ep 26/30 [B(full)] loss=0.2011 val_loss=0.3551 val_acc=0.8790 val_bacc=0.9079
  ep 27/30 [B(full)] loss=0.1944 val_loss=0.3188 val_acc=0.8790 val_bacc=0.8886
  ep 28/30 [B(full)] loss=0.2050 val_loss=0.3009 val_acc=0.8952 val_bacc=0.9093
  ep 29/30 [B(full)] loss=0.2062 val_loss=0.3181 val_acc=0.8790 val_bacc=0.8886
  ep 30/30 [B(full)] loss=0.1959 val_loss=0.3668 val_acc=0.8710 val_bacc=0.9024
  [tta] val_plain=0.9032 val_tta=0.9032 -> use_tta=False (decided on val)

[report]
                 precision    recall  f1-score   support

     malignant       0.73      0.88      0.80        42
normal, benign       0.95      0.88      0.91       114

      accuracy                           0.88       156
     macro avg       0.84      0.88      0.85       156
  weighted avg       0.89      0.88      0.88       156

[RESULT] breast_k_eb0f4 test_acc=0.8782 train_acc=0.9680 gap=+0.0898 macroF1=0.8545 auc=0.9348 tta=False
BREAST_K_EB0F4_DONE
[exit] breast_k_eb0f4 rc=0

======== organc_geo  2026-09-08 09:44:05 ========
[cmd] DATASET=organcmnist ARCH=efficientnet_b0 SIZE=224 AUG=geometry_safe SUFFIX=_geo
[organc_geo] organcmnist arch=efficientnet_b0 size=224 batch=24 classes=11 device=cuda binary=False mixup=0.0 cutmix=0.0 preproc=none/geometry_safe
[mem] train split -> memmap C:\Users\so\Desktop\AI-Powered Radiology Hub\api\data\medmnist\_memmap\organcmnist_train_224.npy (0.65 GB)
[mem] val split -> memmap C:\Users\so\Desktop\AI-Powered Radiology Hub\api\data\medmnist\_memmap\organcmnist_val_224.npy (0.12 GB)
[mem] test split -> memmap C:\Users\so\Desktop\AI-Powered Radiology Hub\api\data\medmnist\_memmap\organcmnist_test_224.npy (0.41 GB)
[organc_geo] train=12975 val=2392 test=8216 | test balance=[828, 431, 421, 421, 727, 735, 1835, 549, 557, 750, 962]
  ep  1/30 [A(head)] loss=1.2428 val_loss=0.5011 val_acc=0.8901 val_bacc=0.8440
  ep  2/30 [A(head)] loss=0.9596 val_loss=0.4212 val_acc=0.8942 val_bacc=0.8574
  ep  3/30 [A(head)] loss=0.9255 val_loss=0.3722 val_acc=0.9156 val_bacc=0.8848
  ep  4/30 [B(full)] loss=0.6346 val_loss=0.1035 val_acc=0.9858 val_bacc=0.9872
  ep  5/30 [B(full)] loss=0.4840 val_loss=0.0831 val_acc=0.9895 val_bacc=0.9928
  ep  6/30 [B(full)] loss=0.4376 val_loss=0.0973 val_acc=0.9895 val_bacc=0.9922
  ep  7/30 [B(full)] loss=0.4105 val_loss=0.0843 val_acc=0.9908 val_bacc=0.9930
  ep  8/30 [B(full)] loss=0.3959 val_loss=0.0887 val_acc=0.9895 val_bacc=0.9916
  ep  9/30 [B(full)] loss=0.3870 val_loss=0.0855 val_acc=0.9912 val_bacc=0.9926
  ep 10/30 [B(full)] loss=0.3804 val_loss=0.0892 val_acc=0.9883 val_bacc=0.9912
  ep 11/30 [B(full)] loss=0.3798 val_loss=0.0908 val_acc=0.9900 val_bacc=0.9925
  ep 12/30 [B(full)] loss=0.3679 val_loss=0.0895 val_acc=0.9929 val_bacc=0.9954
  ep 13/30 [B(full)] loss=0.3641 val_loss=0.0842 val_acc=0.9929 val_bacc=0.9954
  ep 14/30 [B(full)] loss=0.3714 val_loss=0.0831 val_acc=0.9941 val_bacc=0.9953
  ep 15/30 [B(full)] loss=0.3613 val_loss=0.0985 val_acc=0.9929 val_bacc=0.9950
  ep 16/30 [B(full)] loss=0.3566 val_loss=0.0938 val_acc=0.9916 val_bacc=0.9946
  ep 17/30 [B(full)] loss=0.3577 val_loss=0.0840 val_acc=0.9933 val_bacc=0.9957
  ep 18/30 [B(full)] loss=0.3543 val_loss=0.0984 val_acc=0.9887 val_bacc=0.9911
  ep 19/30 [B(full)] loss=0.3519 val_loss=0.0872 val_acc=0.9929 val_bacc=0.9954
  ep 20/30 [B(full)] loss=0.3521 val_loss=0.0899 val_acc=0.9941 val_bacc=0.9959
  ep 21/30 [B(full)] loss=0.3498 val_loss=0.0898 val_acc=0.9929 val_bacc=0.9952
  ep 22/30 [B(full)] loss=0.3490 val_loss=0.0905 val_acc=0.9933 val_bacc=0.9957
  [early stop] patience 8
  [tta] val_plain=0.9941 val_tta=0.9904 -> use_tta=False (decided on val)

[report]
               precision    recall  f1-score   support

     bladder       0.93      0.92      0.92       828
  femur-left       0.93      0.88      0.91       431
 femur-right       0.92      0.95      0.93       421
       heart       0.98      0.96      0.97       421
 kidney-left       0.89      0.82      0.85       727
kidney-right       0.92      0.87      0.89       735
       liver       1.00      1.00      1.00      1835
   lung-left       1.00      0.98      0.99       549
  lung-right       0.99      0.99      0.99       557
    pancreas       0.93      0.96      0.94       750
      spleen       0.89      0.98      0.94       962

    accuracy                           0.95      8216
   macro avg       0.94      0.94      0.94      8216
weighted avg       0.95      0.95      0.95      8216

[RESULT] organc_geo test_acc=0.9462 train_acc=0.9998 gap=+0.0536 macroF1=0.9404 auc=0.9943 tta=False
ORGANC_GEO_DONE
[exit] organc_geo rc=0

======== organc_geo64  2026-09-08 10:50:29 ========
[cmd] DATASET=organcmnist ARCH=efficientnet_b0 SIZE=64  AUG=geometry_safe SUFFIX=_geo64
[organc_geo64] organcmnist arch=efficientnet_b0 size=64 batch=24 classes=11 device=cuda binary=False mixup=0.0 cutmix=0.0 preproc=none/geometry_safe
[organc_geo64] train=12975 val=2392 test=8216 | test balance=[828, 431, 421, 421, 727, 735, 1835, 549, 557, 750, 962]
  ep  1/30 [A(head)] loss=1.5536 val_loss=0.8272 val_acc=0.7671 val_bacc=0.7408
  ep  2/30 [A(head)] loss=1.3450 val_loss=0.7579 val_acc=0.7822 val_bacc=0.7686
  ep  3/30 [A(head)] loss=1.3381 val_loss=0.7046 val_acc=0.7935 val_bacc=0.7807
  ep  4/30 [B(full)] loss=0.8671 val_loss=0.1361 val_acc=0.9820 val_bacc=0.9858
  ep  5/30 [B(full)] loss=0.6078 val_loss=0.1242 val_acc=0.9870 val_bacc=0.9886
  ep  6/30 [B(full)] loss=0.5251 val_loss=0.1082 val_acc=0.9879 val_bacc=0.9897
  ep  7/30 [B(full)] loss=0.4687 val_loss=0.1141 val_acc=0.9883 val_bacc=0.9887
  ep  8/30 [B(full)] loss=0.4469 val_loss=0.0996 val_acc=0.9937 val_bacc=0.9945
  ep  9/30 [B(full)] loss=0.4320 val_loss=0.1153 val_acc=0.9891 val_bacc=0.9915
  ep 10/30 [B(full)] loss=0.4112 val_loss=0.1275 val_acc=0.9875 val_bacc=0.9888
  ep 11/30 [B(full)] loss=0.4073 val_loss=0.1149 val_acc=0.9904 val_bacc=0.9915
  ep 12/30 [B(full)] loss=0.3952 val_loss=0.1083 val_acc=0.9921 val_bacc=0.9944
  ep 13/30 [B(full)] loss=0.3879 val_loss=0.0962 val_acc=0.9941 val_bacc=0.9927
  ep 14/30 [B(full)] loss=0.3822 val_loss=0.1107 val_acc=0.9908 val_bacc=0.9926
  ep 15/30 [B(full)] loss=0.3734 val_loss=0.1026 val_acc=0.9900 val_bacc=0.9913
  ep 16/30 [B(full)] loss=0.3748 val_loss=0.1015 val_acc=0.9908 val_bacc=0.9923
  ep 17/30 [B(full)] loss=0.3682 val_loss=0.0979 val_acc=0.9912 val_bacc=0.9932
  ep 18/30 [B(full)] loss=0.3665 val_loss=0.0995 val_acc=0.9937 val_bacc=0.9948
  ep 19/30 [B(full)] loss=0.3603 val_loss=0.0969 val_acc=0.9933 val_bacc=0.9943
  ep 20/30 [B(full)] loss=0.3571 val_loss=0.0940 val_acc=0.9941 val_bacc=0.9957
  ep 21/30 [B(full)] loss=0.3560 val_loss=0.0992 val_acc=0.9933 val_bacc=0.9951
  [early stop] patience 8
  [tta] val_plain=0.9941 val_tta=0.9824 -> use_tta=False (decided on val)

[report]
               precision    recall  f1-score   support

     bladder       0.97      0.95      0.96       828
  femur-left       0.91      0.90      0.90       431
 femur-right       0.89      0.98      0.93       421
       heart       1.00      0.97      0.98       421
 kidney-left       0.88      0.86      0.87       727
kidney-right       0.93      0.87      0.90       735
       liver       0.99      0.99      0.99      1835
   lung-left       1.00      0.99      0.99       549
  lung-right       0.98      0.99      0.98       557
    pancreas       0.94      0.96      0.95       750
      spleen       0.93      0.97      0.95       962

    accuracy                           0.95      8216
   macro avg       0.95      0.95      0.95      8216
weighted avg       0.95      0.95      0.95      8216

[RESULT] organc_geo64 test_acc=0.9533 train_acc=0.9993 gap=+0.0460 macroF1=0.9477 auc=0.9949 tta=False
ORGANC_GEO64_DONE
[exit] organc_geo64 rc=0

======== blood_eb0  2026-09-08 11:08:08 ========
[cmd] DATASET=bloodmnist  ARCH=efficientnet_b0 SIZE=224 SUFFIX=_eb0
[blood_eb0] bloodmnist arch=efficientnet_b0 size=224 batch=24 classes=8 device=cuda binary=False mixup=0.0 cutmix=0.0 preproc=none/full
  0%|          | 0.00/1.54G [00:00<?, ?B/s]  0%|          | 32.8k/1.54G [00:00<1:26:55, 295kB/s]  0%|          | 98.3k/1.54G [00:00<1:22:58, 309kB/s]  0%|          | 131k/1.54G [00:00<1:23:58, 306kB/s]   0%|          | 262k/1.54G [00:00<41:28, 619kB/s]    0%|          | 360k/1.54G [00:00<43:04, 596kB/s]  0%|          | 524k/1.54G [00:00<35:50, 716kB/s]  0%|          | 754k/1.54G [00:00<23:48, 1.08MB/s]  0%|          | 885k/1.54G [00:01<27:08, 946kB/s]   0%|          | 1.02M/1.54G [00:01<29:09, 880kB/s]  0%|          | 1.21M/1.54G [00:01<26:54, 954kB/s]  0%|          | 1.34M/1.54G [00:01<29:00, 884kB/s]  0%|          | 1.54M/1.54G [00:01<27:02, 949kB/s]  0%|          | 1.77M/1.54G [00:02<24:34, 1.04MB/s]  0%|          | 1.93M/1.54G [00:02<25:30, 1.01MB/s]  0%|          | 2.13M/1.54G [00:02<24:58, 1.03MB/s]  0%|          | 2.33M/1.54G [00:02<21:13, 1.21MB/s]  0%|          | 2.52M/1.54G [00:02<22:10, 1.16MB/s]  0%|          | 2.72M/1.54G [00:02<22:36, 1.13MB/s]  0%|          | 2.98M/1.54G [00:03<20:42, 1.24MB/s]  0%|          | 3.18M/1.54G [00:03<18:36, 1.38MB/s]  0%|          | 3.34M/1.54G [00:03<20:54, 1.23MB/s]  0%|          | 3.47M/1.54G [00:03<24:29, 1.05MB/s]  0%|          | 3.60M/1.54G [00:03<26:49, 955kB/s]   0%|          | 3.80M/1.54G [00:03<25:55, 988kB/s]  0%|          | 3.93M/1.54G [00:04<28:54, 886kB/s]  0%|          | 4.03M/1.54G [00:04<29:26, 870kB/s]  0%|          | 4.13M/1.54G [00:04<33:43, 759kB/s]  0%|          | 4.33M/1.54G [00:04<29:38, 864kB/s]  0%|          | 4.52M/1.54G [00:04<27:29, 931kB/s]  0%|          | 4.72M/1.54G [00:04<25:59, 985kB/s]  0%|          | 4.92M/1.54G [00:05<25:08, 1.02MB/s]  0%|          | 5.05M/1.54G [00:05<27:17, 938kB/s]   0%|          | 5.18M/1.54G [00:05<29:24, 870kB/s]  0%|          | 5.37M/1.54G [00:05<27:06, 944kB/s]  0%|          | 5.54M/1.54G [00:05<23:53, 1.07MB/s]  0%|          | 5.67M/1.54G [00:05<26:42, 958kB/s]   0%|          | 5.80M/1.54G [00:06<29:12, 876kB/s]  0%|          | 6.00M/1.54G [00:06<27:12, 940kB/s]  0%|          | 6.09M/1.54G [00:06<31:04, 823kB/s]  0%|          | 6.29M/1.54G [00:06<28:17, 904kB/s]  0%|          | 6.46M/1.54G [00:06<28:01, 913kB/s]  0%|          | 6.72M/1.54G [00:07<23:55, 1.07MB/s]  0%|          | 6.95M/1.54G [00:07<22:45, 1.12MB/s]  0%|          | 7.11M/1.54G [00:07<23:57, 1.07MB/s]  0%|          | 7.34M/1.54G [00:07<22:36, 1.13MB/s]  0%|          | 7.47M/1.54G [00:07<27:23, 933kB/s]   0%|          | 7.57M/1.54G [00:07<28:15, 905kB/s]  0%|          | 7.70M/1.54G [00:08<29:45, 858kB/s]  1%|          | 7.96M/1.54G [00:08<24:46, 1.03MB/s]  1%|          | 8.13M/1.54G [00:08<25:37, 997kB/s]   1%|          | 8.29M/1.54G [00:08<26:21, 969kB/s]  1%|          | 8.49M/1.54G [00:08<27:07, 942kB/s]  1%|          | 8.59M/1.54G [00:08<28:12, 905kB/s]  1%|          | 8.68M/1.54G [00:09<34:08, 748kB/s]  1%|          | 8.78M/1.54G [00:09<38:45, 659kB/s]  1%|          | 8.88M/1.54G [00:09<56:58, 448kB/s]  1%|          | 8.95M/1.54G [00:09<55:02, 464kB/s]  1%|          | 9.04M/1.54G [00:10<1:42:00, 250kB/s]  1%|          | 9.11M/1.54G [00:11<2:10:05, 196kB/s]  1%|          | 9.14M/1.54G [00:11<2:14:14, 190kB/s]  1%|          | 9.18M/1.54G [00:11<2:18:35, 184kB/s]  1%|          | 9.27M/1.54G [00:12<1:44:01, 245kB/s]  1%|          | 9.40M/1.54G [00:12<1:16:08, 335kB/s]  1%|          | 9.50M/1.54G [00:13<2:04:57, 204kB/s]  1%|          | 9.54M/1.54G [00:13<2:18:41, 184kB/s]  1%|          | 9.57M/1.54G [00:13<2:32:38, 167kB/s]  1%|          | 9.73M/1.54G [00:13<1:26:30, 295kB/s]  1%|          | 9.96M/1.54G [00:14<52:21, 487kB/s]    1%|          | 10.1M/1.54G [00:14<43:53, 581kB/s]  1%|          | 10.3M/1.54G [00:14<38:29, 663kB/s]  1%|          | 10.4M/1.54G [00:14<33:18, 766kB/s]  1%|          | 10.6M/1.54G [00:14<32:09, 793kB/s]  1%|          | 10.7M/1.54G [00:14<31:45, 803kB/s]  1%|          | 10.8M/1.54G [00:15<36:56, 690kB/s]  1%|          | 10.9M/1.54G [00:15<36:05, 706kB/s]  1%|          | 11.2M/1.54G [00:15<27:32, 926kB/s]  1%|          | 11.3M/1.54G [00:15<27:31, 926kB/s]  1%|          | 11.5M/1.54G [00:15<27:39, 921kB/s]  1%|          | 11.7M/1.54G [00:15<26:19, 968kB/s]  1%|          | 11.8M/1.54G [00:16<28:32, 893kB/s]  1%|          | 12.0M/1.54G [00:16<28:22, 898kB/s]  1%|          | 12.2M/1.54G [00:16<26:35, 958kB/s]  1%|          | 12.3M/1.54G [00:16<29:19, 869kB/s]  1%|          | 12.4M/1.54G [00:16<32:56, 773kB/s]  1%|          | 12.6M/1.54G [00:16<31:04, 819kB/s]  1%|          | 12.7M/1.54G [00:17<31:50, 800kB/s]  1%|          | 12.9M/1.54G [00:17<25:35, 995kB/s]  1%|          | 13.1M/1.54G [00:17<26:14, 970kB/s]  1%|          | 13.3M/1.54G [00:17<26:47, 950kB/s]  1%|          | 13.4M/1.54G [00:17<27:06, 939kB/s]  1%|          | 13.7M/1.54G [00:18<24:31, 1.04MB/s]  1%|          | 13.8M/1.54G [00:18<25:27, 999kB/s]   1%|          | 14.0M/1.54G [00:18<27:51, 913kB/s]  1%|          | 14.1M/1.54G [00:18<27:31, 925kB/s]  1%|          | 14.2M/1.54G [00:18<37:37, 676kB/s]  1%|          | 14.3M/1.54G [00:19<41:12, 617kB/s]  1%|          | 14.4M/1.54G [00:19<44:36, 570kB/s]  1%|          | 14.6M/1.54G [00:19<43:39, 583kB/s]  1%|          | 14.8M/1.54G [00:19<41:43, 609kB/s]  1%|          | 14.9M/1.54G [00:21<1:52:17, 226kB/s]  1%|          | 14.9M/1.54G [00:21<1:44:33, 243kB/s]  1%|          | 15.1M/1.54G [00:21<1:21:26, 312kB/s]  1%|          | 15.2M/1.54G [00:21<1:01:38, 413kB/s]  1%|1         | 15.4M/1.54G [00:22<47:41, 533kB/s]    1%|1         | 15.5M/1.54G [00:22<48:26, 525kB/s]  1%|1         | 15.6M/1.54G [00:23<1:26:05, 295kB/s]  1%|1         | 15.8M/1.54G [00:23<1:11:04, 358kB/s]  1%|1         | 15.9M/1.54G [00:23<59:43, 425kB/s]    1%|1         | 16.0M/1.54G [00:23<52:05, 488kB/s]  1%|1         | 16.3M/1.54G [00:23<38:10, 666kB/s]  1%|1         | 16.4M/1.54G [00:23<35:57, 707kB/s]  1%|1         | 16.4M/1.54G [00:23<34:08, 744kB/s]  1%|1         | 16.5M/1.54G [00:24<37:11, 683kB/s]  1%|1         | 16.7M/1.54G [00:24<31:19, 811kB/s]  1%|1         | 16.9M/1.54G [00:24<28:11, 901kB/s]  1%|1         | 17.1M/1.54G [00:24<28:00, 907kB/s]  1%|1         | 17.3M/1.54G [00:24<25:00, 1.02MB/s]  1%|1         | 17.5M/1.54G [00:25<25:52, 981kB/s]   1%|1         | 17.7M/1.54G [00:25<26:30, 958kB/s]  1%|1         | 17.8M/1.54G [00:25<28:36, 887kB/s]  1%|1         | 18.0M/1.54G [00:25<28:16, 898kB/s]  1%|1         | 18.1M/1.54G [00:25<26:14, 967kB/s]  1%|1         | 18.2M/1.54G [00:25<32:22, 784kB/s]  1%|1         | 18.4M/1.54G [00:26<30:52, 822kB/s]  1%|1         | 18.6M/1.54G [00:26<26:51, 945kB/s]  1%|1         | 18.8M/1.54G [00:26<27:02, 938kB/s]  1%|1         | 18.9M/1.54G [00:26<27:25, 925kB/s]  1%|1         | 19.1M/1.54G [00:26<25:58, 976kB/s]  1%|1         | 19.3M/1.54G [00:27<29:29, 860kB/s]  1%|1         | 19.4M/1.54G [00:27<30:42, 826kB/s]  1%|1         | 19.6M/1.54G [00:27<28:06, 902kB/s]  1%|1         | 19.7M/1.54G [00:27<30:04, 843kB/s]  1%|1         | 19.8M/1.54G [00:27<37:24, 678kB/s]  1%|1         | 20.0M/1.54G [00:27<34:35, 733kB/s]  1%|1         | 20.1M/1.54G [00:28<34:32, 734kB/s]  1%|1         | 20.3M/1.54G [00:28<32:16, 785kB/s]  1%|1         | 20.4M/1.54G [00:28<28:54, 876kB/s]  1%|1         | 20.6M/1.54G [00:28<28:38, 885kB/s]  1%|1         | 20.7M/1.54G [00:28<30:02, 843kB/s]  1%|1         | 20.9M/1.54G [00:29<27:36, 918kB/s]  1%|1         | 21.1M/1.54G [00:29<25:49, 981kB/s]  1%|1         | 21.3M/1.54G [00:29<29:06, 870kB/s]  1%|1         | 21.4M/1.54G [00:29<30:26, 832kB/s]  1%|1         | 21.6M/1.54G [00:29<29:54, 846kB/s]  1%|1         | 21.7M/1.54G [00:29<31:05, 814kB/s]  1%|1         | 21.9M/1.54G [00:30<29:43, 852kB/s]  1%|1         | 22.0M/1.54G [00:30<30:50, 821kB/s]  1%|1         | 22.2M/1.54G [00:30<29:52, 847kB/s]  1%|1         | 22.3M/1.54G [00:30<27:24, 923kB/s]  1%|1         | 22.5M/1.54G [00:30<29:21, 862kB/s]  1%|1         | 22.6M/1.54G [00:31<28:59, 873kB/s]  1%|1         | 22.9M/1.54G [00:31<25:25, 995kB/s]  1%|1         | 23.0M/1.54G [00:31<27:29, 920kB/s]  2%|1         | 23.1M/1.54G [00:31<27:15, 928kB/s]  2%|1         | 23.2M/1.54G [00:31<33:00, 766kB/s]  2%|1         | 23.4M/1.54G [00:31<31:08, 812kB/s]  2%|1         | 23.6M/1.54G [00:32<31:03, 814kB/s]  2%|1         | 23.7M/1.54G [00:32<30:02, 841kB/s]  2%|1         | 23.9M/1.54G [00:32<31:16, 808kB/s]  2%|1         | 24.1M/1.54G [00:32<28:21, 892kB/s]  2%|1         | 24.2M/1.54G [00:32<28:08, 898kB/s]  2%|1         | 24.4M/1.54G [00:33<28:27, 888kB/s]  2%|1         | 24.5M/1.54G [00:33<28:05, 899kB/s]  2%|1         | 24.6M/1.54G [00:33<43:36, 579kB/s]  2%|1         | 24.7M/1.54G [00:33<38:10, 662kB/s]  2%|1         | 24.8M/1.54G [00:33<35:50, 705kB/s]  2%|1         | 25.0M/1.54G [00:33<35:17, 716kB/s]  2%|1         | 25.1M/1.54G [00:34<34:49, 726kB/s]  2%|1         | 25.3M/1.54G [00:34<30:24, 831kB/s]  2%|1         | 25.5M/1.54G [00:34<27:50, 907kB/s]  2%|1         | 25.7M/1.54G [00:34<27:50, 907kB/s]  2%|1         | 25.8M/1.54G [00:34<27:43, 911kB/s]  2%|1         | 26.0M/1.54G [00:35<27:43, 911kB/s]  2%|1         | 26.1M/1.54G [00:35<28:10, 896kB/s]  2%|1         | 26.2M/1.54G [00:35<32:07, 786kB/s]  2%|1         | 26.4M/1.54G [00:35<28:25, 888kB/s]  2%|1         | 26.5M/1.54G [00:35<28:03, 899kB/s]  2%|1         | 26.7M/1.54G [00:35<27:55, 903kB/s]  2%|1         | 26.9M/1.54G [00:36<27:51, 906kB/s]  2%|1         | 27.0M/1.54G [00:36<27:49, 906kB/s]  2%|1         | 27.2M/1.54G [00:36<27:52, 905kB/s]  2%|1         | 27.4M/1.54G [00:36<26:21, 957kB/s]  2%|1         | 27.5M/1.54G [00:36<28:16, 892kB/s]  2%|1         | 27.7M/1.54G [00:36<28:11, 895kB/s]  2%|1         | 27.8M/1.54G [00:37<29:53, 844kB/s]  2%|1         | 28.0M/1.54G [00:37<29:23, 858kB/s]  2%|1         | 28.1M/1.54G [00:37<28:50, 874kB/s]  2%|1         | 28.3M/1.54G [00:37<26:36, 947kB/s]  2%|1         | 28.5M/1.54G [00:37<26:53, 937kB/s]  2%|1         | 28.7M/1.54G [00:38<26:52, 938kB/s]  2%|1         | 28.8M/1.54G [00:38<27:09, 928kB/s]  2%|1         | 29.0M/1.54G [00:38<27:07, 929kB/s]  2%|1         | 29.1M/1.54G [00:38<28:48, 874kB/s]  2%|1         | 29.3M/1.54G [00:38<27:31, 915kB/s]  2%|1         | 29.4M/1.54G [00:38<27:11, 926kB/s]  2%|1         | 29.6M/1.54G [00:39<29:02, 867kB/s]  2%|1         | 29.8M/1.54G [00:39<26:49, 939kB/s]  2%|1         | 29.9M/1.54G [00:39<25:31, 986kB/s]  2%|1         | 30.1M/1.54G [00:39<24:36, 1.02MB/s]  2%|1         | 30.3M/1.54G [00:39<25:34, 984kB/s]   2%|1         | 30.5M/1.54G [00:39<23:43, 1.06MB/s]  2%|1         | 30.7M/1.54G [00:40<24:34, 1.02MB/s]  2%|2         | 30.9M/1.54G [00:40<24:01, 1.05MB/s]  2%|2         | 31.1M/1.54G [00:40<24:08, 1.04MB/s]  2%|2         | 31.2M/1.54G [00:40<23:00, 1.09MB/s]  2%|2         | 31.4M/1.54G [00:40<26:22, 954kB/s]   2%|2         | 31.5M/1.54G [00:41<31:15, 805kB/s]  2%|2         | 31.7M/1.54G [00:41<26:51, 936kB/s]  2%|2         | 31.9M/1.54G [00:41<25:44, 977kB/s]  2%|2         | 32.1M/1.54G [00:41<26:03, 965kB/s]  2%|2         | 32.2M/1.54G [00:41<26:23, 953kB/s]  2%|2         | 32.4M/1.54G [00:41<28:22, 886kB/s]  2%|2         | 32.5M/1.54G [00:42<28:14, 890kB/s]  2%|2         | 32.7M/1.54G [00:42<27:45, 905kB/s]  2%|2         | 32.9M/1.54G [00:42<27:37, 910kB/s]  2%|2         | 33.0M/1.54G [00:42<27:44, 906kB/s]  2%|2         | 33.2M/1.54G [00:42<22:40, 1.11MB/s]  2%|2         | 33.4M/1.54G [00:42<26:22, 952kB/s]   2%|2         | 33.5M/1.54G [00:43<24:44, 1.02MB/s]  2%|2         | 33.6M/1.54G [00:43<27:07, 926kB/s]   2%|2         | 33.8M/1.54G [00:43<25:35, 981kB/s]  2%|2         | 33.9M/1.54G [00:43<27:55, 899kB/s]  2%|2         | 34.1M/1.54G [00:43<26:05, 962kB/s]  2%|2         | 34.3M/1.54G [00:43<26:28, 949kB/s]  2%|2         | 34.4M/1.54G [00:44<28:19, 887kB/s]  2%|2         | 34.7M/1.54G [00:44<23:39, 1.06MB/s]  2%|2         | 34.8M/1.54G [00:44<26:18, 954kB/s]   2%|2         | 35.0M/1.54G [00:44<26:26, 949kB/s]  2%|2         | 35.2M/1.54G [00:44<26:03, 963kB/s]  2%|2         | 35.3M/1.54G [00:44<25:03, 1.00MB/s]  2%|2         | 35.5M/1.54G [00:45<24:35, 1.02MB/s]  2%|2         | 35.6M/1.54G [00:45<27:04, 926kB/s]   2%|2         | 35.7M/1.54G [00:45<26:56, 931kB/s]  2%|2         | 35.9M/1.54G [00:45<27:14, 921kB/s]  2%|2         | 36.1M/1.54G [00:45<25:30, 983kB/s]  2%|2         | 36.3M/1.54G [00:45<26:07, 960kB/s]  2%|2         | 36.4M/1.54G [00:46<26:48, 935kB/s]  2%|2         | 36.6M/1.54G [00:46<28:31, 879kB/s]  2%|2         | 36.7M/1.54G [00:46<28:24, 882kB/s]  2%|2         | 36.8M/1.54G [00:46<31:58, 784kB/s]  2%|2         | 36.9M/1.54G [00:46<33:27, 749kB/s]  2%|2         | 37.0M/1.54G [00:47<36:22, 689kB/s]  2%|2         | 37.2M/1.54G [00:47<30:51, 812kB/s]  2%|2         | 37.4M/1.54G [00:47<27:57, 896kB/s]  2%|2         | 37.5M/1.54G [00:47<27:29, 911kB/s]  2%|2         | 37.6M/1.54G [00:47<29:17, 855kB/s]  2%|2         | 37.7M/1.54G [00:47<30:31, 821kB/s]  2%|2         | 38.0M/1.54G [00:48<25:55, 966kB/s]  2%|2         | 38.1M/1.54G [00:48<29:57, 836kB/s]  2%|2         | 38.2M/1.54G [00:48<29:09, 859kB/s]  2%|2         | 38.4M/1.54G [00:48<30:24, 824kB/s]  3%|2         | 38.6M/1.54G [00:48<26:16, 953kB/s]  3%|2         | 38.8M/1.54G [00:48<26:52, 932kB/s]  3%|2         | 38.9M/1.54G [00:49<28:27, 880kB/s]  3%|2         | 39.0M/1.54G [00:49<29:54, 837kB/s]  3%|2         | 39.2M/1.54G [00:49<29:01, 862kB/s]  3%|2         | 39.4M/1.54G [00:49<28:51, 867kB/s]  3%|2         | 39.5M/1.54G [00:49<28:16, 885kB/s]  3%|2         | 39.7M/1.54G [00:49<28:20, 883kB/s]  3%|2         | 39.8M/1.54G [00:50<31:50, 785kB/s]  3%|2         | 40.0M/1.54G [00:50<27:12, 919kB/s]  3%|2         | 40.2M/1.54G [00:50<27:39, 904kB/s]  3%|2         | 40.5M/1.54G [00:50<18:38, 1.34MB/s]  3%|2         | 40.8M/1.54G [00:50<18:59, 1.32MB/s]  3%|2         | 40.9M/1.54G [00:52<1:06:44, 374kB/s]  3%|2         | 41.1M/1.54G [00:52<56:40, 441kB/s]    3%|2         | 41.5M/1.54G [00:52<37:10, 672kB/s]  3%|2         | 41.7M/1.54G [00:52<29:28, 847kB/s]  3%|2         | 42.0M/1.54G [00:52<23:13, 1.08MB/s]  3%|2         | 42.3M/1.54G [00:53<19:39, 1.27MB/s]  3%|2         | 42.6M/1.54G [00:53<17:35, 1.42MB/s]  3%|2         | 43.0M/1.54G [00:53<14:25, 1.73MB/s]  3%|2         | 43.3M/1.54G [00:53<12:17, 2.03MB/s]  3%|2         | 43.5M/1.54G [00:53<13:35, 1.84MB/s]  3%|2         | 43.8M/1.54G [00:53<15:02, 1.66MB/s]  3%|2         | 44.1M/1.54G [00:53<13:48, 1.81MB/s]  3%|2         | 44.4M/1.54G [00:54<13:17, 1.88MB/s]  3%|2         | 44.7M/1.54G [00:54<13:08, 1.90MB/s]  3%|2         | 45.0M/1.54G [00:54<11:49, 2.11MB/s]  3%|2         | 45.3M/1.54G [00:54<11:42, 2.13MB/s]  3%|2         | 45.5M/1.54G [00:54<12:51, 1.94MB/s]  3%|2         | 45.8M/1.54G [00:54<12:17, 2.03MB/s]  3%|2         | 46.1M/1.54G [00:54<12:43, 1.96MB/s]  3%|3         | 46.5M/1.54G [00:55<10:26, 2.38MB/s]  3%|3         | 46.8M/1.54G [00:55<11:17, 2.20MB/s]  3%|3         | 47.1M/1.54G [00:55<11:05, 2.24MB/s]  3%|3         | 47.3M/1.54G [00:55<10:42, 2.33MB/s]  3%|3         | 47.7M/1.54G [00:55<10:59, 2.26MB/s]  3%|3         | 48.0M/1.54G [00:55<10:17, 2.42MB/s]  3%|3         | 48.3M/1.54G [00:55<11:44, 2.12MB/s]  3%|3         | 48.5M/1.54G [00:56<13:24, 1.86MB/s]  3%|3         | 49.0M/1.54G [00:56<12:10, 2.04MB/s]  3%|3         | 49.2M/1.54G [00:56<11:51, 2.10MB/s]  3%|3         | 49.4M/1.54G [00:56<12:20, 2.01MB/s]  3%|3         | 49.6M/1.54G [00:56<12:31, 1.98MB/s]  3%|3         | 49.9M/1.54G [00:56<12:23, 2.01MB/s]  3%|3         | 50.1M/1.54G [00:56<13:32, 1.83MB/s]  3%|3         | 50.3M/1.54G [00:56<13:07, 1.89MB/s]  3%|3         | 50.7M/1.54G [00:57<13:15, 1.87MB/s]  3%|3         | 51.0M/1.54G [00:57<11:46, 2.11MB/s]  3%|3         | 51.2M/1.54G [00:57<12:48, 1.94MB/s]  3%|3         | 51.6M/1.54G [00:57<13:06, 1.89MB/s]  3%|3         | 51.9M/1.54G [00:57<11:25, 2.17MB/s]  3%|3         | 52.2M/1.54G [00:57<12:42, 1.95MB/s]  3%|3         | 52.4M/1.54G [00:57<12:20, 2.01MB/s]  3%|3         | 52.8M/1.54G [00:58<12:16, 2.02MB/s]  3%|3         | 53.0M/1.54G [00:58<11:40, 2.12MB/s]  3%|3         | 53.3M/1.54G [00:58<10:41, 2.32MB/s]  3%|3         | 53.6M/1.54G [00:58<12:14, 2.03MB/s]  3%|3         | 53.9M/1.54G [00:58<11:27, 2.16MB/s]  4%|3         | 54.1M/1.54G [00:58<12:39, 1.96MB/s]  4%|3         | 54.4M/1.54G [00:58<13:21, 1.85MB/s]  4%|3         | 54.7M/1.54G [00:59<11:51, 2.09MB/s]  4%|3         | 55.0M/1.54G [00:59<12:52, 1.92MB/s]  4%|3         | 55.3M/1.54G [00:59<11:58, 2.07MB/s]  4%|3         | 55.6M/1.54G [00:59<12:13, 2.03MB/s]  4%|3         | 56.0M/1.54G [00:59<10:46, 2.30MB/s]  4%|3         | 56.2M/1.54G [00:59<11:54, 2.08MB/s]  4%|3         | 56.5M/1.54G [00:59<11:23, 2.17MB/s]  4%|3         | 56.8M/1.54G [01:00<11:17, 2.19MB/s]  4%|3         | 57.0M/1.54G [01:00<11:16, 2.19MB/s]  4%|3         | 57.3M/1.54G [01:00<11:25, 2.16MB/s]  4%|3         | 57.6M/1.54G [01:00<10:34, 2.34MB/s]  4%|3         | 57.9M/1.54G [01:00<10:29, 2.36MB/s]  4%|3         | 58.2M/1.54G [01:00<10:47, 2.29MB/s]  4%|3         | 58.4M/1.54G [01:00<10:31, 2.35MB/s]  4%|3         | 58.7M/1.54G [01:00<10:42, 2.31MB/s]  4%|3         | 58.9M/1.54G [01:01<11:48, 2.09MB/s]  4%|3         | 59.3M/1.54G [01:01<10:20, 2.39MB/s]  4%|3         | 59.6M/1.54G [01:01<11:45, 2.10MB/s]  4%|3         | 59.9M/1.54G [01:01<12:27, 1.98MB/s]  4%|3         | 60.3M/1.54G [01:01<11:43, 2.11MB/s]  4%|3         | 60.7M/1.54G [01:01<10:14, 2.41MB/s]  4%|3         | 61.0M/1.54G [01:01<11:00, 2.24MB/s]  4%|3         | 61.2M/1.54G [01:02<11:09, 2.21MB/s]  4%|3         | 61.5M/1.54G [01:02<12:20, 2.00MB/s]  4%|4         | 61.7M/1.54G [01:02<12:08, 2.03MB/s]  4%|4         | 61.9M/1.54G [01:02<12:43, 1.94MB/s]  4%|4         | 62.3M/1.54G [01:02<10:42, 2.30MB/s]  4%|4         | 62.6M/1.54G [01:02<12:11, 2.02MB/s]  4%|4         | 62.8M/1.54G [01:02<11:35, 2.13MB/s]  4%|4         | 63.2M/1.54G [01:03<11:56, 2.06MB/s]  4%|4         | 63.6M/1.54G [01:03<09:55, 2.48MB/s]  4%|4         | 63.9M/1.54G [01:03<11:20, 2.17MB/s]  4%|4         | 64.1M/1.54G [01:03<10:57, 2.25MB/s]  4%|4         | 64.5M/1.54G [01:03<10:42, 2.30MB/s]  4%|4         | 64.7M/1.54G [01:03<11:07, 2.21MB/s]  4%|4         | 65.1M/1.54G [01:03<10:02, 2.45MB/s]  4%|4         | 65.3M/1.54G [01:03<10:05, 2.44MB/s]  4%|4         | 65.6M/1.54G [01:04<12:02, 2.04MB/s]  4%|4         | 65.9M/1.54G [01:04<11:26, 2.15MB/s]  4%|4         | 66.3M/1.54G [01:04<11:57, 2.05MB/s]  4%|4         | 66.6M/1.54G [01:04<11:02, 2.22MB/s]  4%|4         | 66.9M/1.54G [01:04<10:55, 2.25MB/s]  4%|4         | 67.2M/1.54G [01:04<10:55, 2.25MB/s]  4%|4         | 67.4M/1.54G [01:04<10:31, 2.33MB/s]  4%|4         | 67.8M/1.54G [01:04<09:15, 2.65MB/s]  4%|4         | 68.1M/1.54G [01:05<12:48, 1.92MB/s]  4%|4         | 68.6M/1.54G [01:05<11:50, 2.07MB/s]  4%|4         | 68.8M/1.54G [01:05<10:58, 2.23MB/s]  4%|4         | 69.1M/1.54G [01:05<11:57, 2.05MB/s]  5%|4         | 69.3M/1.54G [01:05<11:49, 2.07MB/s]  5%|4         | 69.7M/1.54G [01:05<10:26, 2.35MB/s]  5%|4         | 69.9M/1.54G [01:06<10:58, 2.23MB/s]  5%|4         | 70.2M/1.54G [01:06<11:04, 2.21MB/s]  5%|4         | 70.5M/1.54G [01:06<10:16, 2.39MB/s]  5%|4         | 70.7M/1.54G [01:06<11:21, 2.16MB/s]  5%|4         | 71.0M/1.54G [01:06<12:30, 1.96MB/s]  5%|4         | 71.4M/1.54G [01:06<10:51, 2.25MB/s]  5%|4         | 71.8M/1.54G [01:06<11:01, 2.22MB/s]  5%|4         | 72.1M/1.54G [01:06<10:34, 2.31MB/s]  5%|4         | 72.5M/1.54G [01:07<09:58, 2.45MB/s]  5%|4         | 72.7M/1.54G [01:07<10:43, 2.28MB/s]  5%|4         | 73.0M/1.54G [01:07<12:08, 2.02MB/s]  5%|4         | 73.3M/1.54G [01:07<10:38, 2.30MB/s]  5%|4         | 73.6M/1.54G [01:07<11:41, 2.09MB/s]  5%|4         | 73.8M/1.54G [01:07<12:44, 1.92MB/s]  5%|4         | 74.1M/1.54G [01:07<12:32, 1.95MB/s]  5%|4         | 74.3M/1.54G [01:08<12:02, 2.03MB/s]  5%|4         | 74.5M/1.54G [01:08<12:19, 1.98MB/s]  5%|4         | 74.7M/1.54G [01:08<12:16, 1.99MB/s]  5%|4         | 75.0M/1.54G [01:08<12:54, 1.89MB/s]  5%|4         | 75.3M/1.54G [01:08<11:01, 2.21MB/s]  5%|4         | 75.6M/1.54G [01:08<12:21, 1.98MB/s]  5%|4         | 75.9M/1.54G [01:08<11:32, 2.12MB/s]  5%|4         | 76.1M/1.54G [01:08<10:56, 2.23MB/s]  5%|4         | 76.4M/1.54G [01:09<12:31, 1.95MB/s]  5%|4         | 76.7M/1.54G [01:09<10:54, 2.24MB/s]  5%|4         | 77.0M/1.54G [01:09<10:34, 2.31MB/s]  5%|5         | 77.2M/1.54G [01:09<11:26, 2.13MB/s]  5%|5         | 77.5M/1.54G [01:09<11:48, 2.07MB/s]  5%|5         | 77.7M/1.54G [01:09<11:13, 2.17MB/s]  5%|5         | 78.0M/1.54G [01:09<10:34, 2.31MB/s]  5%|5         | 78.3M/1.54G [01:09<10:42, 2.28MB/s]  5%|5         | 78.5M/1.54G [01:10<10:54, 2.23MB/s]  5%|5         | 78.8M/1.54G [01:10<10:48, 2.26MB/s]  5%|5         | 79.1M/1.54G [01:10<10:23, 2.34MB/s]  5%|5         | 79.3M/1.54G [01:10<11:50, 2.06MB/s]  5%|5         | 79.7M/1.54G [01:10<12:27, 1.95MB/s]  5%|5         | 80.0M/1.54G [01:10<10:50, 2.25MB/s]  5%|5         | 80.2M/1.54G [01:10<10:34, 2.30MB/s]  5%|5         | 80.5M/1.54G [01:10<11:28, 2.12MB/s]  5%|5         | 80.8M/1.54G [01:11<11:38, 2.09MB/s]  5%|5         | 81.1M/1.54G [01:11<10:43, 2.27MB/s]  5%|5         | 81.4M/1.54G [01:11<13:58, 1.74MB/s]  5%|5         | 81.6M/1.54G [01:11<13:35, 1.79MB/s]  5%|5         | 81.9M/1.54G [01:11<12:20, 1.97MB/s]  5%|5         | 82.2M/1.54G [01:11<12:48, 1.90MB/s]  5%|5         | 82.5M/1.54G [01:11<11:35, 2.10MB/s]  5%|5         | 82.8M/1.54G [01:12<11:44, 2.07MB/s]  5%|5         | 83.1M/1.54G [01:12<10:31, 2.31MB/s]  5%|5         | 83.4M/1.54G [01:12<11:10, 2.17MB/s]  5%|5         | 83.7M/1.54G [01:12<10:43, 2.27MB/s]  5%|5         | 84.0M/1.54G [01:12<10:44, 2.26MB/s]  5%|5         | 84.3M/1.54G [01:12<10:49, 2.24MB/s]  5%|5         | 84.6M/1.54G [01:13<15:04, 1.61MB/s]  6%|5         | 84.9M/1.54G [01:13<14:05, 1.72MB/s]  6%|5         | 85.2M/1.54G [01:13<13:06, 1.85MB/s]  6%|5         | 85.5M/1.54G [01:13<12:46, 1.90MB/s]  6%|5         | 85.8M/1.54G [01:13<11:33, 2.10MB/s]  6%|5         | 86.0M/1.54G [01:13<12:18, 1.97MB/s]  6%|5         | 86.3M/1.54G [01:13<13:10, 1.84MB/s]  6%|5         | 86.7M/1.54G [01:14<10:36, 2.28MB/s]  6%|5         | 87.0M/1.54G [01:14<12:09, 1.99MB/s]  6%|5         | 87.3M/1.54G [01:14<11:02, 2.19MB/s]  6%|5         | 87.6M/1.54G [01:14<10:36, 2.28MB/s]  6%|5         | 87.9M/1.54G [01:14<09:52, 2.45MB/s]  6%|5         | 88.1M/1.54G [01:14<10:24, 2.32MB/s]  6%|5         | 88.4M/1.54G [01:14<11:08, 2.17MB/s]  6%|5         | 88.6M/1.54G [01:15<18:22, 1.32MB/s]  6%|5         | 88.8M/1.54G [01:15<18:23, 1.32MB/s]  6%|5         | 89.0M/1.54G [01:15<17:21, 1.39MB/s]  6%|5         | 89.3M/1.54G [01:15<15:25, 1.57MB/s]  6%|5         | 89.6M/1.54G [01:15<13:08, 1.84MB/s]  6%|5         | 89.8M/1.54G [01:15<12:01, 2.01MB/s]  6%|5         | 90.0M/1.54G [01:15<13:36, 1.78MB/s]  6%|5         | 90.4M/1.54G [01:16<13:15, 1.82MB/s]  6%|5         | 90.7M/1.54G [01:16<11:40, 2.07MB/s]  6%|5         | 90.9M/1.54G [01:16<13:24, 1.80MB/s]  6%|5         | 91.2M/1.54G [01:16<11:45, 2.05MB/s]  6%|5         | 91.5M/1.54G [01:16<12:44, 1.90MB/s]  6%|5         | 91.7M/1.54G [01:16<12:12, 1.98MB/s]  6%|5         | 92.0M/1.54G [01:16<11:57, 2.02MB/s]  6%|5         | 92.2M/1.54G [01:17<12:01, 2.01MB/s]  6%|6         | 92.6M/1.54G [01:17<11:00, 2.19MB/s]  6%|6         | 92.8M/1.54G [01:17<12:09, 1.98MB/s]  6%|6         | 93.1M/1.54G [01:17<11:46, 2.05MB/s]  6%|6         | 93.4M/1.54G [01:17<10:37, 2.27MB/s]  6%|6         | 93.6M/1.54G [01:17<11:07, 2.17MB/s]  6%|6         | 93.8M/1.54G [01:17<12:14, 1.97MB/s]  6%|6         | 94.2M/1.54G [01:17<11:54, 2.02MB/s]  6%|6         | 94.5M/1.54G [01:18<11:10, 2.16MB/s]  6%|6         | 94.9M/1.54G [01:18<11:14, 2.14MB/s]  6%|6         | 95.3M/1.54G [01:18<11:01, 2.19MB/s]  6%|6         | 95.6M/1.54G [01:18<09:59, 2.41MB/s]  6%|6         | 96.0M/1.54G [01:18<10:37, 2.26MB/s]  6%|6         | 96.3M/1.54G [01:18<10:14, 2.35MB/s]  6%|6         | 96.6M/1.54G [01:18<10:45, 2.24MB/s]  6%|6         | 96.9M/1.54G [01:19<12:01, 2.00MB/s]  6%|6         | 97.2M/1.54G [01:19<10:57, 2.20MB/s]  6%|6         | 97.6M/1.54G [01:19<09:51, 2.44MB/s]  6%|6         | 97.8M/1.54G [01:19<09:40, 2.48MB/s]  6%|6         | 98.1M/1.54G [01:19<11:05, 2.17MB/s]  6%|6         | 98.3M/1.54G [01:19<10:53, 2.21MB/s]  6%|6         | 98.7M/1.54G [01:19<09:45, 2.46MB/s]  6%|6         | 98.9M/1.54G [01:20<11:36, 2.07MB/s]  6%|6         | 99.2M/1.54G [01:20<10:42, 2.24MB/s]  6%|6         | 99.5M/1.54G [01:20<10:17, 2.33MB/s]  6%|6         | 99.8M/1.54G [01:20<11:13, 2.14MB/s]  6%|6         | 100M/1.54G [01:20<11:30, 2.09MB/s]   7%|6         | 100M/1.54G [01:20<10:53, 2.20MB/s]  7%|6         | 101M/1.54G [01:20<09:46, 2.46MB/s]  7%|6         | 101M/1.54G [01:20<10:10, 2.36MB/s]  7%|6         | 101M/1.54G [01:21<10:32, 2.28MB/s]  7%|6         | 102M/1.54G [01:21<10:26, 2.30MB/s]  7%|6         | 102M/1.54G [01:21<09:47, 2.45MB/s]  7%|6         | 102M/1.54G [01:21<10:27, 2.29MB/s]  7%|6         | 102M/1.54G [01:21<10:34, 2.27MB/s]  7%|6         | 103M/1.54G [01:21<10:13, 2.34MB/s]  7%|6         | 103M/1.54G [01:21<11:05, 2.16MB/s]  7%|6         | 103M/1.54G [01:21<09:15, 2.59MB/s]  7%|6         | 104M/1.54G [01:22<10:54, 2.19MB/s]  7%|6         | 104M/1.54G [01:22<10:09, 2.36MB/s]  7%|6         | 104M/1.54G [01:22<09:16, 2.58MB/s]  7%|6         | 105M/1.54G [01:22<10:59, 2.18MB/s]  7%|6         | 105M/1.54G [01:22<10:10, 2.35MB/s]  7%|6         | 105M/1.54G [01:22<10:53, 2.20MB/s]  7%|6         | 106M/1.54G [01:22<12:29, 1.91MB/s]  7%|6         | 106M/1.54G [01:23<10:53, 2.20MB/s]  7%|6         | 106M/1.54G [01:23<11:58, 2.00MB/s]  7%|6         | 106M/1.54G [01:23<11:13, 2.13MB/s]  7%|6         | 107M/1.54G [01:23<12:13, 1.95MB/s]  7%|6         | 107M/1.54G [01:23<11:31, 2.07MB/s]  7%|6         | 107M/1.54G [01:23<12:18, 1.94MB/s]  7%|6         | 107M/1.54G [01:23<12:24, 1.93MB/s]  7%|6         | 108M/1.54G [01:23<12:09, 1.97MB/s]  7%|7         | 108M/1.54G [01:24<11:15, 2.12MB/s]  7%|7         | 108M/1.54G [01:24<12:33, 1.90MB/s]  7%|7         | 108M/1.54G [01:24<12:41, 1.88MB/s]  7%|7         | 109M/1.54G [01:24<11:16, 2.12MB/s]  7%|7         | 109M/1.54G [01:24<12:05, 1.97MB/s]  7%|7         | 109M/1.54G [01:24<12:09, 1.96MB/s]  7%|7         | 110M/1.54G [01:25<12:10, 1.96MB/s]  7%|7         | 110M/1.54G [01:25<12:41, 1.88MB/s]  7%|7         | 110M/1.54G [01:25<10:55, 2.18MB/s]  7%|7         | 110M/1.54G [01:25<10:27, 2.28MB/s]  7%|7         | 111M/1.54G [01:25<11:55, 2.00MB/s]  7%|7         | 111M/1.54G [01:25<09:42, 2.45MB/s]  7%|7         | 111M/1.54G [01:25<11:06, 2.14MB/s]  7%|7         | 112M/1.54G [01:25<10:18, 2.31MB/s]  7%|7         | 112M/1.54G [01:26<10:53, 2.19MB/s]  7%|7         | 112M/1.54G [01:26<10:28, 2.27MB/s]  7%|7         | 113M/1.54G [01:26<10:54, 2.18MB/s]  7%|7         | 113M/1.54G [01:26<09:40, 2.46MB/s]  7%|7         | 113M/1.54G [01:26<10:34, 2.25MB/s]  7%|7         | 114M/1.54G [01:26<10:36, 2.24MB/s]  7%|7         | 114M/1.54G [01:26<10:08, 2.34MB/s]  7%|7         | 114M/1.54G [01:26<10:17, 2.31MB/s]  7%|7         | 114M/1.54G [01:27<10:14, 2.32MB/s]  7%|7         | 115M/1.54G [01:27<11:04, 2.15MB/s]  7%|7         | 115M/1.54G [01:27<09:50, 2.42MB/s]  7%|7         | 115M/1.54G [01:27<11:25, 2.08MB/s]  8%|7         | 116M/1.54G [01:27<10:47, 2.20MB/s]  8%|7         | 116M/1.54G [01:27<10:07, 2.35MB/s]  8%|7         | 116M/1.54G [01:27<09:35, 2.48MB/s]  8%|7         | 117M/1.54G [01:28<09:26, 2.51MB/s]  8%|7         | 117M/1.54G [01:28<11:13, 2.11MB/s]  8%|7         | 117M/1.54G [01:28<09:20, 2.54MB/s]  8%|7         | 118M/1.54G [01:28<10:48, 2.19MB/s]  8%|7         | 118M/1.54G [01:28<09:44, 2.44MB/s]  8%|7         | 118M/1.54G [01:28<09:17, 2.55MB/s]  8%|7         | 118M/1.54G [01:28<10:27, 2.27MB/s]  8%|7         | 119M/1.54G [01:28<10:16, 2.31MB/s]  8%|7         | 119M/1.54G [01:29<09:20, 2.54MB/s]  8%|7         | 119M/1.54G [01:29<09:25, 2.51MB/s]  8%|7         | 120M/1.54G [01:29<10:36, 2.23MB/s]  8%|7         | 120M/1.54G [01:29<10:15, 2.31MB/s]  8%|7         | 120M/1.54G [01:29<09:39, 2.45MB/s]  8%|7         | 121M/1.54G [01:29<10:26, 2.27MB/s]  8%|7         | 121M/1.54G [01:29<09:28, 2.50MB/s]  8%|7         | 121M/1.54G [01:30<10:13, 2.31MB/s]  8%|7         | 122M/1.54G [01:30<10:00, 2.36MB/s]  8%|7         | 122M/1.54G [01:30<11:47, 2.00MB/s]  8%|7         | 122M/1.54G [01:30<11:27, 2.06MB/s]  8%|7         | 122M/1.54G [01:30<11:14, 2.10MB/s]  8%|7         | 122M/1.54G [01:30<12:43, 1.86MB/s]  8%|7         | 123M/1.54G [01:30<12:44, 1.85MB/s]  8%|7         | 123M/1.54G [01:30<12:09, 1.94MB/s]  8%|7         | 123M/1.54G [01:31<11:22, 2.08MB/s]  8%|8         | 123M/1.54G [01:31<12:03, 1.96MB/s]  8%|8         | 124M/1.54G [01:31<11:11, 2.11MB/s]  8%|8         | 124M/1.54G [01:31<12:58, 1.82MB/s]  8%|8         | 124M/1.54G [01:31<10:55, 2.16MB/s]  8%|8         | 125M/1.54G [01:31<12:07, 1.95MB/s]  8%|8         | 125M/1.54G [01:31<10:53, 2.17MB/s]  8%|8         | 125M/1.54G [01:31<10:52, 2.17MB/s]  8%|8         | 125M/1.54G [01:32<11:12, 2.10MB/s]  8%|8         | 126M/1.54G [01:32<11:36, 2.03MB/s]  8%|8         | 126M/1.54G [01:32<11:15, 2.09MB/s]  8%|8         | 126M/1.54G [01:32<11:32, 2.04MB/s]  8%|8         | 126M/1.54G [01:32<11:14, 2.10MB/s]  8%|8         | 127M/1.54G [01:32<10:43, 2.20MB/s]  8%|8         | 127M/1.54G [01:32<11:18, 2.08MB/s]  8%|8         | 127M/1.54G [01:32<09:23, 2.51MB/s]  8%|8         | 128M/1.54G [01:33<10:58, 2.15MB/s]  8%|8         | 128M/1.54G [01:33<11:01, 2.14MB/s]  8%|8         | 128M/1.54G [01:33<10:49, 2.17MB/s]  8%|8         | 128M/1.54G [01:33<10:47, 2.18MB/s]  8%|8         | 129M/1.54G [01:33<10:19, 2.28MB/s]  8%|8         | 129M/1.54G [01:33<09:36, 2.45MB/s]  8%|8         | 129M/1.54G [01:33<08:49, 2.67MB/s]  8%|8         | 130M/1.54G [01:33<10:41, 2.20MB/s]  8%|8         | 130M/1.54G [01:34<11:14, 2.09MB/s]  8%|8         | 130M/1.54G [01:34<11:59, 1.96MB/s]  8%|8         | 130M/1.54G [01:34<11:44, 2.00MB/s]  8%|8         | 131M/1.54G [01:34<11:20, 2.07MB/s]  9%|8         | 131M/1.54G [01:34<11:10, 2.10MB/s]  9%|8         | 131M/1.54G [01:34<10:22, 2.26MB/s]  9%|8         | 132M/1.54G [01:34<10:02, 2.34MB/s]  9%|8         | 132M/1.54G [01:35<09:45, 2.40MB/s]  9%|8         | 132M/1.54G [01:35<11:37, 2.02MB/s]  9%|8         | 133M/1.54G [01:35<11:13, 2.09MB/s]  9%|8         | 133M/1.54G [01:35<10:54, 2.15MB/s]  9%|8         | 133M/1.54G [01:35<10:46, 2.18MB/s]  9%|8         | 133M/1.54G [01:35<09:54, 2.37MB/s]  9%|8         | 134M/1.54G [01:35<09:59, 2.35MB/s]  9%|8         | 134M/1.54G [01:35<09:44, 2.41MB/s]  9%|8         | 134M/1.54G [01:36<11:22, 2.06MB/s]  9%|8         | 134M/1.54G [01:36<09:37, 2.43MB/s]  9%|8         | 135M/1.54G [01:36<11:23, 2.06MB/s]  9%|8         | 135M/1.54G [01:36<13:19, 1.76MB/s]  9%|8         | 135M/1.54G [01:36<11:37, 2.02MB/s]  9%|8         | 135M/1.54G [01:36<12:54, 1.81MB/s]  9%|8         | 136M/1.54G [01:36<12:28, 1.88MB/s]  9%|8         | 136M/1.54G [01:37<11:41, 2.00MB/s]  9%|8         | 136M/1.54G [01:37<12:04, 1.94MB/s]  9%|8         | 137M/1.54G [01:37<10:41, 2.19MB/s]  9%|8         | 137M/1.54G [01:37<11:31, 2.03MB/s]  9%|8         | 137M/1.54G [01:37<11:59, 1.95MB/s]  9%|8         | 137M/1.54G [01:37<12:30, 1.87MB/s]  9%|8         | 138M/1.54G [01:37<11:09, 2.09MB/s]  9%|8         | 138M/1.54G [01:37<11:59, 1.95MB/s]  9%|8         | 138M/1.54G [01:38<11:05, 2.11MB/s]  9%|8         | 138M/1.54G [01:38<11:43, 1.99MB/s]  9%|9         | 139M/1.54G [01:38<10:15, 2.28MB/s]  9%|9         | 139M/1.54G [01:38<11:00, 2.12MB/s]  9%|9         | 139M/1.54G [01:38<11:01, 2.12MB/s]  9%|9         | 140M/1.54G [01:38<10:54, 2.14MB/s]  9%|9         | 140M/1.54G [01:38<09:38, 2.42MB/s]  9%|9         | 140M/1.54G [01:38<10:10, 2.29MB/s]  9%|9         | 140M/1.54G [01:39<10:26, 2.23MB/s]  9%|9         | 141M/1.54G [01:39<10:02, 2.32MB/s]  9%|9         | 141M/1.54G [01:39<11:25, 2.04MB/s]  9%|9         | 141M/1.54G [01:39<11:30, 2.03MB/s]  9%|9         | 141M/1.54G [01:39<10:48, 2.16MB/s]  9%|9         | 142M/1.54G [01:39<09:52, 2.36MB/s]  9%|9         | 142M/1.54G [01:39<09:38, 2.42MB/s]  9%|9         | 142M/1.54G [01:39<09:34, 2.43MB/s]  9%|9         | 143M/1.54G [01:40<09:39, 2.41MB/s]  9%|9         | 143M/1.54G [01:40<09:36, 2.43MB/s]  9%|9         | 143M/1.54G [01:40<10:44, 2.17MB/s]  9%|9         | 144M/1.54G [01:40<09:36, 2.42MB/s]  9%|9         | 144M/1.54G [01:40<10:04, 2.31MB/s]  9%|9         | 144M/1.54G [01:40<09:49, 2.37MB/s]  9%|9         | 144M/1.54G [01:40<09:17, 2.50MB/s]  9%|9         | 145M/1.54G [01:40<08:56, 2.60MB/s]  9%|9         | 145M/1.54G [01:41<10:08, 2.29MB/s]  9%|9         | 145M/1.54G [01:41<11:18, 2.06MB/s]  9%|9         | 146M/1.54G [01:41<10:18, 2.26MB/s]  9%|9         | 146M/1.54G [01:41<10:08, 2.29MB/s]  9%|9         | 146M/1.54G [01:41<09:55, 2.34MB/s] 10%|9         | 147M/1.54G [01:41<10:56, 2.12MB/s] 10%|9         | 147M/1.54G [01:41<09:25, 2.46MB/s] 10%|9         | 147M/1.54G [01:42<10:27, 2.22MB/s] 10%|9         | 147M/1.54G [01:42<10:06, 2.30MB/s] 10%|9         | 148M/1.54G [01:42<09:54, 2.34MB/s] 10%|9         | 148M/1.54G [01:42<09:39, 2.40MB/s] 10%|9         | 148M/1.54G [01:42<10:48, 2.15MB/s] 10%|9         | 149M/1.54G [01:42<09:39, 2.40MB/s] 10%|9         | 149M/1.54G [01:42<10:18, 2.25MB/s] 10%|9         | 149M/1.54G [01:42<09:39, 2.40MB/s] 10%|9         | 150M/1.54G [01:43<08:51, 2.62MB/s] 10%|9         | 150M/1.54G [01:43<10:24, 2.23MB/s] 10%|9         | 150M/1.54G [01:43<09:46, 2.37MB/s] 10%|9         | 150M/1.54G [01:43<09:34, 2.42MB/s] 10%|9         | 151M/1.54G [01:43<10:04, 2.30MB/s] 10%|9         | 151M/1.54G [01:43<09:47, 2.37MB/s] 10%|9         | 151M/1.54G [01:43<09:36, 2.41MB/s] 10%|9         | 152M/1.54G [01:43<09:06, 2.54MB/s] 10%|9         | 152M/1.54G [01:44<09:04, 2.55MB/s] 10%|9         | 152M/1.54G [01:44<10:33, 2.19MB/s] 10%|9         | 153M/1.54G [01:44<09:23, 2.46MB/s] 10%|9         | 153M/1.54G [01:44<10:46, 2.15MB/s] 10%|9         | 153M/1.54G [01:44<10:15, 2.25MB/s] 10%|9         | 153M/1.54G [01:44<09:12, 2.51MB/s] 10%|9         | 154M/1.54G [01:44<10:35, 2.18MB/s] 10%|9         | 154M/1.54G [01:44<09:49, 2.35MB/s] 10%|#         | 154M/1.54G [01:45<09:38, 2.40MB/s] 10%|#         | 155M/1.54G [01:45<10:44, 2.15MB/s] 10%|#         | 155M/1.54G [01:45<10:44, 2.15MB/s] 10%|#         | 155M/1.54G [01:45<11:05, 2.08MB/s] 10%|#         | 155M/1.54G [01:45<09:30, 2.43MB/s] 10%|#         | 156M/1.54G [01:45<10:02, 2.30MB/s] 10%|#         | 156M/1.54G [01:45<09:57, 2.32MB/s] 10%|#         | 156M/1.54G [01:45<09:22, 2.46MB/s] 10%|#         | 157M/1.54G [01:46<08:59, 2.57MB/s] 10%|#         | 157M/1.54G [01:46<10:26, 2.21MB/s] 10%|#         | 157M/1.54G [01:46<11:50, 1.95MB/s] 10%|#         | 157M/1.54G [01:46<13:05, 1.76MB/s] 10%|#         | 158M/1.54G [01:46<11:25, 2.02MB/s] 10%|#         | 158M/1.54G [01:46<13:07, 1.76MB/s] 10%|#         | 158M/1.54G [01:46<11:03, 2.08MB/s] 10%|#         | 159M/1.54G [01:47<11:30, 2.00MB/s] 10%|#         | 159M/1.54G [01:47<11:01, 2.09MB/s] 10%|#         | 159M/1.54G [01:47<10:07, 2.28MB/s] 10%|#         | 159M/1.54G [01:47<10:10, 2.26MB/s] 10%|#         | 160M/1.54G [01:47<10:26, 2.20MB/s] 10%|#         | 160M/1.54G [01:47<11:25, 2.01MB/s] 10%|#         | 160M/1.54G [01:47<09:38, 2.39MB/s] 10%|#         | 161M/1.54G [01:47<09:46, 2.35MB/s] 10%|#         | 161M/1.54G [01:48<10:01, 2.29MB/s] 10%|#         | 161M/1.54G [01:48<09:22, 2.45MB/s] 10%|#         | 161M/1.54G [01:48<13:13, 1.74MB/s] 10%|#         | 162M/1.54G [01:48<13:50, 1.66MB/s] 11%|#         | 162M/1.54G [01:48<11:58, 1.92MB/s] 11%|#         | 162M/1.54G [01:48<13:00, 1.77MB/s] 11%|#         | 163M/1.54G [01:49<11:28, 2.00MB/s] 11%|#         | 163M/1.54G [01:49<11:33, 1.99MB/s] 11%|#         | 163M/1.54G [01:49<12:46, 1.80MB/s] 11%|#         | 163M/1.54G [01:49<11:16, 2.03MB/s] 11%|#         | 164M/1.54G [01:49<11:45, 1.95MB/s] 11%|#         | 164M/1.54G [01:49<11:04, 2.07MB/s] 11%|#         | 164M/1.54G [01:49<11:57, 1.92MB/s] 11%|#         | 164M/1.54G [01:49<11:35, 1.98MB/s] 11%|#         | 165M/1.54G [01:50<13:02, 1.76MB/s] 11%|#         | 165M/1.54G [01:50<10:54, 2.10MB/s] 11%|#         | 165M/1.54G [01:50<12:14, 1.87MB/s] 11%|#         | 166M/1.54G [01:50<10:06, 2.27MB/s] 11%|#         | 166M/1.54G [01:50<11:38, 1.97MB/s] 11%|#         | 166M/1.54G [01:50<10:53, 2.10MB/s] 11%|#         | 166M/1.54G [01:50<11:11, 2.05MB/s] 11%|#         | 167M/1.54G [01:51<10:14, 2.24MB/s] 11%|#         | 167M/1.54G [01:51<09:30, 2.41MB/s] 11%|#         | 167M/1.54G [01:51<11:20, 2.02MB/s] 11%|#         | 168M/1.54G [01:51<09:54, 2.31MB/s] 11%|#         | 168M/1.54G [01:51<10:42, 2.14MB/s] 11%|#         | 168M/1.54G [01:51<09:14, 2.48MB/s] 11%|#         | 169M/1.54G [01:51<10:08, 2.25MB/s] 11%|#         | 169M/1.54G [01:51<09:29, 2.41MB/s] 11%|#         | 169M/1.54G [01:52<09:00, 2.54MB/s] 11%|#         | 169M/1.54G [01:52<09:39, 2.37MB/s] 11%|#1        | 170M/1.54G [01:52<10:02, 2.27MB/s] 11%|#1        | 170M/1.54G [01:52<09:40, 2.36MB/s] 11%|#1        | 170M/1.54G [01:52<09:32, 2.39MB/s] 11%|#1        | 170M/1.54G [01:52<10:13, 2.23MB/s] 11%|#1        | 171M/1.54G [01:52<10:03, 2.27MB/s] 11%|#1        | 171M/1.54G [01:52<09:44, 2.34MB/s] 11%|#1        | 171M/1.54G [01:53<10:03, 2.27MB/s] 11%|#1        | 172M/1.54G [01:53<09:25, 2.42MB/s] 11%|#1        | 172M/1.54G [01:53<09:35, 2.38MB/s] 11%|#1        | 172M/1.54G [01:53<10:12, 2.23MB/s] 11%|#1        | 172M/1.54G [01:53<09:46, 2.33MB/s] 11%|#1        | 173M/1.54G [01:53<09:32, 2.39MB/s] 11%|#1        | 173M/1.54G [01:53<10:09, 2.24MB/s] 11%|#1        | 173M/1.54G [01:53<09:52, 2.31MB/s] 11%|#1        | 174M/1.54G [01:53<09:41, 2.35MB/s] 11%|#1        | 174M/1.54G [01:54<09:44, 2.34MB/s] 11%|#1        | 174M/1.54G [01:54<10:09, 2.24MB/s] 11%|#1        | 174M/1.54G [01:54<09:07, 2.50MB/s] 11%|#1        | 175M/1.54G [01:54<10:30, 2.17MB/s] 11%|#1        | 175M/1.54G [01:54<09:43, 2.34MB/s] 11%|#1        | 175M/1.54G [01:54<08:51, 2.57MB/s] 11%|#1        | 176M/1.54G [01:54<10:24, 2.19MB/s] 11%|#1        | 176M/1.54G [01:55<09:01, 2.52MB/s] 11%|#1        | 176M/1.54G [01:55<10:06, 2.25MB/s] 11%|#1        | 177M/1.54G [01:55<09:57, 2.28MB/s] 11%|#1        | 177M/1.54G [01:55<09:43, 2.34MB/s] 11%|#1        | 177M/1.54G [01:55<09:09, 2.48MB/s] 12%|#1        | 177M/1.54G [01:55<10:12, 2.23MB/s] 12%|#1        | 178M/1.54G [01:55<09:29, 2.39MB/s] 12%|#1        | 178M/1.54G [01:55<09:56, 2.28MB/s] 12%|#1        | 178M/1.54G [01:56<09:13, 2.46MB/s] 12%|#1        | 179M/1.54G [01:56<10:09, 2.23MB/s] 12%|#1        | 179M/1.54G [01:56<08:43, 2.60MB/s] 12%|#1        | 179M/1.54G [01:56<08:35, 2.64MB/s] 12%|#1        | 180M/1.54G [01:56<09:47, 2.32MB/s] 12%|#1        | 180M/1.54G [01:56<09:22, 2.42MB/s] 12%|#1        | 180M/1.54G [01:56<09:11, 2.47MB/s] 12%|#1        | 181M/1.54G [01:57<09:41, 2.34MB/s] 12%|#1        | 181M/1.54G [01:57<11:03, 2.05MB/s] 12%|#1        | 181M/1.54G [01:57<09:46, 2.32MB/s] 12%|#1        | 182M/1.54G [01:57<09:59, 2.27MB/s] 12%|#1        | 182M/1.54G [01:57<10:34, 2.14MB/s] 12%|#1        | 182M/1.54G [01:57<10:23, 2.18MB/s] 12%|#1        | 182M/1.54G [01:57<10:02, 2.26MB/s] 12%|#1        | 183M/1.54G [01:57<10:47, 2.10MB/s] 12%|#1        | 183M/1.54G [01:58<10:14, 2.21MB/s] 12%|#1        | 183M/1.54G [01:58<09:27, 2.39MB/s] 12%|#1        | 183M/1.54G [01:58<10:34, 2.14MB/s] 12%|#1        | 184M/1.54G [01:58<10:24, 2.17MB/s] 12%|#1        | 184M/1.54G [01:58<09:43, 2.32MB/s] 12%|#1        | 184M/1.54G [01:58<08:53, 2.54MB/s] 12%|#1        | 185M/1.54G [01:58<09:52, 2.29MB/s] 12%|#2        | 185M/1.54G [01:58<09:15, 2.44MB/s] 12%|#2        | 185M/1.54G [01:59<08:48, 2.57MB/s] 12%|#2        | 186M/1.54G [01:59<09:37, 2.35MB/s] 12%|#2        | 186M/1.54G [01:59<08:16, 2.73MB/s] 12%|#2        | 186M/1.54G [01:59<09:30, 2.37MB/s] 12%|#2        | 187M/1.54G [01:59<09:04, 2.49MB/s] 12%|#2        | 187M/1.54G [01:59<08:43, 2.58MB/s] 12%|#2        | 187M/1.54G [01:59<08:09, 2.76MB/s] 12%|#2        | 188M/1.54G [01:59<09:45, 2.31MB/s] 12%|#2        | 188M/1.54G [02:00<08:44, 2.58MB/s] 12%|#2        | 188M/1.54G [02:00<08:14, 2.74MB/s] 12%|#2        | 189M/1.54G [02:00<08:38, 2.61MB/s] 12%|#2        | 189M/1.54G [02:00<19:40, 1.15MB/s] 12%|#2        | 189M/1.54G [02:01<17:21, 1.30MB/s] 12%|#2        | 189M/1.54G [02:01<16:40, 1.35MB/s] 12%|#2        | 190M/1.54G [02:01<13:52, 1.62MB/s] 12%|#2        | 190M/1.54G [02:01<12:02, 1.87MB/s] 12%|#2        | 190M/1.54G [02:01<10:44, 2.09MB/s] 12%|#2        | 191M/1.54G [02:01<09:53, 2.27MB/s] 12%|#2        | 191M/1.54G [02:01<10:19, 2.18MB/s] 12%|#2        | 191M/1.54G [02:02<11:43, 1.92MB/s] 12%|#2        | 192M/1.54G [02:02<10:48, 2.08MB/s] 12%|#2        | 192M/1.54G [02:02<10:32, 2.13MB/s] 12%|#2        | 192M/1.54G [02:02<10:06, 2.22MB/s] 13%|#2        | 193M/1.54G [02:02<10:03, 2.23MB/s] 13%|#2        | 193M/1.54G [02:02<10:02, 2.24MB/s] 13%|#2        | 193M/1.54G [02:02<10:16, 2.19MB/s] 13%|#2        | 193M/1.54G [02:02<09:18, 2.41MB/s] 13%|#2        | 194M/1.54G [02:03<09:40, 2.32MB/s] 13%|#2        | 194M/1.54G [02:03<10:26, 2.15MB/s] 13%|#2        | 194M/1.54G [02:03<10:05, 2.22MB/s] 13%|#2        | 195M/1.54G [02:03<09:02, 2.48MB/s] 13%|#2        | 195M/1.54G [02:03<09:54, 2.26MB/s] 13%|#2        | 195M/1.54G [02:03<09:40, 2.32MB/s] 13%|#2        | 195M/1.54G [02:03<10:12, 2.20MB/s] 13%|#2        | 196M/1.54G [02:03<10:35, 2.11MB/s] 13%|#2        | 196M/1.54G [02:04<09:57, 2.25MB/s] 13%|#2        | 196M/1.54G [02:04<08:42, 2.57MB/s] 13%|#2        | 197M/1.54G [02:04<09:50, 2.28MB/s] 13%|#2        | 197M/1.54G [02:04<09:18, 2.40MB/s] 13%|#2        | 197M/1.54G [02:04<09:09, 2.44MB/s] 13%|#2        | 198M/1.54G [02:04<08:42, 2.57MB/s] 13%|#2        | 198M/1.54G [02:04<08:26, 2.65MB/s] 13%|#2        | 198M/1.54G [02:04<08:25, 2.65MB/s] 13%|#2        | 198M/1.54G [02:05<09:10, 2.44MB/s] 13%|#2        | 199M/1.54G [02:05<08:18, 2.69MB/s] 13%|#2        | 199M/1.54G [02:05<08:46, 2.55MB/s] 13%|#2        | 199M/1.54G [02:05<08:34, 2.61MB/s] 13%|#2        | 200M/1.54G [02:05<09:15, 2.41MB/s] 13%|#2        | 200M/1.54G [02:05<08:34, 2.61MB/s] 13%|#3        | 200M/1.54G [02:05<09:03, 2.47MB/s] 13%|#3        | 201M/1.54G [02:05<08:30, 2.62MB/s] 13%|#3        | 201M/1.54G [02:06<08:01, 2.78MB/s] 13%|#3        | 201M/1.54G [02:06<08:00, 2.79MB/s] 13%|#3        | 202M/1.54G [02:06<08:18, 2.69MB/s] 13%|#3        | 202M/1.54G [02:06<08:47, 2.54MB/s] 13%|#3        | 202M/1.54G [02:06<09:48, 2.27MB/s] 13%|#3        | 203M/1.54G [02:06<09:44, 2.29MB/s] 13%|#3        | 203M/1.54G [02:06<09:24, 2.37MB/s] 13%|#3        | 203M/1.54G [02:06<09:25, 2.36MB/s] 13%|#3        | 203M/1.54G [02:07<09:10, 2.43MB/s] 13%|#3        | 204M/1.54G [02:07<09:37, 2.32MB/s] 13%|#3        | 204M/1.54G [02:07<09:32, 2.34MB/s] 13%|#3        | 204M/1.54G [02:07<08:38, 2.58MB/s] 13%|#3        | 205M/1.54G [02:07<07:46, 2.87MB/s] 13%|#3        | 205M/1.54G [02:07<08:58, 2.48MB/s] 13%|#3        | 205M/1.54G [02:07<08:48, 2.53MB/s] 13%|#3        | 206M/1.54G [02:07<07:46, 2.86MB/s] 13%|#3        | 206M/1.54G [02:08<07:54, 2.82MB/s] 13%|#3        | 206M/1.54G [02:08<09:08, 2.43MB/s] 13%|#3        | 207M/1.54G [02:08<11:02, 2.01MB/s] 13%|#3        | 207M/1.54G [02:08<10:44, 2.07MB/s] 13%|#3        | 207M/1.54G [02:08<09:53, 2.25MB/s] 13%|#3        | 207M/1.54G [02:08<11:06, 2.00MB/s] 13%|#3        | 208M/1.54G [02:08<10:08, 2.19MB/s] 14%|#3        | 208M/1.54G [02:09<10:30, 2.11MB/s] 14%|#3        | 208M/1.54G [02:09<10:02, 2.21MB/s] 14%|#3        | 209M/1.54G [02:09<09:17, 2.39MB/s] 14%|#3        | 209M/1.54G [02:09<09:46, 2.27MB/s] 14%|#3        | 209M/1.54G [02:09<09:49, 2.26MB/s] 14%|#3        | 209M/1.54G [02:09<09:12, 2.41MB/s] 14%|#3        | 210M/1.54G [02:09<09:16, 2.39MB/s] 14%|#3        | 210M/1.54G [02:09<09:43, 2.28MB/s] 14%|#3        | 210M/1.54G [02:09<09:06, 2.43MB/s] 14%|#3        | 211M/1.54G [02:10<08:20, 2.66MB/s] 14%|#3        | 211M/1.54G [02:10<09:36, 2.31MB/s] 14%|#3        | 211M/1.54G [02:10<09:19, 2.38MB/s] 14%|#3        | 211M/1.54G [02:10<09:28, 2.34MB/s] 14%|#3        | 212M/1.54G [02:10<09:47, 2.26MB/s] 14%|#3        | 212M/1.54G [02:10<11:04, 2.00MB/s] 14%|#3        | 212M/1.54G [02:10<09:57, 2.22MB/s] 14%|#3        | 213M/1.54G [02:10<10:02, 2.20MB/s] 14%|#3        | 213M/1.54G [02:11<09:29, 2.33MB/s] 14%|#3        | 213M/1.54G [02:11<09:34, 2.31MB/s] 14%|#3        | 213M/1.54G [02:11<08:39, 2.55MB/s] 14%|#3        | 214M/1.54G [02:11<09:47, 2.26MB/s] 14%|#3        | 214M/1.54G [02:11<11:32, 1.92MB/s] 14%|#3        | 214M/1.54G [02:11<10:46, 2.05MB/s] 14%|#3        | 215M/1.54G [02:11<09:55, 2.23MB/s] 14%|#3        | 215M/1.54G [02:12<11:00, 2.01MB/s] 14%|#3        | 215M/1.54G [02:12<10:43, 2.06MB/s] 14%|#3        | 216M/1.54G [02:12<10:05, 2.19MB/s] 14%|#4        | 216M/1.54G [02:12<10:05, 2.19MB/s] 14%|#4        | 216M/1.54G [02:12<10:16, 2.15MB/s] 14%|#4        | 216M/1.54G [02:12<10:12, 2.16MB/s] 14%|#4        | 216M/1.54G [02:12<10:06, 2.19MB/s] 14%|#4        | 217M/1.54G [02:12<09:13, 2.39MB/s] 14%|#4        | 217M/1.54G [02:12<09:19, 2.37MB/s] 14%|#4        | 217M/1.54G [02:13<09:51, 2.24MB/s] 14%|#4        | 218M/1.54G [02:13<09:10, 2.40MB/s] 14%|#4        | 218M/1.54G [02:13<09:51, 2.24MB/s] 14%|#4        | 218M/1.54G [02:13<09:38, 2.29MB/s] 14%|#4        | 218M/1.54G [02:13<09:14, 2.39MB/s] 14%|#4        | 219M/1.54G [02:13<09:20, 2.36MB/s] 14%|#4        | 219M/1.54G [02:13<09:11, 2.40MB/s] 14%|#4        | 219M/1.54G [02:13<09:33, 2.30MB/s] 14%|#4        | 220M/1.54G [02:14<09:26, 2.33MB/s] 14%|#4        | 220M/1.54G [02:14<09:18, 2.37MB/s] 14%|#4        | 220M/1.54G [02:14<09:36, 2.29MB/s] 14%|#4        | 220M/1.54G [02:14<09:54, 2.22MB/s] 14%|#4        | 221M/1.54G [02:14<09:49, 2.24MB/s] 14%|#4        | 221M/1.54G [02:14<09:14, 2.38MB/s] 14%|#4        | 221M/1.54G [02:14<09:35, 2.29MB/s] 14%|#4        | 221M/1.54G [02:14<09:48, 2.24MB/s] 14%|#4        | 222M/1.54G [02:15<08:45, 2.51MB/s] 14%|#4        | 222M/1.54G [02:15<09:23, 2.34MB/s] 14%|#4        | 222M/1.54G [02:15<08:50, 2.48MB/s] 14%|#4        | 223M/1.54G [02:15<08:51, 2.48MB/s] 14%|#4        | 223M/1.54G [02:15<10:20, 2.12MB/s] 14%|#4        | 223M/1.54G [02:15<10:12, 2.15MB/s] 15%|#4        | 223M/1.54G [02:15<09:02, 2.43MB/s] 15%|#4        | 224M/1.54G [02:15<09:42, 2.26MB/s] 15%|#4        | 224M/1.54G [02:16<09:09, 2.40MB/s] 15%|#4        | 224M/1.54G [02:16<09:26, 2.32MB/s] 15%|#4        | 225M/1.54G [02:16<09:31, 2.30MB/s] 15%|#4        | 225M/1.54G [02:16<09:02, 2.43MB/s] 15%|#4        | 225M/1.54G [02:16<09:51, 2.22MB/s] 15%|#4        | 226M/1.54G [02:16<08:52, 2.47MB/s] 15%|#4        | 226M/1.54G [02:16<09:50, 2.23MB/s] 15%|#4        | 226M/1.54G [02:16<09:13, 2.37MB/s] 15%|#4        | 227M/1.54G [02:17<09:38, 2.27MB/s] 15%|#4        | 227M/1.54G [02:17<09:20, 2.34MB/s] 15%|#4        | 227M/1.54G [02:17<08:24, 2.60MB/s] 15%|#4        | 228M/1.54G [02:17<09:33, 2.29MB/s] 15%|#4        | 228M/1.54G [02:17<09:33, 2.29MB/s] 15%|#4        | 228M/1.54G [02:17<08:24, 2.60MB/s] 15%|#4        | 229M/1.54G [02:17<09:16, 2.36MB/s] 15%|#4        | 229M/1.54G [02:18<09:39, 2.26MB/s] 15%|#4        | 229M/1.54G [02:18<09:19, 2.35MB/s] 15%|#4        | 229M/1.54G [02:18<09:41, 2.26MB/s] 15%|#4        | 230M/1.54G [02:18<09:17, 2.35MB/s] 15%|#4        | 230M/1.54G [02:18<08:58, 2.43MB/s] 15%|#4        | 230M/1.54G [02:18<08:17, 2.63MB/s] 15%|#4        | 231M/1.54G [02:18<09:27, 2.31MB/s] 15%|#4        | 231M/1.54G [02:18<08:40, 2.52MB/s] 15%|#5        | 231M/1.54G [02:19<08:30, 2.57MB/s] 15%|#5        | 232M/1.54G [02:19<08:57, 2.44MB/s] 15%|#5        | 232M/1.54G [02:19<09:00, 2.42MB/s] 15%|#5        | 232M/1.54G [02:19<08:50, 2.47MB/s] 15%|#5        | 232M/1.54G [02:19<09:14, 2.36MB/s] 15%|#5        | 233M/1.54G [02:19<08:49, 2.47MB/s] 15%|#5        | 233M/1.54G [02:19<08:44, 2.49MB/s] 15%|#5        | 233M/1.54G [02:19<08:22, 2.60MB/s] 15%|#5        | 234M/1.54G [02:20<09:10, 2.37MB/s] 15%|#5        | 234M/1.54G [02:20<08:01, 2.71MB/s] 15%|#5        | 234M/1.54G [02:20<08:55, 2.44MB/s] 15%|#5        | 235M/1.54G [02:20<08:03, 2.70MB/s] 15%|#5        | 235M/1.54G [02:20<09:31, 2.29MB/s] 15%|#5        | 235M/1.54G [02:20<10:11, 2.13MB/s] 15%|#5        | 236M/1.54G [02:20<09:09, 2.38MB/s] 15%|#5        | 236M/1.54G [02:21<10:21, 2.10MB/s] 15%|#5        | 236M/1.54G [02:21<08:57, 2.43MB/s] 15%|#5        | 237M/1.54G [02:21<15:31, 1.40MB/s] 15%|#5        | 237M/1.54G [02:21<15:00, 1.45MB/s] 15%|#5        | 237M/1.54G [02:21<12:46, 1.70MB/s] 15%|#5        | 238M/1.54G [02:21<11:28, 1.89MB/s] 15%|#5        | 238M/1.54G [02:22<10:58, 1.98MB/s] 15%|#5        | 238M/1.54G [02:22<09:55, 2.19MB/s] 15%|#5        | 238M/1.54G [02:22<09:33, 2.27MB/s] 15%|#5        | 239M/1.54G [02:22<08:37, 2.52MB/s] 16%|#5        | 239M/1.54G [02:23<22:43, 955kB/s]  16%|#5        | 239M/1.54G [02:23<20:23, 1.06MB/s] 16%|#5        | 240M/1.54G [02:23<16:12, 1.34MB/s] 16%|#5        | 240M/1.54G [02:23<12:51, 1.69MB/s] 16%|#5        | 240M/1.54G [02:23<12:29, 1.73MB/s] 16%|#5        | 241M/1.54G [02:23<11:42, 1.85MB/s] 16%|#5        | 241M/1.54G [02:24<10:22, 2.09MB/s] 16%|#5        | 241M/1.54G [02:24<10:10, 2.13MB/s] 16%|#5        | 242M/1.54G [02:24<10:14, 2.11MB/s] 16%|#5        | 242M/1.54G [02:24<10:14, 2.11MB/s] 16%|#5        | 242M/1.54G [02:24<10:05, 2.14MB/s] 16%|#5        | 242M/1.54G [02:24<09:47, 2.21MB/s] 16%|#5        | 243M/1.54G [02:24<09:36, 2.25MB/s] 16%|#5        | 243M/1.54G [02:24<11:06, 1.95MB/s] 16%|#5        | 243M/1.54G [02:25<10:40, 2.03MB/s] 16%|#5        | 243M/1.54G [02:25<10:38, 2.03MB/s] 16%|#5        | 244M/1.54G [02:25<09:46, 2.21MB/s] 16%|#5        | 244M/1.54G [02:25<10:14, 2.11MB/s] 16%|#5        | 244M/1.54G [02:25<09:42, 2.23MB/s] 16%|#5        | 244M/1.54G [02:25<09:03, 2.38MB/s] 16%|#5        | 245M/1.54G [02:25<09:52, 2.19MB/s] 16%|#5        | 245M/1.54G [02:25<08:46, 2.46MB/s] 16%|#5        | 245M/1.54G [02:25<08:42, 2.48MB/s] 16%|#5        | 246M/1.54G [02:26<09:57, 2.17MB/s] 16%|#5        | 246M/1.54G [02:26<08:55, 2.42MB/s] 16%|#5        | 246M/1.54G [02:26<08:49, 2.45MB/s] 16%|#5        | 246M/1.54G [02:26<09:57, 2.17MB/s] 16%|#6        | 247M/1.54G [02:26<09:27, 2.28MB/s] 16%|#6        | 247M/1.54G [02:26<10:38, 2.03MB/s] 16%|#6        | 247M/1.54G [02:26<09:37, 2.24MB/s] 16%|#6        | 248M/1.54G [02:27<10:10, 2.12MB/s] 16%|#6        | 248M/1.54G [02:27<09:37, 2.24MB/s] 16%|#6        | 248M/1.54G [02:27<08:22, 2.57MB/s] 16%|#6        | 249M/1.54G [02:27<09:27, 2.28MB/s] 16%|#6        | 249M/1.54G [02:27<09:09, 2.35MB/s] 16%|#6        | 249M/1.54G [02:27<09:37, 2.24MB/s] 16%|#6        | 250M/1.54G [02:27<08:26, 2.55MB/s] 16%|#6        | 250M/1.54G [02:27<09:23, 2.29MB/s] 16%|#6        | 250M/1.54G [02:28<09:08, 2.35MB/s] 16%|#6        | 250M/1.54G [02:28<09:25, 2.28MB/s] 16%|#6        | 251M/1.54G [02:28<10:06, 2.13MB/s] 16%|#6        | 251M/1.54G [02:28<10:18, 2.09MB/s] 16%|#6        | 251M/1.54G [02:28<09:47, 2.19MB/s] 16%|#6        | 251M/1.54G [02:28<09:02, 2.38MB/s] 16%|#6        | 252M/1.54G [02:28<08:58, 2.40MB/s] 16%|#6        | 252M/1.54G [02:28<09:15, 2.32MB/s] 16%|#6        | 252M/1.54G [02:29<08:44, 2.46MB/s] 16%|#6        | 253M/1.54G [02:29<09:45, 2.20MB/s] 16%|#6        | 253M/1.54G [02:29<08:15, 2.60MB/s] 16%|#6        | 253M/1.54G [02:29<09:25, 2.28MB/s] 16%|#6        | 254M/1.54G [02:29<08:48, 2.43MB/s] 16%|#6        | 254M/1.54G [02:29<09:25, 2.27MB/s] 16%|#6        | 254M/1.54G [02:29<08:56, 2.40MB/s] 17%|#6        | 255M/1.54G [02:29<07:56, 2.70MB/s] 17%|#6        | 255M/1.54G [02:30<08:38, 2.48MB/s] 17%|#6        | 255M/1.54G [02:30<08:59, 2.38MB/s] 17%|#6        | 255M/1.54G [02:30<07:58, 2.69MB/s] 17%|#6        | 256M/1.54G [02:30<08:14, 2.60MB/s] 17%|#6        | 256M/1.54G [02:30<08:56, 2.40MB/s] 17%|#6        | 256M/1.54G [02:30<07:59, 2.68MB/s] 17%|#6        | 257M/1.54G [02:30<09:27, 2.26MB/s] 17%|#6        | 257M/1.54G [02:31<09:21, 2.29MB/s] 17%|#6        | 257M/1.54G [02:31<08:21, 2.56MB/s] 17%|#6        | 258M/1.54G [02:31<09:35, 2.23MB/s] 17%|#6        | 258M/1.54G [02:31<11:12, 1.91MB/s] 17%|#6        | 258M/1.54G [02:31<09:46, 2.19MB/s] 17%|#6        | 259M/1.54G [02:31<10:24, 2.05MB/s] 17%|#6        | 259M/1.54G [02:31<10:22, 2.06MB/s] 17%|#6        | 259M/1.54G [02:32<10:10, 2.10MB/s] 17%|#6        | 259M/1.54G [02:32<10:57, 1.95MB/s] 17%|#6        | 260M/1.54G [02:32<09:48, 2.18MB/s] 17%|#6        | 260M/1.54G [02:32<09:49, 2.17MB/s] 17%|#6        | 260M/1.54G [02:32<10:33, 2.02MB/s] 17%|#6        | 260M/1.54G [02:32<09:56, 2.15MB/s] 17%|#6        | 261M/1.54G [02:32<09:44, 2.19MB/s] 17%|#6        | 261M/1.54G [02:32<09:45, 2.18MB/s] 17%|#6        | 261M/1.54G [02:32<09:56, 2.14MB/s] 17%|#6        | 261M/1.54G [02:33<09:28, 2.25MB/s] 17%|#6        | 262M/1.54G [02:33<10:43, 1.99MB/s] 17%|#6        | 262M/1.54G [02:33<10:00, 2.13MB/s] 17%|#7        | 262M/1.54G [02:33<10:12, 2.09MB/s] 17%|#7        | 263M/1.54G [02:33<08:44, 2.43MB/s] 17%|#7        | 263M/1.54G [02:33<09:26, 2.26MB/s] 17%|#7        | 263M/1.54G [02:33<10:20, 2.06MB/s] 17%|#7        | 263M/1.54G [02:34<10:19, 2.06MB/s] 17%|#7        | 264M/1.54G [02:34<08:45, 2.43MB/s] 17%|#7        | 264M/1.54G [02:34<09:57, 2.14MB/s] 17%|#7        | 265M/1.54G [02:34<08:36, 2.47MB/s] 17%|#7        | 265M/1.54G [02:34<09:53, 2.15MB/s] 17%|#7        | 265M/1.54G [02:34<09:29, 2.24MB/s] 17%|#7        | 265M/1.54G [02:34<09:22, 2.27MB/s] 17%|#7        | 266M/1.54G [02:35<09:49, 2.16MB/s] 17%|#7        | 266M/1.54G [02:35<09:10, 2.32MB/s] 17%|#7        | 266M/1.54G [02:35<09:57, 2.13MB/s] 17%|#7        | 267M/1.54G [02:35<10:15, 2.07MB/s] 17%|#7        | 267M/1.54G [02:35<09:26, 2.25MB/s] 17%|#7        | 267M/1.54G [02:35<08:52, 2.39MB/s] 17%|#7        | 268M/1.54G [02:35<09:20, 2.27MB/s] 17%|#7        | 268M/1.54G [02:35<09:28, 2.24MB/s] 17%|#7        | 268M/1.54G [02:36<08:31, 2.49MB/s] 17%|#7        | 268M/1.54G [02:36<08:28, 2.50MB/s] 17%|#7        | 269M/1.54G [02:36<08:36, 2.46MB/s] 17%|#7        | 269M/1.54G [02:36<08:55, 2.37MB/s] 17%|#7        | 269M/1.54G [02:36<08:25, 2.51MB/s] 17%|#7        | 270M/1.54G [02:36<09:46, 2.17MB/s] 18%|#7        | 270M/1.54G [02:37<25:55, 817kB/s]  18%|#7        | 271M/1.54G [02:37<11:09, 1.90MB/s] 18%|#7        | 271M/1.54G [02:37<10:46, 1.96MB/s] 18%|#7        | 272M/1.54G [02:37<10:34, 2.00MB/s] 18%|#7        | 272M/1.54G [02:38<10:31, 2.01MB/s] 18%|#7        | 272M/1.54G [02:38<10:50, 1.95MB/s] 18%|#7        | 272M/1.54G [02:39<28:59, 729kB/s]  18%|#7        | 273M/1.54G [02:39<14:53, 1.42MB/s] 18%|#7        | 274M/1.54G [02:39<13:09, 1.60MB/s] 18%|#7        | 274M/1.54G [02:39<12:51, 1.64MB/s] 18%|#7        | 274M/1.54G [02:39<11:40, 1.81MB/s] 18%|#7        | 275M/1.54G [02:40<11:37, 1.81MB/s] 18%|#7        | 275M/1.54G [02:43<1:13:33, 287kB/s] 18%|#7        | 276M/1.54G [02:43<37:21, 564kB/s]   18%|#7        | 276M/1.54G [02:43<29:32, 713kB/s] 18%|#7        | 277M/1.54G [02:44<26:18, 801kB/s] 18%|#7        | 277M/1.54G [02:44<23:16, 905kB/s] 18%|#7        | 277M/1.54G [02:44<29:15, 720kB/s] 18%|#8        | 278M/1.54G [02:47<1:05:42, 320kB/s] 18%|#8        | 278M/1.54G [02:47<1:00:36, 347kB/s] 18%|#8        | 278M/1.54G [02:47<47:44, 441kB/s]   18%|#8        | 278M/1.54G [02:47<36:26, 577kB/s] 18%|#8        | 279M/1.54G [02:48<27:13, 773kB/s] 18%|#8        | 279M/1.54G [02:48<21:31, 977kB/s] 18%|#8        | 279M/1.54G [02:48<16:26, 1.28MB/s] 18%|#8        | 280M/1.54G [02:48<15:55, 1.32MB/s] 18%|#8        | 280M/1.54G [02:48<13:23, 1.57MB/s] 18%|#8        | 280M/1.54G [02:48<13:28, 1.56MB/s] 18%|#8        | 280M/1.54G [02:49<13:05, 1.60MB/s] 18%|#8        | 281M/1.54G [02:49<12:14, 1.72MB/s] 18%|#8        | 281M/1.54G [02:49<20:23, 1.03MB/s] 18%|#8        | 281M/1.54G [02:49<19:12, 1.09MB/s] 18%|#8        | 281M/1.54G [02:49<16:05, 1.30MB/s] 18%|#8        | 282M/1.54G [02:50<13:45, 1.52MB/s] 18%|#8        | 282M/1.54G [02:50<12:54, 1.63MB/s] 18%|#8        | 282M/1.54G [02:50<12:26, 1.69MB/s] 18%|#8        | 282M/1.54G [02:52<1:16:43, 273kB/s] 18%|#8        | 283M/1.54G [02:53<29:23, 713kB/s]   18%|#8        | 284M/1.54G [02:53<27:12, 770kB/s] 18%|#8        | 284M/1.54G [02:53<23:10, 904kB/s] 18%|#8        | 284M/1.54G [02:53<19:13, 1.09MB/s] 18%|#8        | 284M/1.54G [02:53<16:35, 1.26MB/s] 18%|#8        | 285M/1.54G [02:53<13:57, 1.50MB/s] 19%|#8        | 285M/1.54G [02:53<12:51, 1.63MB/s] 19%|#8        | 285M/1.54G [02:54<15:52, 1.32MB/s] 19%|#8        | 286M/1.54G [02:54<13:56, 1.50MB/s] 19%|#8        | 286M/1.54G [02:54<12:47, 1.64MB/s] 19%|#8        | 286M/1.54G [02:54<11:32, 1.81MB/s] 19%|#8        | 287M/1.54G [02:54<10:37, 1.97MB/s] 19%|#8        | 287M/1.54G [02:54<09:55, 2.11MB/s] 19%|#8        | 287M/1.54G [02:54<09:24, 2.22MB/s] 19%|#8        | 287M/1.54G [02:55<10:46, 1.94MB/s] 19%|#8        | 288M/1.54G [02:55<08:58, 2.33MB/s] 19%|#8        | 288M/1.54G [02:55<12:17, 1.70MB/s] 19%|#8        | 288M/1.54G [02:55<11:16, 1.85MB/s] 19%|#8        | 289M/1.54G [02:55<10:26, 2.00MB/s] 19%|#8        | 289M/1.54G [02:55<11:25, 1.83MB/s] 19%|#8        | 289M/1.54G [02:55<10:56, 1.91MB/s] 19%|#8        | 289M/1.54G [02:56<09:43, 2.14MB/s] 19%|#8        | 290M/1.54G [02:56<10:37, 1.96MB/s] 19%|#8        | 290M/1.54G [02:56<10:33, 1.97MB/s] 19%|#8        | 290M/1.54G [02:56<11:01, 1.89MB/s] 19%|#8        | 290M/1.54G [02:56<11:13, 1.86MB/s] 19%|#8        | 291M/1.54G [02:56<10:39, 1.95MB/s] 19%|#8        | 291M/1.54G [02:56<09:19, 2.23MB/s] 19%|#8        | 291M/1.54G [02:57<10:14, 2.03MB/s] 19%|#8        | 292M/1.54G [02:57<10:12, 2.04MB/s] 19%|#8        | 292M/1.54G [02:57<09:59, 2.08MB/s] 19%|#8        | 292M/1.54G [02:57<09:03, 2.30MB/s] 19%|#8        | 292M/1.54G [02:57<10:01, 2.07MB/s] 19%|#8        | 293M/1.54G [02:57<10:37, 1.96MB/s] 19%|#9        | 293M/1.54G [02:57<10:24, 2.00MB/s] 19%|#9        | 293M/1.54G [02:57<09:33, 2.17MB/s] 19%|#9        | 293M/1.54G [02:58<09:55, 2.09MB/s] 19%|#9        | 294M/1.54G [02:58<09:35, 2.17MB/s] 19%|#9        | 294M/1.54G [02:58<09:26, 2.20MB/s] 19%|#9        | 294M/1.54G [02:58<10:21, 2.01MB/s] 19%|#9        | 295M/1.54G [02:58<09:59, 2.08MB/s] 19%|#9        | 295M/1.54G [02:58<08:37, 2.41MB/s] 19%|#9        | 295M/1.54G [02:58<09:35, 2.16MB/s] 19%|#9        | 296M/1.54G [02:59<09:54, 2.09MB/s] 19%|#9        | 296M/1.54G [02:59<09:22, 2.21MB/s] 19%|#9        | 296M/1.54G [02:59<09:07, 2.27MB/s] 19%|#9        | 296M/1.54G [02:59<09:39, 2.15MB/s] 19%|#9        | 297M/1.54G [02:59<09:34, 2.17MB/s] 19%|#9        | 297M/1.54G [02:59<09:08, 2.27MB/s] 19%|#9        | 297M/1.54G [02:59<08:52, 2.33MB/s] 19%|#9        | 297M/1.54G [02:59<09:19, 2.22MB/s] 19%|#9        | 298M/1.54G [02:59<09:28, 2.19MB/s] 19%|#9        | 298M/1.54G [03:00<09:55, 2.09MB/s] 19%|#9        | 298M/1.54G [03:00<09:56, 2.08MB/s] 19%|#9        | 298M/1.54G [03:00<09:03, 2.29MB/s] 19%|#9        | 299M/1.54G [03:00<10:10, 2.03MB/s] 19%|#9        | 299M/1.54G [03:00<09:13, 2.24MB/s] 19%|#9        | 299M/1.54G [03:00<09:51, 2.10MB/s] 19%|#9        | 300M/1.54G [03:00<09:40, 2.14MB/s] 19%|#9        | 300M/1.54G [03:01<09:45, 2.12MB/s] 19%|#9        | 300M/1.54G [03:01<09:21, 2.21MB/s] 20%|#9        | 300M/1.54G [03:01<09:16, 2.23MB/s] 20%|#9        | 301M/1.54G [03:01<08:52, 2.33MB/s] 20%|#9        | 301M/1.54G [03:01<10:16, 2.01MB/s] 20%|#9        | 301M/1.54G [03:01<09:58, 2.07MB/s] 20%|#9        | 302M/1.54G [03:01<09:35, 2.15MB/s] 20%|#9        | 302M/1.54G [03:01<09:45, 2.11MB/s] 20%|#9        | 302M/1.54G [03:02<09:33, 2.16MB/s] 20%|#9        | 302M/1.54G [03:02<09:55, 2.08MB/s] 20%|#9        | 303M/1.54G [03:02<08:19, 2.48MB/s] 20%|#9        | 303M/1.54G [03:02<09:12, 2.24MB/s] 20%|#9        | 303M/1.54G [03:02<09:02, 2.28MB/s] 20%|#9        | 304M/1.54G [03:02<09:31, 2.16MB/s] 20%|#9        | 304M/1.54G [03:02<08:49, 2.33MB/s] 20%|#9        | 304M/1.54G [03:02<08:37, 2.39MB/s] 20%|#9        | 304M/1.54G [03:03<08:26, 2.44MB/s] 20%|#9        | 305M/1.54G [03:03<08:33, 2.41MB/s] 20%|#9        | 305M/1.54G [03:03<09:31, 2.16MB/s] 20%|#9        | 305M/1.54G [03:03<09:37, 2.14MB/s] 20%|#9        | 305M/1.54G [03:03<09:54, 2.08MB/s] 20%|#9        | 306M/1.54G [03:03<10:53, 1.89MB/s] 20%|#9        | 306M/1.54G [03:03<08:56, 2.30MB/s] 20%|#9        | 306M/1.54G [03:04<10:05, 2.04MB/s] 20%|#9        | 307M/1.54G [03:04<10:10, 2.02MB/s] 20%|#9        | 307M/1.54G [03:04<11:05, 1.85MB/s] 20%|#9        | 307M/1.54G [03:04<10:13, 2.01MB/s] 20%|#9        | 307M/1.54G [03:04<10:33, 1.95MB/s] 20%|#9        | 308M/1.54G [03:04<10:16, 2.00MB/s] 20%|#9        | 308M/1.54G [03:04<09:53, 2.08MB/s] 20%|##        | 308M/1.54G [03:04<09:51, 2.08MB/s] 20%|##        | 309M/1.54G [03:05<08:57, 2.29MB/s] 20%|##        | 309M/1.54G [03:05<08:59, 2.28MB/s] 20%|##        | 309M/1.54G [03:05<09:50, 2.09MB/s] 20%|##        | 309M/1.54G [03:05<09:44, 2.11MB/s] 20%|##        | 310M/1.54G [03:05<08:51, 2.32MB/s] 20%|##        | 310M/1.54G [03:05<08:49, 2.32MB/s] 20%|##        | 310M/1.54G [03:05<09:43, 2.11MB/s] 20%|##        | 310M/1.54G [03:05<09:10, 2.24MB/s] 20%|##        | 311M/1.54G [03:06<10:11, 2.01MB/s] 20%|##        | 311M/1.54G [03:06<08:52, 2.31MB/s] 20%|##        | 311M/1.54G [03:06<09:21, 2.19MB/s] 20%|##        | 312M/1.54G [03:06<08:57, 2.29MB/s] 20%|##        | 312M/1.54G [03:06<08:41, 2.36MB/s] 20%|##        | 312M/1.54G [03:06<07:41, 2.66MB/s] 20%|##        | 313M/1.54G [03:06<09:11, 2.23MB/s] 20%|##        | 313M/1.54G [03:07<08:48, 2.32MB/s] 20%|##        | 313M/1.54G [03:07<09:59, 2.05MB/s] 20%|##        | 314M/1.54G [03:07<09:22, 2.18MB/s] 20%|##        | 314M/1.54G [03:07<09:59, 2.05MB/s] 20%|##        | 314M/1.54G [03:07<09:46, 2.09MB/s] 20%|##        | 314M/1.54G [03:07<09:19, 2.19MB/s] 20%|##        | 315M/1.54G [03:07<10:31, 1.94MB/s] 20%|##        | 315M/1.54G [03:07<09:03, 2.26MB/s] 20%|##        | 315M/1.54G [03:08<10:27, 1.95MB/s] 20%|##        | 315M/1.54G [03:08<09:42, 2.10MB/s] 20%|##        | 316M/1.54G [03:08<09:29, 2.15MB/s] 20%|##        | 316M/1.54G [03:08<09:46, 2.09MB/s] 21%|##        | 316M/1.54G [03:08<10:33, 1.93MB/s] 21%|##        | 316M/1.54G [03:08<10:19, 1.98MB/s] 21%|##        | 317M/1.54G [03:08<10:22, 1.97MB/s] 21%|##        | 317M/1.54G [03:09<09:58, 2.04MB/s] 21%|##        | 317M/1.54G [03:09<09:51, 2.07MB/s] 21%|##        | 318M/1.54G [03:09<09:50, 2.07MB/s] 21%|##        | 318M/1.54G [03:09<10:07, 2.01MB/s] 21%|##        | 318M/1.54G [03:09<10:13, 1.99MB/s] 21%|##        | 319M/1.54G [03:09<08:37, 2.36MB/s] 21%|##        | 319M/1.54G [03:09<11:10, 1.82MB/s] 21%|##        | 319M/1.54G [03:10<11:08, 1.83MB/s] 21%|##        | 319M/1.54G [03:10<10:41, 1.90MB/s] 21%|##        | 320M/1.54G [03:10<09:33, 2.13MB/s] 21%|##        | 320M/1.54G [03:10<09:28, 2.15MB/s] 21%|##        | 320M/1.54G [03:10<10:03, 2.02MB/s] 21%|##        | 320M/1.54G [03:10<09:06, 2.23MB/s] 21%|##        | 321M/1.54G [03:10<08:30, 2.39MB/s] 21%|##        | 321M/1.54G [03:10<09:42, 2.09MB/s] 21%|##        | 321M/1.54G [03:11<10:09, 2.00MB/s] 21%|##        | 322M/1.54G [03:11<09:17, 2.19MB/s] 21%|##        | 322M/1.54G [03:11<09:33, 2.13MB/s] 21%|##        | 322M/1.54G [03:11<08:37, 2.35MB/s] 21%|##        | 322M/1.54G [03:11<09:08, 2.22MB/s] 21%|##        | 323M/1.54G [03:11<09:30, 2.14MB/s] 21%|##        | 323M/1.54G [03:11<08:40, 2.34MB/s] 21%|##        | 323M/1.54G [03:11<09:15, 2.19MB/s] 21%|##        | 323M/1.54G [03:12<09:34, 2.12MB/s] 21%|##1       | 324M/1.54G [03:12<09:11, 2.21MB/s] 21%|##1       | 324M/1.54G [03:12<08:26, 2.40MB/s] 21%|##1       | 324M/1.54G [03:12<08:50, 2.29MB/s] 21%|##1       | 325M/1.54G [03:12<09:08, 2.22MB/s] 21%|##1       | 325M/1.54G [03:13<19:11, 1.06MB/s] 21%|##1       | 325M/1.54G [03:13<16:25, 1.23MB/s] 21%|##1       | 325M/1.54G [03:13<16:12, 1.25MB/s] 21%|##1       | 326M/1.54G [03:13<13:49, 1.47MB/s] 21%|##1       | 326M/1.54G [03:13<12:32, 1.61MB/s] 21%|##1       | 326M/1.54G [03:13<11:08, 1.82MB/s] 21%|##1       | 326M/1.54G [03:13<09:49, 2.06MB/s] 21%|##1       | 327M/1.54G [03:13<10:17, 1.97MB/s] 21%|##1       | 327M/1.54G [03:14<08:56, 2.26MB/s] 21%|##1       | 327M/1.54G [03:14<10:17, 1.96MB/s] 21%|##1       | 328M/1.54G [03:14<09:24, 2.15MB/s] 21%|##1       | 328M/1.54G [03:14<09:09, 2.21MB/s] 21%|##1       | 328M/1.54G [03:14<08:56, 2.26MB/s] 21%|##1       | 328M/1.54G [03:14<08:40, 2.33MB/s] 21%|##1       | 329M/1.54G [03:14<08:26, 2.39MB/s] 21%|##1       | 329M/1.54G [03:14<08:22, 2.41MB/s] 21%|##1       | 329M/1.54G [03:15<09:27, 2.14MB/s] 21%|##1       | 330M/1.54G [03:15<09:00, 2.24MB/s] 21%|##1       | 330M/1.54G [03:15<08:24, 2.40MB/s] 21%|##1       | 330M/1.54G [03:15<08:35, 2.35MB/s] 21%|##1       | 330M/1.54G [03:15<08:59, 2.24MB/s] 21%|##1       | 331M/1.54G [03:15<07:23, 2.73MB/s] 21%|##1       | 331M/1.54G [03:15<08:41, 2.32MB/s] 22%|##1       | 332M/1.54G [03:16<09:28, 2.13MB/s] 22%|##1       | 332M/1.54G [03:16<11:11, 1.80MB/s] 22%|##1       | 332M/1.54G [03:16<08:43, 2.31MB/s] 22%|##1       | 332M/1.54G [03:16<12:11, 1.65MB/s] 22%|##1       | 333M/1.54G [03:16<12:19, 1.63MB/s] 22%|##1       | 333M/1.54G [03:16<10:48, 1.86MB/s] 22%|##1       | 333M/1.54G [03:17<11:31, 1.75MB/s] 22%|##1       | 334M/1.54G [03:17<11:06, 1.81MB/s] 22%|##1       | 334M/1.54G [03:17<10:44, 1.87MB/s] 22%|##1       | 334M/1.54G [03:17<10:11, 1.97MB/s] 22%|##1       | 334M/1.54G [03:17<10:31, 1.91MB/s] 22%|##1       | 335M/1.54G [03:17<10:32, 1.91MB/s] 22%|##1       | 335M/1.54G [03:17<09:27, 2.12MB/s] 22%|##1       | 335M/1.54G [03:18<09:32, 2.10MB/s] 22%|##1       | 336M/1.54G [03:18<09:23, 2.14MB/s] 22%|##1       | 336M/1.54G [03:18<08:19, 2.41MB/s] 22%|##1       | 336M/1.54G [03:18<08:25, 2.38MB/s] 22%|##1       | 337M/1.54G [03:18<09:00, 2.23MB/s] 22%|##1       | 337M/1.54G [03:18<08:30, 2.36MB/s] 22%|##1       | 337M/1.54G [03:18<08:27, 2.37MB/s] 22%|##1       | 337M/1.54G [03:18<08:01, 2.50MB/s] 22%|##1       | 338M/1.54G [03:19<08:13, 2.44MB/s] 22%|##1       | 338M/1.54G [03:19<10:31, 1.90MB/s] 22%|##1       | 338M/1.54G [03:19<09:25, 2.13MB/s] 22%|##1       | 338M/1.54G [03:19<10:44, 1.87MB/s] 22%|##1       | 339M/1.54G [03:19<10:48, 1.85MB/s] 22%|##2       | 339M/1.54G [03:19<10:19, 1.94MB/s] 22%|##2       | 339M/1.54G [03:20<10:50, 1.85MB/s] 22%|##2       | 340M/1.54G [03:20<10:20, 1.94MB/s] 22%|##2       | 340M/1.54G [03:20<10:01, 2.00MB/s] 22%|##2       | 340M/1.54G [03:20<10:21, 1.93MB/s] 22%|##2       | 340M/1.54G [03:20<09:34, 2.09MB/s] 22%|##2       | 341M/1.54G [03:20<09:08, 2.19MB/s] 22%|##2       | 341M/1.54G [03:20<09:08, 2.19MB/s] 22%|##2       | 341M/1.54G [03:20<10:24, 1.92MB/s] 22%|##2       | 341M/1.54G [03:20<09:55, 2.01MB/s] 22%|##2       | 342M/1.54G [03:21<09:40, 2.06MB/s] 22%|##2       | 342M/1.54G [03:21<09:55, 2.01MB/s] 22%|##2       | 342M/1.54G [03:21<08:34, 2.33MB/s] 22%|##2       | 342M/1.54G [03:21<09:29, 2.10MB/s] 22%|##2       | 343M/1.54G [03:21<09:36, 2.08MB/s] 22%|##2       | 343M/1.54G [03:21<09:21, 2.13MB/s] 22%|##2       | 343M/1.54G [03:21<08:56, 2.23MB/s] 22%|##2       | 344M/1.54G [03:21<09:19, 2.14MB/s] 22%|##2       | 344M/1.54G [03:22<08:50, 2.25MB/s] 22%|##2       | 344M/1.54G [03:22<09:08, 2.18MB/s] 22%|##2       | 344M/1.54G [03:22<09:00, 2.21MB/s] 22%|##2       | 345M/1.54G [03:22<08:51, 2.25MB/s] 22%|##2       | 345M/1.54G [03:22<09:23, 2.12MB/s] 22%|##2       | 345M/1.54G [03:22<08:49, 2.26MB/s] 22%|##2       | 346M/1.54G [03:22<09:16, 2.15MB/s] 22%|##2       | 346M/1.54G [03:23<08:29, 2.35MB/s] 22%|##2       | 346M/1.54G [03:23<09:30, 2.09MB/s] 22%|##2       | 346M/1.54G [03:23<09:30, 2.09MB/s] 23%|##2       | 347M/1.54G [03:23<08:20, 2.39MB/s] 23%|##2       | 347M/1.54G [03:23<09:26, 2.11MB/s] 23%|##2       | 347M/1.54G [03:23<09:26, 2.11MB/s] 23%|##2       | 348M/1.54G [03:23<08:16, 2.40MB/s] 23%|##2       | 348M/1.54G [03:23<09:03, 2.19MB/s] 23%|##2       | 348M/1.54G [03:24<09:11, 2.16MB/s] 23%|##2       | 348M/1.54G [03:24<08:56, 2.22MB/s] 23%|##2       | 349M/1.54G [03:24<09:34, 2.08MB/s] 23%|##2       | 349M/1.54G [03:24<08:41, 2.29MB/s] 23%|##2       | 349M/1.54G [03:24<10:03, 1.97MB/s] 23%|##2       | 350M/1.54G [03:24<08:12, 2.42MB/s] 23%|##2       | 350M/1.54G [03:24<09:31, 2.08MB/s] 23%|##2       | 350M/1.54G [03:24<08:41, 2.28MB/s] 23%|##2       | 350M/1.54G [03:25<09:01, 2.20MB/s] 23%|##2       | 351M/1.54G [03:25<08:57, 2.21MB/s] 23%|##2       | 351M/1.54G [03:25<08:57, 2.22MB/s] 23%|##2       | 351M/1.54G [03:25<08:09, 2.43MB/s] 23%|##2       | 352M/1.54G [03:25<09:21, 2.12MB/s] 23%|##2       | 352M/1.54G [03:25<09:18, 2.13MB/s] 23%|##2       | 352M/1.54G [03:25<08:33, 2.31MB/s] 23%|##2       | 352M/1.54G [03:26<09:51, 2.01MB/s] 23%|##2       | 353M/1.54G [03:26<08:41, 2.28MB/s] 23%|##2       | 353M/1.54G [03:26<09:24, 2.10MB/s] 23%|##2       | 354M/1.54G [03:26<08:09, 2.43MB/s] 23%|##2       | 354M/1.54G [03:26<09:19, 2.12MB/s] 23%|##2       | 354M/1.54G [03:26<07:49, 2.53MB/s] 23%|##3       | 354M/1.54G [03:26<09:07, 2.16MB/s] 23%|##3       | 355M/1.54G [03:27<09:04, 2.18MB/s] 23%|##3       | 355M/1.54G [03:27<09:40, 2.04MB/s] 23%|##3       | 355M/1.54G [03:27<09:28, 2.09MB/s] 23%|##3       | 355M/1.54G [03:27<09:26, 2.09MB/s] 23%|##3       | 356M/1.54G [03:27<09:56, 1.99MB/s] 23%|##3       | 356M/1.54G [03:27<09:37, 2.05MB/s] 23%|##3       | 356M/1.54G [03:27<08:43, 2.26MB/s] 23%|##3       | 357M/1.54G [03:27<09:08, 2.16MB/s] 23%|##3       | 357M/1.54G [03:28<08:25, 2.34MB/s] 23%|##3       | 357M/1.54G [03:28<08:12, 2.40MB/s] 23%|##3       | 357M/1.54G [03:28<09:14, 2.13MB/s] 23%|##3       | 358M/1.54G [03:28<10:16, 1.92MB/s] 23%|##3       | 358M/1.54G [03:28<09:39, 2.04MB/s] 23%|##3       | 358M/1.54G [03:28<09:27, 2.08MB/s] 23%|##3       | 359M/1.54G [03:28<09:43, 2.03MB/s] 23%|##3       | 359M/1.54G [03:29<09:11, 2.14MB/s] 23%|##3       | 359M/1.54G [03:29<08:48, 2.24MB/s] 23%|##3       | 359M/1.54G [03:29<09:22, 2.10MB/s] 23%|##3       | 360M/1.54G [03:29<09:54, 1.99MB/s] 23%|##3       | 360M/1.54G [03:29<08:55, 2.20MB/s] 23%|##3       | 360M/1.54G [03:29<08:34, 2.29MB/s] 23%|##3       | 361M/1.54G [03:29<08:50, 2.22MB/s] 23%|##3       | 361M/1.54G [03:29<09:27, 2.08MB/s] 23%|##3       | 361M/1.54G [03:30<08:03, 2.44MB/s] 23%|##3       | 361M/1.54G [03:30<07:40, 2.56MB/s] 23%|##3       | 362M/1.54G [03:30<09:05, 2.16MB/s] 24%|##3       | 362M/1.54G [03:30<08:09, 2.41MB/s] 24%|##3       | 362M/1.54G [03:30<08:36, 2.28MB/s] 24%|##3       | 363M/1.54G [03:30<08:22, 2.34MB/s] 24%|##3       | 363M/1.54G [03:30<07:53, 2.49MB/s] 24%|##3       | 363M/1.54G [03:30<07:46, 2.52MB/s] 24%|##3       | 364M/1.54G [03:31<07:42, 2.54MB/s] 24%|##3       | 364M/1.54G [03:31<10:31, 1.86MB/s] 24%|##3       | 364M/1.54G [03:31<10:02, 1.95MB/s] 24%|##3       | 364M/1.54G [03:31<09:15, 2.12MB/s] 24%|##3       | 365M/1.54G [03:31<07:37, 2.57MB/s] 24%|##3       | 365M/1.54G [03:31<08:53, 2.20MB/s] 24%|##3       | 365M/1.54G [03:31<08:01, 2.44MB/s] 24%|##3       | 366M/1.54G [03:32<10:44, 1.82MB/s] 24%|##3       | 366M/1.54G [03:32<09:33, 2.05MB/s] 24%|##3       | 366M/1.54G [03:32<09:48, 1.99MB/s] 24%|##3       | 367M/1.54G [03:32<08:58, 2.18MB/s] 24%|##3       | 367M/1.54G [03:32<09:44, 2.01MB/s] 24%|##3       | 367M/1.54G [03:32<09:11, 2.13MB/s] 24%|##3       | 368M/1.54G [03:32<08:52, 2.20MB/s] 24%|##3       | 368M/1.54G [03:33<09:32, 2.05MB/s] 24%|##3       | 368M/1.54G [03:33<10:25, 1.87MB/s] 24%|##3       | 368M/1.54G [03:33<09:55, 1.97MB/s] 24%|##3       | 369M/1.54G [03:33<09:40, 2.02MB/s] 24%|##3       | 369M/1.54G [03:33<09:29, 2.06MB/s] 24%|##3       | 369M/1.54G [03:33<08:36, 2.27MB/s] 24%|##3       | 369M/1.54G [03:33<08:47, 2.22MB/s] 24%|##3       | 370M/1.54G [03:34<09:18, 2.10MB/s] 24%|##4       | 370M/1.54G [03:34<08:15, 2.36MB/s] 24%|##4       | 370M/1.54G [03:34<09:33, 2.04MB/s] 24%|##4       | 371M/1.54G [03:34<08:39, 2.25MB/s] 24%|##4       | 371M/1.54G [03:34<09:20, 2.09MB/s] 24%|##4       | 371M/1.54G [03:34<08:19, 2.34MB/s] 24%|##4       | 372M/1.54G [03:34<09:40, 2.02MB/s] 24%|##4       | 372M/1.54G [03:34<09:23, 2.07MB/s] 24%|##4       | 372M/1.54G [03:35<09:33, 2.04MB/s] 24%|##4       | 372M/1.54G [03:35<08:50, 2.20MB/s] 24%|##4       | 373M/1.54G [03:35<09:17, 2.09MB/s] 24%|##4       | 373M/1.54G [03:35<09:06, 2.14MB/s] 24%|##4       | 373M/1.54G [03:35<08:08, 2.39MB/s] 24%|##4       | 373M/1.54G [03:35<09:21, 2.08MB/s] 24%|##4       | 374M/1.54G [03:35<09:13, 2.11MB/s] 24%|##4       | 374M/1.54G [03:36<08:53, 2.19MB/s] 24%|##4       | 375M/1.54G [03:36<08:48, 2.21MB/s] 24%|##4       | 375M/1.54G [03:36<08:51, 2.19MB/s] 24%|##4       | 375M/1.54G [03:36<08:47, 2.21MB/s] 24%|##4       | 375M/1.54G [03:36<08:45, 2.22MB/s] 24%|##4       | 376M/1.54G [03:36<08:48, 2.20MB/s] 24%|##4       | 376M/1.54G [03:36<08:26, 2.30MB/s] 24%|##4       | 376M/1.54G [03:36<08:29, 2.29MB/s] 24%|##4       | 376M/1.54G [03:37<09:28, 2.05MB/s] 24%|##4       | 377M/1.54G [03:37<08:18, 2.33MB/s] 24%|##4       | 377M/1.54G [03:37<09:04, 2.14MB/s] 24%|##4       | 377M/1.54G [03:37<08:06, 2.39MB/s] 25%|##4       | 378M/1.54G [03:37<09:15, 2.10MB/s] 25%|##4       | 378M/1.54G [03:37<07:58, 2.43MB/s] 25%|##4       | 378M/1.54G [03:37<09:01, 2.15MB/s] 25%|##4       | 379M/1.54G [03:38<09:49, 1.97MB/s] 25%|##4       | 379M/1.54G [03:38<09:20, 2.07MB/s] 25%|##4       | 379M/1.54G [03:38<08:43, 2.22MB/s] 25%|##4       | 380M/1.54G [03:38<08:49, 2.19MB/s] 25%|##4       | 380M/1.54G [03:38<07:56, 2.44MB/s] 25%|##4       | 380M/1.54G [03:38<07:53, 2.45MB/s] 25%|##4       | 380M/1.54G [03:38<08:16, 2.34MB/s] 25%|##4       | 381M/1.54G [03:38<07:17, 2.65MB/s] 25%|##4       | 381M/1.54G [03:39<07:25, 2.60MB/s] 25%|##4       | 381M/1.54G [03:39<07:51, 2.46MB/s] 25%|##4       | 382M/1.54G [03:39<07:55, 2.44MB/s] 25%|##4       | 382M/1.54G [03:39<07:19, 2.64MB/s] 25%|##4       | 382M/1.54G [03:39<08:31, 2.27MB/s] 25%|##4       | 383M/1.54G [03:39<07:27, 2.59MB/s] 25%|##4       | 383M/1.54G [03:39<08:30, 2.27MB/s] 25%|##4       | 383M/1.54G [03:40<08:05, 2.38MB/s] 25%|##4       | 384M/1.54G [03:40<07:39, 2.52MB/s] 25%|##4       | 384M/1.54G [03:40<07:56, 2.43MB/s] 25%|##4       | 384M/1.54G [03:40<07:48, 2.47MB/s] 25%|##4       | 384M/1.54G [03:40<08:21, 2.31MB/s] 25%|##4       | 385M/1.54G [03:40<08:11, 2.35MB/s] 25%|##4       | 385M/1.54G [03:40<07:59, 2.41MB/s] 25%|##5       | 385M/1.54G [03:40<08:48, 2.19MB/s] 25%|##5       | 386M/1.54G [03:41<07:11, 2.68MB/s] 25%|##5       | 386M/1.54G [03:41<10:10, 1.89MB/s] 25%|##5       | 387M/1.54G [03:41<08:03, 2.39MB/s] 25%|##5       | 387M/1.54G [03:41<08:46, 2.19MB/s] 25%|##5       | 387M/1.54G [03:41<08:28, 2.27MB/s] 25%|##5       | 387M/1.54G [03:41<09:00, 2.13MB/s] 25%|##5       | 388M/1.54G [03:41<08:43, 2.20MB/s] 25%|##5       | 388M/1.54G [03:42<08:24, 2.28MB/s] 25%|##5       | 388M/1.54G [03:42<08:18, 2.31MB/s] 25%|##5       | 388M/1.54G [03:42<07:31, 2.55MB/s] 25%|##5       | 389M/1.54G [03:42<08:42, 2.21MB/s] 25%|##5       | 389M/1.54G [03:42<07:34, 2.53MB/s] 25%|##5       | 389M/1.54G [03:42<08:03, 2.38MB/s] 25%|##5       | 390M/1.54G [03:42<08:21, 2.30MB/s] 25%|##5       | 390M/1.54G [03:42<08:35, 2.23MB/s] 25%|##5       | 390M/1.54G [03:43<11:08, 1.72MB/s] 25%|##5       | 391M/1.54G [03:43<09:51, 1.94MB/s] 25%|##5       | 391M/1.54G [03:43<08:50, 2.17MB/s] 25%|##5       | 391M/1.54G [03:43<08:08, 2.35MB/s] 25%|##5       | 392M/1.54G [03:43<08:55, 2.15MB/s] 25%|##5       | 392M/1.54G [03:43<08:40, 2.21MB/s] 25%|##5       | 392M/1.54G [03:43<08:26, 2.27MB/s] 25%|##5       | 392M/1.54G [03:44<08:12, 2.33MB/s] 25%|##5       | 393M/1.54G [03:44<08:51, 2.16MB/s] 26%|##5       | 393M/1.54G [03:44<08:48, 2.17MB/s] 26%|##5       | 393M/1.54G [03:44<08:08, 2.35MB/s] 26%|##5       | 394M/1.54G [03:44<08:36, 2.22MB/s] 26%|##5       | 394M/1.54G [03:44<08:36, 2.22MB/s] 26%|##5       | 394M/1.54G [03:44<09:08, 2.09MB/s] 26%|##5       | 394M/1.54G [03:44<09:11, 2.08MB/s] 26%|##5       | 395M/1.54G [03:45<08:23, 2.28MB/s] 26%|##5       | 395M/1.54G [03:45<08:24, 2.27MB/s] 26%|##5       | 395M/1.54G [03:45<08:37, 2.21MB/s] 26%|##5       | 395M/1.54G [03:45<08:55, 2.14MB/s] 26%|##5       | 396M/1.54G [03:45<08:03, 2.37MB/s] 26%|##5       | 396M/1.54G [03:45<08:55, 2.14MB/s] 26%|##5       | 396M/1.54G [03:45<08:18, 2.30MB/s] 26%|##5       | 397M/1.54G [03:46<08:52, 2.15MB/s] 26%|##5       | 397M/1.54G [03:46<07:53, 2.41MB/s] 26%|##5       | 397M/1.54G [03:46<08:54, 2.14MB/s] 26%|##5       | 397M/1.54G [03:46<08:47, 2.17MB/s] 26%|##5       | 398M/1.54G [03:46<07:33, 2.52MB/s] 26%|##5       | 398M/1.54G [03:46<08:33, 2.23MB/s] 26%|##5       | 398M/1.54G [03:46<08:26, 2.25MB/s] 26%|##5       | 399M/1.54G [03:46<08:31, 2.23MB/s] 26%|##5       | 399M/1.54G [03:47<08:41, 2.19MB/s] 26%|##5       | 399M/1.54G [03:47<07:46, 2.45MB/s] 26%|##5       | 400M/1.54G [03:47<07:50, 2.42MB/s] 26%|##5       | 400M/1.54G [03:47<08:50, 2.15MB/s] 26%|##5       | 400M/1.54G [03:47<08:23, 2.26MB/s] 26%|##5       | 400M/1.54G [03:47<08:56, 2.13MB/s] 26%|##6       | 401M/1.54G [03:47<07:59, 2.38MB/s] 26%|##6       | 401M/1.54G [03:47<07:47, 2.44MB/s] 26%|##6       | 401M/1.54G [03:48<08:16, 2.30MB/s] 26%|##6       | 402M/1.54G [03:48<08:26, 2.25MB/s] 26%|##6       | 402M/1.54G [03:48<07:58, 2.38MB/s] 26%|##6       | 402M/1.54G [03:48<08:04, 2.35MB/s] 26%|##6       | 403M/1.54G [03:48<07:35, 2.50MB/s] 26%|##6       | 403M/1.54G [03:48<08:23, 2.26MB/s] 26%|##6       | 403M/1.54G [03:48<07:35, 2.50MB/s] 26%|##6       | 404M/1.54G [03:48<07:17, 2.60MB/s] 26%|##6       | 404M/1.54G [03:49<07:54, 2.40MB/s] 26%|##6       | 404M/1.54G [03:49<07:17, 2.60MB/s] 26%|##6       | 404M/1.54G [03:49<08:12, 2.31MB/s] 26%|##6       | 405M/1.54G [03:49<07:13, 2.62MB/s] 26%|##6       | 405M/1.54G [03:49<08:28, 2.23MB/s] 26%|##6       | 406M/1.54G [03:49<07:25, 2.55MB/s] 26%|##6       | 406M/1.54G [03:49<08:30, 2.22MB/s] 26%|##6       | 406M/1.54G [03:50<08:39, 2.18MB/s] 26%|##6       | 406M/1.54G [03:50<07:55, 2.39MB/s] 26%|##6       | 407M/1.54G [03:50<08:37, 2.19MB/s] 26%|##6       | 407M/1.54G [03:50<07:31, 2.51MB/s] 26%|##6       | 407M/1.54G [03:50<08:36, 2.20MB/s] 26%|##6       | 408M/1.54G [03:50<08:17, 2.28MB/s] 26%|##6       | 408M/1.54G [03:50<07:30, 2.51MB/s] 26%|##6       | 408M/1.54G [03:50<07:13, 2.61MB/s] 27%|##6       | 409M/1.54G [03:51<07:32, 2.50MB/s] 27%|##6       | 409M/1.54G [03:51<08:27, 2.23MB/s] 27%|##6       | 409M/1.54G [03:51<08:14, 2.29MB/s] 27%|##6       | 409M/1.54G [03:51<08:35, 2.20MB/s] 27%|##6       | 410M/1.54G [03:51<07:29, 2.52MB/s] 27%|##6       | 410M/1.54G [03:51<08:16, 2.28MB/s] 27%|##6       | 410M/1.54G [03:51<08:11, 2.30MB/s] 27%|##6       | 411M/1.54G [03:51<07:13, 2.61MB/s] 27%|##6       | 411M/1.54G [03:52<08:27, 2.23MB/s] 27%|##6       | 411M/1.54G [03:52<09:48, 1.92MB/s] 27%|##6       | 412M/1.54G [03:52<09:56, 1.89MB/s] 27%|##6       | 412M/1.54G [03:52<09:12, 2.04MB/s] 27%|##6       | 412M/1.54G [03:52<09:40, 1.94MB/s] 27%|##6       | 412M/1.54G [03:52<08:56, 2.10MB/s] 27%|##6       | 413M/1.54G [03:53<08:39, 2.17MB/s] 27%|##6       | 413M/1.54G [03:53<09:02, 2.08MB/s] 27%|##6       | 413M/1.54G [03:53<09:06, 2.06MB/s] 27%|##6       | 414M/1.54G [03:53<09:02, 2.08MB/s] 27%|##6       | 414M/1.54G [03:53<07:38, 2.46MB/s] 27%|##6       | 414M/1.54G [03:53<08:44, 2.15MB/s] 27%|##6       | 415M/1.54G [03:53<07:26, 2.52MB/s] 27%|##6       | 415M/1.54G [03:54<09:54, 1.89MB/s] 27%|##6       | 415M/1.54G [03:54<09:32, 1.96MB/s] 27%|##6       | 416M/1.54G [03:54<09:59, 1.88MB/s] 27%|##6       | 416M/1.54G [03:54<09:23, 2.00MB/s] 27%|##7       | 416M/1.54G [03:54<09:46, 1.92MB/s] 27%|##7       | 416M/1.54G [03:54<09:09, 2.05MB/s] 27%|##7       | 417M/1.54G [03:54<08:59, 2.08MB/s] 27%|##7       | 417M/1.54G [03:55<09:42, 1.93MB/s] 27%|##7       | 417M/1.54G [03:55<09:05, 2.06MB/s] 27%|##7       | 417M/1.54G [03:55<09:46, 1.92MB/s] 27%|##7       | 418M/1.54G [03:55<08:39, 2.16MB/s] 27%|##7       | 418M/1.54G [03:55<09:49, 1.90MB/s] 27%|##7       | 418M/1.54G [03:55<09:32, 1.96MB/s] 27%|##7       | 419M/1.54G [03:55<09:30, 1.97MB/s] 27%|##7       | 419M/1.54G [03:56<09:13, 2.03MB/s] 27%|##7       | 419M/1.54G [03:56<08:11, 2.28MB/s] 27%|##7       | 419M/1.54G [03:56<09:12, 2.03MB/s] 27%|##7       | 420M/1.54G [03:56<09:03, 2.06MB/s] 27%|##7       | 420M/1.54G [03:56<08:52, 2.10MB/s] 27%|##7       | 420M/1.54G [03:56<09:25, 1.98MB/s] 27%|##7       | 421M/1.54G [03:56<08:47, 2.12MB/s] 27%|##7       | 421M/1.54G [03:56<08:48, 2.12MB/s] 27%|##7       | 421M/1.54G [03:57<11:15, 1.66MB/s] 27%|##7       | 421M/1.54G [03:57<10:43, 1.74MB/s] 27%|##7       | 422M/1.54G [03:57<09:54, 1.88MB/s] 27%|##7       | 422M/1.54G [03:57<09:37, 1.94MB/s] 27%|##7       | 422M/1.54G [03:57<09:10, 2.03MB/s] 27%|##7       | 422M/1.54G [03:57<08:46, 2.13MB/s] 27%|##7       | 423M/1.54G [03:57<08:47, 2.12MB/s] 27%|##7       | 423M/1.54G [03:57<08:53, 2.09MB/s] 27%|##7       | 423M/1.54G [03:58<08:31, 2.18MB/s] 27%|##7       | 423M/1.54G [03:58<08:46, 2.12MB/s] 27%|##7       | 424M/1.54G [03:58<08:38, 2.15MB/s] 28%|##7       | 424M/1.54G [03:58<10:59, 1.69MB/s] 28%|##7       | 424M/1.54G [03:58<09:35, 1.94MB/s] 28%|##7       | 424M/1.54G [03:58<09:44, 1.91MB/s] 28%|##7       | 425M/1.54G [03:58<10:33, 1.76MB/s] 28%|##7       | 425M/1.54G [03:59<10:34, 1.76MB/s] 28%|##7       | 425M/1.54G [03:59<10:12, 1.82MB/s] 28%|##7       | 425M/1.54G [03:59<10:27, 1.78MB/s] 28%|##7       | 425M/1.54G [03:59<09:55, 1.87MB/s] 28%|##7       | 426M/1.54G [03:59<09:48, 1.89MB/s] 28%|##7       | 426M/1.54G [03:59<10:06, 1.84MB/s] 28%|##7       | 426M/1.54G [03:59<09:31, 1.95MB/s] 28%|##7       | 426M/1.54G [03:59<09:37, 1.93MB/s] 28%|##7       | 427M/1.54G [03:59<09:33, 1.94MB/s] 28%|##7       | 427M/1.54G [04:00<09:29, 1.96MB/s] 28%|##7       | 427M/1.54G [04:00<08:59, 2.07MB/s] 28%|##7       | 427M/1.54G [04:00<09:24, 1.97MB/s] 28%|##7       | 428M/1.54G [04:00<09:18, 1.99MB/s] 28%|##7       | 428M/1.54G [04:00<08:48, 2.11MB/s] 28%|##7       | 428M/1.54G [04:00<09:32, 1.94MB/s] 28%|##7       | 428M/1.54G [04:00<08:47, 2.11MB/s] 28%|##7       | 429M/1.54G [04:00<08:39, 2.14MB/s] 28%|##7       | 429M/1.54G [04:01<08:33, 2.16MB/s] 28%|##7       | 429M/1.54G [04:01<08:46, 2.11MB/s] 28%|##7       | 429M/1.54G [04:01<09:07, 2.03MB/s] 28%|##7       | 429M/1.54G [04:01<09:26, 1.96MB/s] 28%|##7       | 430M/1.54G [04:01<08:01, 2.31MB/s] 28%|##7       | 430M/1.54G [04:01<09:16, 2.00MB/s] 28%|##7       | 430M/1.54G [04:01<08:21, 2.21MB/s] 28%|##7       | 431M/1.54G [04:01<09:07, 2.03MB/s] 28%|##7       | 431M/1.54G [04:02<07:58, 2.32MB/s] 28%|##7       | 431M/1.54G [04:02<09:12, 2.01MB/s] 28%|##8       | 432M/1.54G [04:02<08:22, 2.21MB/s] 28%|##8       | 432M/1.54G [04:02<08:36, 2.15MB/s] 28%|##8       | 432M/1.54G [04:02<08:54, 2.08MB/s] 28%|##8       | 432M/1.54G [04:02<08:48, 2.10MB/s] 28%|##8       | 433M/1.54G [04:02<08:38, 2.14MB/s] 28%|##8       | 433M/1.54G [04:02<08:01, 2.30MB/s] 28%|##8       | 433M/1.54G [04:03<08:35, 2.15MB/s] 28%|##8       | 433M/1.54G [04:03<08:37, 2.14MB/s] 28%|##8       | 434M/1.54G [04:03<09:17, 1.99MB/s] 28%|##8       | 434M/1.54G [04:03<08:37, 2.14MB/s] 28%|##8       | 434M/1.54G [04:03<09:18, 1.98MB/s] 28%|##8       | 435M/1.54G [04:03<09:19, 1.98MB/s] 28%|##8       | 435M/1.54G [04:04<09:02, 2.04MB/s] 28%|##8       | 435M/1.54G [04:04<08:02, 2.29MB/s] 28%|##8       | 436M/1.54G [04:04<09:28, 1.95MB/s] 28%|##8       | 436M/1.54G [04:04<09:10, 2.01MB/s] 28%|##8       | 436M/1.54G [04:04<08:39, 2.12MB/s] 28%|##8       | 437M/1.54G [04:04<08:14, 2.23MB/s] 28%|##8       | 437M/1.54G [04:04<08:35, 2.14MB/s] 28%|##8       | 437M/1.54G [04:04<08:29, 2.17MB/s] 28%|##8       | 437M/1.54G [04:05<08:54, 2.06MB/s] 28%|##8       | 438M/1.54G [04:05<09:31, 1.93MB/s] 28%|##8       | 438M/1.54G [04:05<08:28, 2.17MB/s] 28%|##8       | 438M/1.54G [04:05<08:24, 2.18MB/s] 28%|##8       | 438M/1.54G [04:05<09:17, 1.98MB/s] 28%|##8       | 439M/1.54G [04:05<08:35, 2.14MB/s] 28%|##8       | 439M/1.54G [04:05<08:28, 2.17MB/s] 28%|##8       | 439M/1.54G [04:05<09:07, 2.01MB/s] 29%|##8       | 439M/1.54G [04:06<08:14, 2.23MB/s] 29%|##8       | 440M/1.54G [04:06<08:53, 2.06MB/s] 29%|##8       | 440M/1.54G [04:06<08:28, 2.16MB/s] 29%|##8       | 440M/1.54G [04:06<08:32, 2.15MB/s] 29%|##8       | 441M/1.54G [04:06<07:50, 2.34MB/s] 29%|##8       | 441M/1.54G [04:06<08:32, 2.14MB/s] 29%|##8       | 441M/1.54G [04:06<07:34, 2.42MB/s] 29%|##8       | 441M/1.54G [04:06<08:17, 2.21MB/s] 29%|##8       | 442M/1.54G [04:07<07:41, 2.38MB/s] 29%|##8       | 442M/1.54G [04:07<07:02, 2.60MB/s] 29%|##8       | 442M/1.54G [04:07<07:33, 2.42MB/s] 29%|##8       | 443M/1.54G [04:07<07:54, 2.32MB/s] 29%|##8       | 443M/1.54G [04:07<06:55, 2.64MB/s] 29%|##8       | 443M/1.54G [04:07<09:37, 1.90MB/s] 29%|##8       | 444M/1.54G [04:07<09:27, 1.93MB/s] 29%|##8       | 444M/1.54G [04:08<09:10, 1.99MB/s] 29%|##8       | 444M/1.54G [04:08<09:24, 1.94MB/s] 29%|##8       | 445M/1.54G [04:08<09:10, 1.99MB/s] 29%|##8       | 445M/1.54G [04:08<08:56, 2.04MB/s] 29%|##8       | 445M/1.54G [04:08<08:44, 2.09MB/s] 29%|##8       | 445M/1.54G [04:08<08:07, 2.25MB/s] 29%|##8       | 446M/1.54G [04:08<08:20, 2.19MB/s] 29%|##8       | 446M/1.54G [04:09<08:49, 2.07MB/s] 29%|##8       | 446M/1.54G [04:09<08:00, 2.28MB/s] 29%|##8       | 446M/1.54G [04:09<08:07, 2.25MB/s] 29%|##8       | 447M/1.54G [04:09<08:33, 2.13MB/s] 29%|##9       | 447M/1.54G [04:09<07:29, 2.43MB/s] 29%|##9       | 447M/1.54G [04:09<08:18, 2.19MB/s] 29%|##9       | 448M/1.54G [04:09<07:56, 2.29MB/s] 29%|##9       | 448M/1.54G [04:09<08:00, 2.27MB/s] 29%|##9       | 448M/1.54G [04:10<07:45, 2.35MB/s] 29%|##9       | 448M/1.54G [04:10<07:57, 2.29MB/s] 29%|##9       | 449M/1.54G [04:10<07:43, 2.35MB/s] 29%|##9       | 449M/1.54G [04:10<07:57, 2.29MB/s] 29%|##9       | 449M/1.54G [04:10<08:21, 2.17MB/s] 29%|##9       | 450M/1.54G [04:10<08:00, 2.27MB/s] 29%|##9       | 450M/1.54G [04:10<07:12, 2.52MB/s] 29%|##9       | 450M/1.54G [04:10<06:59, 2.60MB/s] 29%|##9       | 451M/1.54G [04:11<07:41, 2.36MB/s] 29%|##9       | 451M/1.54G [04:11<07:26, 2.44MB/s] 29%|##9       | 451M/1.54G [04:11<07:03, 2.57MB/s] 29%|##9       | 451M/1.54G [04:11<07:55, 2.29MB/s] 29%|##9       | 452M/1.54G [04:11<07:12, 2.52MB/s] 29%|##9       | 452M/1.54G [04:11<08:11, 2.22MB/s] 29%|##9       | 452M/1.54G [04:11<07:24, 2.45MB/s] 29%|##9       | 453M/1.54G [04:11<07:48, 2.32MB/s] 29%|##9       | 453M/1.54G [04:12<07:47, 2.33MB/s] 29%|##9       | 453M/1.54G [04:12<07:40, 2.36MB/s] 29%|##9       | 454M/1.54G [04:12<07:44, 2.34MB/s] 29%|##9       | 454M/1.54G [04:12<07:24, 2.44MB/s] 29%|##9       | 454M/1.54G [04:12<07:02, 2.57MB/s] 29%|##9       | 454M/1.54G [04:12<07:15, 2.50MB/s] 30%|##9       | 455M/1.54G [04:12<07:23, 2.45MB/s] 30%|##9       | 455M/1.54G [04:12<07:14, 2.50MB/s] 30%|##9       | 455M/1.54G [04:13<07:27, 2.42MB/s] 30%|##9       | 456M/1.54G [04:13<06:50, 2.64MB/s] 30%|##9       | 456M/1.54G [04:13<07:35, 2.38MB/s] 30%|##9       | 457M/1.54G [04:13<06:36, 2.74MB/s] 30%|##9       | 457M/1.54G [04:14<14:53, 1.21MB/s] 30%|##9       | 457M/1.54G [04:14<13:21, 1.35MB/s] 30%|##9       | 457M/1.54G [04:14<12:06, 1.49MB/s] 30%|##9       | 458M/1.54G [04:14<10:00, 1.80MB/s] 30%|##9       | 458M/1.54G [04:14<09:06, 1.98MB/s] 30%|##9       | 458M/1.54G [04:14<08:47, 2.05MB/s] 30%|##9       | 459M/1.54G [04:14<08:18, 2.17MB/s] 30%|##9       | 459M/1.54G [04:14<09:30, 1.90MB/s] 30%|##9       | 459M/1.54G [04:15<09:06, 1.98MB/s] 30%|##9       | 460M/1.54G [04:15<08:31, 2.11MB/s] 30%|##9       | 460M/1.54G [04:15<09:11, 1.96MB/s] 30%|##9       | 460M/1.54G [04:15<08:17, 2.17MB/s] 30%|##9       | 460M/1.54G [04:15<09:09, 1.97MB/s] 30%|##9       | 461M/1.54G [04:15<09:29, 1.90MB/s] 30%|##9       | 461M/1.54G [04:15<09:10, 1.96MB/s] 30%|##9       | 461M/1.54G [04:16<08:27, 2.13MB/s] 30%|##9       | 461M/1.54G [04:16<08:47, 2.04MB/s] 30%|##9       | 462M/1.54G [04:16<08:46, 2.05MB/s] 30%|##9       | 462M/1.54G [04:16<07:55, 2.27MB/s] 30%|##9       | 462M/1.54G [04:16<07:57, 2.26MB/s] 30%|###       | 462M/1.54G [04:16<08:38, 2.08MB/s] 30%|###       | 463M/1.54G [04:16<07:23, 2.43MB/s] 30%|###       | 463M/1.54G [04:16<08:15, 2.17MB/s] 30%|###       | 463M/1.54G [04:17<07:52, 2.28MB/s] 30%|###       | 464M/1.54G [04:17<07:56, 2.26MB/s] 30%|###       | 464M/1.54G [04:17<12:35, 1.42MB/s] 30%|###       | 464M/1.54G [04:17<10:40, 1.68MB/s] 30%|###       | 465M/1.54G [04:17<09:57, 1.80MB/s] 30%|###       | 465M/1.54G [04:17<08:21, 2.15MB/s] 30%|###       | 465M/1.54G [04:18<09:05, 1.97MB/s] 30%|###       | 466M/1.54G [04:18<08:30, 2.11MB/s] 30%|###       | 466M/1.54G [04:18<07:48, 2.29MB/s] 30%|###       | 466M/1.54G [04:18<08:43, 2.05MB/s] 30%|###       | 466M/1.54G [04:18<10:00, 1.79MB/s] 30%|###       | 467M/1.54G [04:18<10:01, 1.79MB/s] 30%|###       | 467M/1.54G [04:19<09:44, 1.84MB/s] 30%|###       | 467M/1.54G [04:19<08:45, 2.04MB/s] 30%|###       | 468M/1.54G [04:19<14:02, 1.27MB/s] 30%|###       | 468M/1.54G [04:19<12:01, 1.49MB/s] 30%|###       | 468M/1.54G [04:19<11:18, 1.58MB/s] 30%|###       | 468M/1.54G [04:19<09:50, 1.81MB/s] 30%|###       | 469M/1.54G [04:20<10:29, 1.70MB/s] 30%|###       | 469M/1.54G [04:20<09:27, 1.89MB/s] 30%|###       | 469M/1.54G [04:20<09:47, 1.82MB/s] 30%|###       | 469M/1.54G [04:20<09:30, 1.88MB/s] 30%|###       | 470M/1.54G [04:20<09:05, 1.96MB/s] 31%|###       | 470M/1.54G [04:20<08:31, 2.09MB/s] 31%|###       | 470M/1.54G [04:20<08:30, 2.09MB/s] 31%|###       | 471M/1.54G [04:20<08:16, 2.15MB/s] 31%|###       | 471M/1.54G [04:21<07:54, 2.25MB/s] 31%|###       | 471M/1.54G [04:21<08:21, 2.13MB/s] 31%|###       | 471M/1.54G [04:21<11:15, 1.58MB/s] 31%|###       | 472M/1.54G [04:21<09:39, 1.84MB/s] 31%|###       | 472M/1.54G [04:21<09:53, 1.80MB/s] 31%|###       | 472M/1.54G [04:21<09:34, 1.86MB/s] 31%|###       | 472M/1.54G [04:21<08:42, 2.05MB/s] 31%|###       | 473M/1.54G [04:22<08:55, 1.99MB/s] 31%|###       | 473M/1.54G [04:22<08:41, 2.05MB/s] 31%|###       | 473M/1.54G [04:22<08:10, 2.18MB/s] 31%|###       | 474M/1.54G [04:22<08:41, 2.05MB/s] 31%|###       | 474M/1.54G [04:22<08:33, 2.08MB/s] 31%|###       | 474M/1.54G [04:22<07:35, 2.34MB/s] 31%|###       | 475M/1.54G [04:22<07:31, 2.36MB/s] 31%|###       | 475M/1.54G [04:23<08:22, 2.12MB/s] 31%|###       | 475M/1.54G [04:23<07:40, 2.32MB/s] 31%|###       | 475M/1.54G [04:23<08:24, 2.11MB/s] 31%|###       | 476M/1.54G [04:23<08:36, 2.06MB/s] 31%|###       | 476M/1.54G [04:23<07:52, 2.26MB/s] 31%|###       | 476M/1.54G [04:23<08:27, 2.10MB/s] 31%|###       | 477M/1.54G [04:23<07:24, 2.39MB/s] 31%|###       | 477M/1.54G [04:23<08:07, 2.18MB/s] 31%|###       | 477M/1.54G [04:24<07:43, 2.30MB/s] 31%|###       | 477M/1.54G [04:24<08:01, 2.21MB/s] 31%|###       | 478M/1.54G [04:24<07:57, 2.23MB/s] 31%|###1      | 478M/1.54G [04:24<07:42, 2.30MB/s] 31%|###1      | 478M/1.54G [04:24<08:36, 2.06MB/s] 31%|###1      | 478M/1.54G [04:24<12:42, 1.39MB/s] 31%|###1      | 479M/1.54G [04:25<11:51, 1.49MB/s] 31%|###1      | 479M/1.54G [04:25<11:13, 1.58MB/s] 31%|###1      | 479M/1.54G [04:25<10:02, 1.76MB/s] 31%|###1      | 479M/1.54G [04:25<08:44, 2.02MB/s] 31%|###1      | 480M/1.54G [04:25<08:58, 1.97MB/s] 31%|###1      | 480M/1.54G [04:25<08:04, 2.19MB/s] 31%|###1      | 480M/1.54G [04:25<07:34, 2.33MB/s] 31%|###1      | 481M/1.54G [04:25<08:31, 2.07MB/s] 31%|###1      | 481M/1.54G [04:26<07:31, 2.35MB/s] 31%|###1      | 481M/1.54G [04:26<07:20, 2.41MB/s] 31%|###1      | 481M/1.54G [04:26<15:02, 1.17MB/s] 31%|###1      | 482M/1.54G [04:26<12:51, 1.37MB/s] 31%|###1      | 482M/1.54G [04:26<12:34, 1.40MB/s] 31%|###1      | 482M/1.54G [04:27<10:12, 1.73MB/s] 31%|###1      | 483M/1.54G [04:27<09:50, 1.79MB/s] 31%|###1      | 483M/1.54G [04:27<08:10, 2.16MB/s] 31%|###1      | 483M/1.54G [04:27<08:59, 1.96MB/s] 31%|###1      | 484M/1.54G [04:27<07:15, 2.43MB/s] 31%|###1      | 484M/1.54G [04:27<08:03, 2.19MB/s] 31%|###1      | 484M/1.54G [04:27<07:45, 2.27MB/s] 31%|###1      | 485M/1.54G [04:28<09:04, 1.94MB/s] 31%|###1      | 485M/1.54G [04:28<08:44, 2.01MB/s] 31%|###1      | 485M/1.54G [04:28<09:28, 1.86MB/s] 31%|###1      | 485M/1.54G [04:28<09:16, 1.90MB/s] 32%|###1      | 485M/1.54G [04:28<09:25, 1.87MB/s] 32%|###1      | 486M/1.54G [04:28<08:49, 1.99MB/s] 32%|###1      | 486M/1.54G [04:28<08:16, 2.13MB/s] 32%|###1      | 486M/1.54G [04:28<08:19, 2.11MB/s] 32%|###1      | 486M/1.54G [04:29<08:13, 2.14MB/s] 32%|###1      | 487M/1.54G [04:29<07:45, 2.26MB/s] 32%|###1      | 487M/1.54G [04:29<07:22, 2.38MB/s] 32%|###1      | 487M/1.54G [04:29<07:56, 2.21MB/s] 32%|###1      | 488M/1.54G [04:29<07:42, 2.28MB/s] 32%|###1      | 488M/1.54G [04:29<07:20, 2.39MB/s] 32%|###1      | 488M/1.54G [04:29<07:30, 2.34MB/s] 32%|###1      | 488M/1.54G [04:29<07:14, 2.42MB/s] 32%|###1      | 489M/1.54G [04:29<06:47, 2.58MB/s] 32%|###1      | 489M/1.54G [04:30<07:11, 2.44MB/s] 32%|###1      | 489M/1.54G [04:30<07:00, 2.50MB/s] 32%|###1      | 490M/1.54G [04:30<07:51, 2.23MB/s] 32%|###1      | 490M/1.54G [04:30<07:04, 2.47MB/s] 32%|###1      | 490M/1.54G [04:30<07:28, 2.34MB/s] 32%|###1      | 491M/1.54G [04:30<07:38, 2.29MB/s] 32%|###1      | 491M/1.54G [04:30<07:11, 2.44MB/s] 32%|###1      | 491M/1.54G [04:30<08:09, 2.14MB/s] 32%|###1      | 491M/1.54G [04:31<09:48, 1.78MB/s] 32%|###1      | 492M/1.54G [04:31<08:38, 2.02MB/s] 32%|###1      | 492M/1.54G [04:31<09:01, 1.94MB/s] 32%|###1      | 492M/1.54G [04:31<08:25, 2.07MB/s] 32%|###1      | 493M/1.54G [04:31<08:52, 1.97MB/s] 32%|###1      | 493M/1.54G [04:31<08:32, 2.04MB/s] 32%|###2      | 493M/1.54G [04:31<08:29, 2.06MB/s] 32%|###2      | 493M/1.54G [04:32<08:16, 2.11MB/s] 32%|###2      | 494M/1.54G [04:32<08:10, 2.13MB/s] 32%|###2      | 494M/1.54G [04:32<08:05, 2.16MB/s] 32%|###2      | 494M/1.54G [04:32<08:05, 2.15MB/s] 32%|###2      | 494M/1.54G [04:32<07:46, 2.24MB/s] 32%|###2      | 495M/1.54G [04:32<07:49, 2.23MB/s] 32%|###2      | 495M/1.54G [04:32<07:58, 2.18MB/s] 32%|###2      | 495M/1.54G [04:32<07:52, 2.21MB/s] 32%|###2      | 495M/1.54G [04:33<07:53, 2.21MB/s] 32%|###2      | 496M/1.54G [04:33<08:56, 1.95MB/s] 32%|###2      | 496M/1.54G [04:33<08:36, 2.02MB/s] 32%|###2      | 496M/1.54G [04:33<08:22, 2.08MB/s] 32%|###2      | 497M/1.54G [04:33<08:00, 2.17MB/s] 32%|###2      | 497M/1.54G [04:33<07:40, 2.27MB/s] 32%|###2      | 497M/1.54G [04:33<08:12, 2.12MB/s] 32%|###2      | 497M/1.54G [04:33<07:20, 2.37MB/s] 32%|###2      | 498M/1.54G [04:34<08:06, 2.14MB/s] 32%|###2      | 498M/1.54G [04:34<07:27, 2.33MB/s] 32%|###2      | 498M/1.54G [04:34<08:35, 2.02MB/s] 32%|###2      | 499M/1.54G [04:34<08:22, 2.07MB/s] 32%|###2      | 499M/1.54G [04:34<07:34, 2.29MB/s] 32%|###2      | 499M/1.54G [04:34<08:24, 2.06MB/s] 32%|###2      | 499M/1.54G [04:34<07:57, 2.18MB/s] 32%|###2      | 500M/1.54G [04:35<08:24, 2.06MB/s] 32%|###2      | 500M/1.54G [04:35<07:43, 2.24MB/s] 32%|###2      | 500M/1.54G [04:35<08:24, 2.06MB/s] 32%|###2      | 501M/1.54G [04:35<08:27, 2.05MB/s] 33%|###2      | 501M/1.54G [04:35<08:15, 2.10MB/s] 33%|###2      | 501M/1.54G [04:35<07:50, 2.21MB/s] 33%|###2      | 501M/1.54G [04:35<07:48, 2.22MB/s] 33%|###2      | 502M/1.54G [04:35<07:54, 2.19MB/s] 33%|###2      | 502M/1.54G [04:36<07:50, 2.21MB/s] 33%|###2      | 502M/1.54G [04:36<07:46, 2.23MB/s] 33%|###2      | 502M/1.54G [04:36<07:08, 2.42MB/s] 33%|###2      | 503M/1.54G [04:36<08:10, 2.12MB/s] 33%|###2      | 503M/1.54G [04:36<08:07, 2.13MB/s] 33%|###2      | 503M/1.54G [04:36<07:09, 2.42MB/s] 33%|###2      | 504M/1.54G [04:36<08:09, 2.12MB/s] 33%|###2      | 504M/1.54G [04:36<07:12, 2.40MB/s] 33%|###2      | 504M/1.54G [04:37<07:47, 2.22MB/s] 33%|###2      | 504M/1.54G [04:37<07:48, 2.21MB/s] 33%|###2      | 505M/1.54G [04:37<07:12, 2.39MB/s] 33%|###2      | 505M/1.54G [04:37<07:45, 2.23MB/s] 33%|###2      | 505M/1.54G [04:37<07:44, 2.23MB/s] 33%|###2      | 506M/1.54G [04:37<07:11, 2.40MB/s] 33%|###2      | 506M/1.54G [04:37<07:10, 2.40MB/s] 33%|###2      | 506M/1.54G [04:37<08:03, 2.14MB/s] 33%|###2      | 506M/1.54G [04:38<08:06, 2.13MB/s] 33%|###2      | 507M/1.54G [04:38<07:06, 2.42MB/s] 33%|###2      | 507M/1.54G [04:38<07:48, 2.21MB/s] 33%|###2      | 507M/1.54G [04:38<08:20, 2.07MB/s] 33%|###2      | 508M/1.54G [04:38<07:36, 2.26MB/s] 33%|###2      | 508M/1.54G [04:38<08:17, 2.07MB/s] 33%|###2      | 508M/1.54G [04:38<07:57, 2.16MB/s] 33%|###3      | 509M/1.54G [04:39<07:36, 2.26MB/s] 33%|###3      | 509M/1.54G [04:39<07:23, 2.33MB/s] 33%|###3      | 509M/1.54G [04:39<06:59, 2.46MB/s] 33%|###3      | 510M/1.54G [04:39<07:02, 2.44MB/s] 33%|###3      | 510M/1.54G [04:39<07:28, 2.30MB/s] 33%|###3      | 510M/1.54G [04:39<07:42, 2.23MB/s] 33%|###3      | 510M/1.54G [04:39<08:29, 2.02MB/s] 33%|###3      | 511M/1.54G [04:40<08:58, 1.91MB/s] 33%|###3      | 511M/1.54G [04:40<08:11, 2.10MB/s] 33%|###3      | 511M/1.54G [04:40<06:46, 2.53MB/s] 33%|###3      | 512M/1.54G [04:40<07:44, 2.21MB/s] 33%|###3      | 512M/1.54G [04:40<08:40, 1.98MB/s] 33%|###3      | 512M/1.54G [04:40<08:05, 2.12MB/s] 33%|###3      | 512M/1.54G [04:40<08:33, 2.00MB/s] 33%|###3      | 513M/1.54G [04:40<08:07, 2.11MB/s] 33%|###3      | 513M/1.54G [04:41<07:57, 2.15MB/s] 33%|###3      | 513M/1.54G [04:41<07:34, 2.26MB/s] 33%|###3      | 514M/1.54G [04:41<07:30, 2.28MB/s] 33%|###3      | 514M/1.54G [04:41<07:20, 2.33MB/s] 33%|###3      | 514M/1.54G [04:41<07:22, 2.32MB/s] 33%|###3      | 514M/1.54G [04:41<07:45, 2.20MB/s] 33%|###3      | 515M/1.54G [04:41<07:41, 2.22MB/s] 33%|###3      | 515M/1.54G [04:41<08:48, 1.94MB/s] 33%|###3      | 515M/1.54G [04:42<07:20, 2.33MB/s] 33%|###3      | 516M/1.54G [04:42<08:30, 2.01MB/s] 33%|###3      | 516M/1.54G [04:42<09:41, 1.76MB/s] 34%|###3      | 516M/1.54G [04:42<08:59, 1.90MB/s] 34%|###3      | 516M/1.54G [04:42<08:38, 1.98MB/s] 34%|###3      | 517M/1.54G [04:42<09:08, 1.87MB/s] 34%|###3      | 517M/1.54G [04:42<08:11, 2.08MB/s] 34%|###3      | 517M/1.54G [04:43<09:18, 1.83MB/s] 34%|###3      | 518M/1.54G [04:43<07:56, 2.15MB/s] 34%|###3      | 518M/1.54G [04:43<08:42, 1.96MB/s] 34%|###3      | 518M/1.54G [04:43<08:05, 2.11MB/s] 34%|###3      | 518M/1.54G [04:43<08:08, 2.09MB/s] 34%|###3      | 519M/1.54G [04:43<08:52, 1.92MB/s] 34%|###3      | 519M/1.54G [04:43<09:07, 1.87MB/s] 34%|###3      | 519M/1.54G [04:44<08:22, 2.03MB/s] 34%|###3      | 519M/1.54G [04:44<08:09, 2.09MB/s] 34%|###3      | 520M/1.54G [04:44<08:51, 1.92MB/s] 34%|###3      | 520M/1.54G [04:44<08:12, 2.07MB/s] 34%|###3      | 520M/1.54G [04:44<08:16, 2.06MB/s] 34%|###3      | 520M/1.54G [04:44<08:16, 2.06MB/s] 34%|###3      | 521M/1.54G [04:44<08:19, 2.04MB/s] 34%|###3      | 521M/1.54G [04:44<07:52, 2.16MB/s] 34%|###3      | 521M/1.54G [04:45<07:21, 2.31MB/s] 34%|###3      | 522M/1.54G [04:45<08:18, 2.04MB/s] 34%|###3      | 522M/1.54G [04:45<07:57, 2.13MB/s] 34%|###3      | 522M/1.54G [04:45<08:02, 2.11MB/s] 34%|###3      | 522M/1.54G [04:45<07:19, 2.31MB/s] 34%|###3      | 523M/1.54G [04:45<07:07, 2.38MB/s] 34%|###3      | 523M/1.54G [04:45<08:04, 2.10MB/s] 34%|###3      | 523M/1.54G [04:45<07:56, 2.14MB/s] 34%|###3      | 523M/1.54G [04:46<07:49, 2.17MB/s] 34%|###3      | 524M/1.54G [04:46<07:56, 2.14MB/s] 34%|###4      | 524M/1.54G [04:46<07:33, 2.24MB/s] 34%|###4      | 524M/1.54G [04:46<08:35, 1.97MB/s] 34%|###4      | 524M/1.54G [04:46<07:23, 2.29MB/s] 34%|###4      | 525M/1.54G [04:46<07:55, 2.14MB/s] 34%|###4      | 525M/1.54G [04:46<08:05, 2.09MB/s] 34%|###4      | 525M/1.54G [04:46<07:24, 2.29MB/s] 34%|###4      | 526M/1.54G [04:47<07:58, 2.12MB/s] 34%|###4      | 526M/1.54G [04:47<08:00, 2.11MB/s] 34%|###4      | 526M/1.54G [04:47<07:37, 2.22MB/s] 34%|###4      | 527M/1.54G [04:47<07:18, 2.31MB/s] 34%|###4      | 527M/1.54G [04:47<07:29, 2.25MB/s] 34%|###4      | 527M/1.54G [04:47<07:52, 2.15MB/s] 34%|###4      | 527M/1.54G [04:47<07:00, 2.41MB/s] 34%|###4      | 528M/1.54G [04:48<07:50, 2.15MB/s] 34%|###4      | 528M/1.54G [04:48<07:14, 2.33MB/s] 34%|###4      | 528M/1.54G [04:48<07:27, 2.26MB/s] 34%|###4      | 529M/1.54G [04:48<07:11, 2.35MB/s] 34%|###4      | 529M/1.54G [04:48<07:10, 2.35MB/s] 34%|###4      | 529M/1.54G [04:48<07:36, 2.22MB/s] 34%|###4      | 529M/1.54G [04:48<07:40, 2.20MB/s] 34%|###4      | 530M/1.54G [04:48<06:42, 2.51MB/s] 34%|###4      | 530M/1.54G [04:48<07:38, 2.20MB/s] 34%|###4      | 530M/1.54G [04:49<07:18, 2.30MB/s] 34%|###4      | 531M/1.54G [04:49<07:33, 2.23MB/s] 34%|###4      | 531M/1.54G [04:49<06:25, 2.62MB/s] 34%|###4      | 531M/1.54G [04:49<07:11, 2.34MB/s] 34%|###4      | 532M/1.54G [04:49<07:34, 2.22MB/s] 35%|###4      | 532M/1.54G [04:49<07:03, 2.38MB/s] 35%|###4      | 532M/1.54G [04:50<09:08, 1.84MB/s] 35%|###4      | 532M/1.54G [04:50<08:40, 1.94MB/s] 35%|###4      | 533M/1.54G [04:50<08:46, 1.92MB/s] 35%|###4      | 533M/1.54G [04:50<07:37, 2.20MB/s] 35%|###4      | 533M/1.54G [04:50<07:30, 2.24MB/s] 35%|###4      | 534M/1.54G [04:50<07:36, 2.21MB/s] 35%|###4      | 534M/1.54G [04:50<06:52, 2.44MB/s] 35%|###4      | 534M/1.54G [04:50<07:33, 2.22MB/s] 35%|###4      | 535M/1.54G [04:51<06:50, 2.45MB/s] 35%|###4      | 535M/1.54G [04:51<06:45, 2.48MB/s] 35%|###4      | 535M/1.54G [04:51<07:59, 2.10MB/s] 35%|###4      | 535M/1.54G [04:51<07:03, 2.38MB/s] 35%|###4      | 536M/1.54G [04:51<06:26, 2.60MB/s] 35%|###4      | 536M/1.54G [04:51<08:45, 1.91MB/s] 35%|###4      | 536M/1.54G [04:51<07:45, 2.16MB/s] 35%|###4      | 537M/1.54G [04:52<08:30, 1.97MB/s] 35%|###4      | 537M/1.54G [04:52<07:25, 2.25MB/s] 35%|###4      | 537M/1.54G [04:52<08:23, 1.99MB/s] 35%|###4      | 537M/1.54G [04:52<07:52, 2.12MB/s] 35%|###4      | 538M/1.54G [04:52<07:37, 2.19MB/s] 35%|###4      | 538M/1.54G [04:52<08:11, 2.04MB/s] 35%|###4      | 538M/1.54G [04:52<07:41, 2.17MB/s] 35%|###4      | 539M/1.54G [04:52<07:03, 2.37MB/s] 35%|###4      | 539M/1.54G [04:53<07:05, 2.35MB/s] 35%|###4      | 539M/1.54G [04:53<07:40, 2.18MB/s] 35%|###5      | 540M/1.54G [04:53<07:23, 2.26MB/s] 35%|###5      | 540M/1.54G [04:53<06:43, 2.48MB/s] 35%|###5      | 540M/1.54G [04:53<06:53, 2.42MB/s] 35%|###5      | 541M/1.54G [04:53<07:03, 2.36MB/s] 35%|###5      | 541M/1.54G [04:53<06:42, 2.49MB/s] 35%|###5      | 541M/1.54G [04:53<06:26, 2.59MB/s] 35%|###5      | 542M/1.54G [04:54<05:49, 2.86MB/s] 35%|###5      | 542M/1.54G [04:54<06:54, 2.41MB/s] 35%|###5      | 542M/1.54G [04:54<07:53, 2.11MB/s] 35%|###5      | 542M/1.54G [04:54<09:09, 1.82MB/s] 35%|###5      | 543M/1.54G [04:54<08:23, 1.98MB/s] 35%|###5      | 543M/1.54G [04:54<07:49, 2.12MB/s] 35%|###5      | 543M/1.54G [04:54<08:36, 1.93MB/s] 35%|###5      | 543M/1.54G [04:55<07:49, 2.12MB/s] 35%|###5      | 544M/1.54G [04:55<08:12, 2.02MB/s] 35%|###5      | 544M/1.54G [04:55<08:05, 2.05MB/s] 35%|###5      | 544M/1.54G [04:55<08:22, 1.98MB/s] 35%|###5      | 545M/1.54G [04:55<07:47, 2.13MB/s] 35%|###5      | 545M/1.54G [04:55<07:40, 2.16MB/s] 35%|###5      | 545M/1.54G [04:55<07:33, 2.20MB/s] 35%|###5      | 545M/1.54G [04:55<07:39, 2.17MB/s] 35%|###5      | 545M/1.54G [04:56<08:26, 1.97MB/s] 35%|###5      | 546M/1.54G [04:56<07:47, 2.13MB/s] 35%|###5      | 546M/1.54G [04:56<08:19, 1.99MB/s] 35%|###5      | 546M/1.54G [04:56<07:44, 2.14MB/s] 35%|###5      | 547M/1.54G [04:56<07:20, 2.26MB/s] 35%|###5      | 547M/1.54G [04:56<07:28, 2.22MB/s] 36%|###5      | 547M/1.54G [04:56<08:14, 2.01MB/s] 36%|###5      | 547M/1.54G [04:56<07:58, 2.08MB/s] 36%|###5      | 548M/1.54G [04:57<07:30, 2.20MB/s] 36%|###5      | 548M/1.54G [04:57<07:42, 2.15MB/s] 36%|###5      | 548M/1.54G [04:57<07:07, 2.32MB/s] 36%|###5      | 549M/1.54G [04:57<07:38, 2.16MB/s] 36%|###5      | 549M/1.54G [04:57<07:08, 2.32MB/s] 36%|###5      | 549M/1.54G [04:57<07:41, 2.15MB/s] 36%|###5      | 549M/1.54G [04:57<07:07, 2.32MB/s] 36%|###5      | 550M/1.54G [04:57<07:02, 2.34MB/s] 36%|###5      | 550M/1.54G [04:58<07:50, 2.11MB/s] 36%|###5      | 550M/1.54G [04:58<07:22, 2.24MB/s] 36%|###5      | 551M/1.54G [04:58<06:56, 2.38MB/s] 36%|###5      | 551M/1.54G [04:58<07:12, 2.29MB/s] 36%|###5      | 551M/1.54G [04:58<07:51, 2.10MB/s] 36%|###5      | 551M/1.54G [04:58<06:51, 2.40MB/s] 36%|###5      | 552M/1.54G [04:58<07:43, 2.13MB/s] 36%|###5      | 552M/1.54G [04:58<07:36, 2.16MB/s] 36%|###5      | 552M/1.54G [04:59<07:16, 2.26MB/s] 36%|###5      | 553M/1.54G [04:59<07:40, 2.15MB/s] 36%|###5      | 553M/1.54G [04:59<07:17, 2.26MB/s] 36%|###5      | 553M/1.54G [04:59<06:48, 2.42MB/s] 36%|###5      | 553M/1.54G [04:59<07:48, 2.11MB/s] 36%|###5      | 554M/1.54G [04:59<07:12, 2.28MB/s] 36%|###5      | 554M/1.54G [05:00<14:18, 1.15MB/s] 36%|###6      | 555M/1.54G [05:00<07:09, 2.30MB/s] 36%|###6      | 555M/1.54G [05:00<06:43, 2.44MB/s] 36%|###6      | 556M/1.54G [05:00<07:16, 2.26MB/s] 36%|###6      | 556M/1.54G [05:00<06:43, 2.44MB/s] 36%|###6      | 556M/1.54G [05:01<07:09, 2.29MB/s] 36%|###6      | 557M/1.54G [05:01<06:57, 2.36MB/s] 36%|###6      | 557M/1.54G [05:01<06:49, 2.40MB/s] 36%|###6      | 557M/1.54G [05:01<06:16, 2.61MB/s] 36%|###6      | 558M/1.54G [05:01<06:58, 2.35MB/s] 36%|###6      | 558M/1.54G [05:01<07:01, 2.33MB/s] 36%|###6      | 558M/1.54G [05:01<06:51, 2.39MB/s] 36%|###6      | 558M/1.54G [05:01<06:58, 2.35MB/s] 36%|###6      | 559M/1.54G [05:01<07:23, 2.21MB/s] 36%|###6      | 559M/1.54G [05:02<07:23, 2.22MB/s] 36%|###6      | 559M/1.54G [05:02<07:04, 2.31MB/s] 36%|###6      | 559M/1.54G [05:02<17:39, 926kB/s]  36%|###6      | 561M/1.54G [05:03<08:33, 1.91MB/s] 36%|###6      | 561M/1.54G [05:03<07:37, 2.14MB/s] 36%|###6      | 561M/1.54G [05:03<07:48, 2.09MB/s] 36%|###6      | 562M/1.54G [05:03<07:29, 2.18MB/s] 36%|###6      | 562M/1.54G [05:03<08:20, 1.95MB/s] 36%|###6      | 562M/1.54G [05:03<08:11, 1.99MB/s] 37%|###6      | 562M/1.54G [05:04<07:45, 2.10MB/s] 37%|###6      | 563M/1.54G [05:04<06:57, 2.34MB/s] 37%|###6      | 563M/1.54G [05:04<08:59, 1.81MB/s] 37%|###6      | 564M/1.54G [05:04<07:24, 2.20MB/s] 37%|###6      | 564M/1.54G [05:04<06:48, 2.39MB/s] 37%|###6      | 564M/1.54G [05:04<07:21, 2.21MB/s] 37%|###6      | 565M/1.54G [05:04<06:57, 2.34MB/s] 37%|###6      | 565M/1.54G [05:05<13:38, 1.19MB/s] 37%|###6      | 565M/1.54G [05:05<12:02, 1.35MB/s] 37%|###6      | 565M/1.54G [05:05<10:16, 1.58MB/s] 37%|###6      | 566M/1.54G [05:05<08:40, 1.87MB/s] 37%|###6      | 566M/1.54G [05:05<08:06, 2.00MB/s] 37%|###6      | 566M/1.54G [05:06<08:11, 1.98MB/s] 37%|###6      | 567M/1.54G [05:06<06:58, 2.33MB/s] 37%|###6      | 567M/1.54G [05:06<06:36, 2.46MB/s] 37%|###6      | 567M/1.54G [05:06<07:26, 2.18MB/s] 37%|###6      | 568M/1.54G [05:06<12:07, 1.34MB/s] 37%|###6      | 568M/1.54G [05:07<10:54, 1.49MB/s] 37%|###6      | 568M/1.54G [05:07<09:42, 1.67MB/s] 37%|###6      | 568M/1.54G [05:07<07:53, 2.05MB/s] 37%|###6      | 569M/1.54G [05:07<07:17, 2.22MB/s] 37%|###6      | 569M/1.54G [05:07<06:39, 2.43MB/s] 37%|###6      | 569M/1.54G [05:07<06:25, 2.52MB/s] 37%|###6      | 570M/1.54G [05:07<06:15, 2.59MB/s] 37%|###7      | 570M/1.54G [05:07<05:32, 2.91MB/s] 37%|###7      | 571M/1.54G [05:07<05:44, 2.82MB/s] 37%|###7      | 571M/1.54G [05:08<05:49, 2.78MB/s] 37%|###7      | 571M/1.54G [05:08<05:33, 2.91MB/s] 37%|###7      | 572M/1.54G [05:08<05:05, 3.18MB/s] 37%|###7      | 572M/1.54G [05:08<05:10, 3.12MB/s] 37%|###7      | 572M/1.54G [05:08<05:14, 3.08MB/s] 37%|###7      | 573M/1.54G [05:08<05:44, 2.81MB/s] 37%|###7      | 573M/1.54G [05:08<05:30, 2.93MB/s] 37%|###7      | 573M/1.54G [05:08<05:02, 3.19MB/s] 37%|###7      | 574M/1.54G [05:09<05:32, 2.91MB/s] 37%|###7      | 574M/1.54G [05:09<05:26, 2.96MB/s] 37%|###7      | 574M/1.54G [05:09<05:20, 3.02MB/s] 37%|###7      | 575M/1.54G [05:09<09:45, 1.65MB/s] 37%|###7      | 575M/1.54G [05:09<06:18, 2.55MB/s] 37%|###7      | 576M/1.54G [05:09<06:41, 2.41MB/s] 37%|###7      | 576M/1.54G [05:11<21:04, 763kB/s]  38%|###7      | 578M/1.54G [05:11<08:49, 1.82MB/s] 38%|###7      | 578M/1.54G [05:11<10:29, 1.53MB/s] 38%|###7      | 579M/1.54G [05:12<11:31, 1.39MB/s] 38%|###7      | 579M/1.54G [05:12<12:13, 1.31MB/s] 38%|###7      | 579M/1.54G [05:12<12:51, 1.25MB/s] 38%|###7      | 579M/1.54G [05:12<13:06, 1.22MB/s] 38%|###7      | 579M/1.54G [05:13<13:18, 1.20MB/s] 38%|###7      | 580M/1.54G [05:13<13:22, 1.20MB/s] 38%|###7      | 580M/1.54G [05:13<13:28, 1.19MB/s] 38%|###7      | 580M/1.54G [05:13<12:40, 1.26MB/s] 38%|###7      | 580M/1.54G [05:13<13:18, 1.20MB/s] 38%|###7      | 580M/1.54G [05:13<13:11, 1.21MB/s] 38%|###7      | 580M/1.54G [05:13<13:36, 1.18MB/s] 38%|###7      | 581M/1.54G [05:14<13:41, 1.17MB/s] 38%|###7      | 581M/1.54G [05:14<12:57, 1.23MB/s] 38%|###7      | 581M/1.54G [05:14<13:15, 1.21MB/s] 38%|###7      | 581M/1.54G [05:14<12:36, 1.27MB/s] 38%|###7      | 581M/1.54G [05:14<12:54, 1.24MB/s] 38%|###7      | 581M/1.54G [05:14<13:00, 1.23MB/s] 38%|###7      | 582M/1.54G [05:14<12:35, 1.27MB/s] 38%|###7      | 582M/1.54G [05:15<12:46, 1.25MB/s] 38%|###7      | 582M/1.54G [05:15<12:26, 1.29MB/s] 38%|###7      | 582M/1.54G [05:15<11:41, 1.37MB/s] 38%|###7      | 582M/1.54G [05:15<12:18, 1.30MB/s] 38%|###7      | 582M/1.54G [05:15<11:41, 1.37MB/s] 38%|###7      | 583M/1.54G [05:15<12:11, 1.31MB/s] 38%|###7      | 583M/1.54G [05:15<12:01, 1.33MB/s] 38%|###7      | 583M/1.54G [05:15<12:12, 1.31MB/s] 38%|###7      | 583M/1.54G [05:15<11:35, 1.38MB/s] 38%|###7      | 583M/1.54G [05:16<11:16, 1.42MB/s] 38%|###7      | 583M/1.54G [05:16<11:38, 1.37MB/s] 38%|###7      | 584M/1.54G [05:16<11:11, 1.43MB/s] 38%|###7      | 584M/1.54G [05:16<11:05, 1.44MB/s] 38%|###7      | 584M/1.54G [05:16<11:25, 1.40MB/s] 38%|###7      | 584M/1.54G [05:16<10:58, 1.45MB/s] 38%|###7      | 584M/1.54G [05:16<11:09, 1.43MB/s] 38%|###7      | 584M/1.54G [05:16<11:32, 1.38MB/s] 38%|###7      | 585M/1.54G [05:17<10:41, 1.49MB/s] 38%|###7      | 585M/1.54G [05:17<11:06, 1.44MB/s] 38%|###7      | 585M/1.54G [05:17<10:44, 1.48MB/s] 38%|###7      | 585M/1.54G [05:17<10:28, 1.52MB/s] 38%|###7      | 585M/1.54G [05:17<10:58, 1.45MB/s] 38%|###8      | 586M/1.54G [05:17<10:20, 1.54MB/s] 38%|###8      | 586M/1.54G [05:17<10:48, 1.47MB/s] 38%|###8      | 586M/1.54G [05:17<10:04, 1.58MB/s] 38%|###8      | 586M/1.54G [05:17<10:23, 1.53MB/s] 38%|###8      | 586M/1.54G [05:18<10:25, 1.53MB/s] 38%|###8      | 586M/1.54G [05:18<09:41, 1.64MB/s] 38%|###8      | 587M/1.54G [05:18<09:41, 1.64MB/s] 38%|###8      | 587M/1.54G [05:18<10:06, 1.57MB/s] 38%|###8      | 587M/1.54G [05:18<10:28, 1.52MB/s] 38%|###8      | 587M/1.54G [05:18<09:58, 1.59MB/s] 38%|###8      | 587M/1.54G [05:18<09:43, 1.63MB/s] 38%|###8      | 588M/1.54G [05:18<09:52, 1.61MB/s] 38%|###8      | 588M/1.54G [05:19<09:32, 1.66MB/s] 38%|###8      | 588M/1.54G [05:19<09:46, 1.62MB/s] 38%|###8      | 588M/1.54G [05:19<09:18, 1.71MB/s] 38%|###8      | 589M/1.54G [05:19<08:59, 1.77MB/s] 38%|###8      | 589M/1.54G [05:19<09:19, 1.70MB/s] 38%|###8      | 589M/1.54G [05:19<08:59, 1.76MB/s] 38%|###8      | 589M/1.54G [05:19<09:15, 1.71MB/s] 38%|###8      | 589M/1.54G [05:19<08:56, 1.77MB/s] 38%|###8      | 590M/1.54G [05:20<08:32, 1.85MB/s] 38%|###8      | 590M/1.54G [05:20<08:24, 1.88MB/s] 38%|###8      | 590M/1.54G [05:20<08:43, 1.82MB/s] 38%|###8      | 590M/1.54G [05:20<08:11, 1.93MB/s] 38%|###8      | 590M/1.54G [05:20<07:55, 2.00MB/s] 38%|###8      | 591M/1.54G [05:20<07:38, 2.07MB/s] 38%|###8      | 591M/1.54G [05:20<07:48, 2.03MB/s] 38%|###8      | 591M/1.54G [05:20<07:17, 2.17MB/s] 38%|###8      | 591M/1.54G [05:20<07:21, 2.15MB/s] 38%|###8      | 592M/1.54G [05:21<07:12, 2.19MB/s] 38%|###8      | 592M/1.54G [05:21<06:37, 2.39MB/s] 38%|###8      | 592M/1.54G [05:21<06:44, 2.34MB/s] 38%|###8      | 592M/1.54G [05:21<07:24, 2.13MB/s] 38%|###8      | 593M/1.54G [05:21<07:25, 2.13MB/s] 39%|###8      | 593M/1.54G [05:21<06:36, 2.39MB/s] 39%|###8      | 593M/1.54G [05:21<07:18, 2.16MB/s] 39%|###8      | 594M/1.54G [05:21<06:50, 2.31MB/s] 39%|###8      | 594M/1.54G [05:22<06:29, 2.43MB/s] 39%|###8      | 594M/1.54G [05:22<05:36, 2.81MB/s] 39%|###8      | 595M/1.54G [05:22<06:43, 2.34MB/s] 39%|###8      | 595M/1.54G [05:22<07:40, 2.05MB/s] 39%|###8      | 595M/1.54G [05:22<07:31, 2.09MB/s] 39%|###8      | 596M/1.54G [05:22<07:29, 2.10MB/s] 39%|###8      | 596M/1.54G [05:22<07:20, 2.15MB/s] 39%|###8      | 596M/1.54G [05:22<06:59, 2.25MB/s] 39%|###8      | 596M/1.54G [05:23<05:50, 2.70MB/s] 39%|###8      | 597M/1.54G [05:23<06:22, 2.47MB/s] 39%|###8      | 597M/1.54G [05:23<05:27, 2.88MB/s] 39%|###8      | 598M/1.54G [05:23<05:37, 2.80MB/s] 39%|###8      | 598M/1.54G [05:23<05:29, 2.86MB/s] 39%|###8      | 598M/1.54G [05:23<06:11, 2.54MB/s] 39%|###8      | 599M/1.54G [05:23<07:15, 2.16MB/s] 39%|###8      | 599M/1.54G [05:24<06:11, 2.53MB/s] 39%|###8      | 599M/1.54G [05:24<06:54, 2.27MB/s] 39%|###8      | 600M/1.54G [05:24<07:56, 1.97MB/s] 39%|###8      | 600M/1.54G [05:24<08:09, 1.92MB/s] 39%|###8      | 600M/1.54G [05:24<07:57, 1.97MB/s] 39%|###8      | 600M/1.54G [05:24<07:43, 2.03MB/s] 39%|###8      | 601M/1.54G [05:24<07:44, 2.02MB/s] 39%|###8      | 601M/1.54G [05:25<07:47, 2.01MB/s] 39%|###9      | 601M/1.54G [05:25<07:15, 2.16MB/s] 39%|###9      | 601M/1.54G [05:25<08:07, 1.93MB/s] 39%|###9      | 602M/1.54G [05:25<07:47, 2.01MB/s] 39%|###9      | 602M/1.54G [05:25<07:30, 2.08MB/s] 39%|###9      | 602M/1.54G [05:25<07:02, 2.22MB/s] 39%|###9      | 602M/1.54G [05:25<07:22, 2.12MB/s] 39%|###9      | 603M/1.54G [05:25<07:33, 2.07MB/s] 39%|###9      | 603M/1.54G [05:26<06:47, 2.30MB/s] 39%|###9      | 603M/1.54G [05:26<07:06, 2.20MB/s] 39%|###9      | 604M/1.54G [05:26<06:31, 2.39MB/s] 39%|###9      | 604M/1.54G [05:26<06:59, 2.23MB/s] 39%|###9      | 604M/1.54G [05:26<06:35, 2.37MB/s] 39%|###9      | 604M/1.54G [05:26<06:25, 2.43MB/s] 39%|###9      | 605M/1.54G [05:26<07:00, 2.23MB/s] 39%|###9      | 605M/1.54G [05:26<06:33, 2.38MB/s] 39%|###9      | 605M/1.54G [05:26<06:30, 2.39MB/s] 39%|###9      | 605M/1.54G [05:27<07:04, 2.20MB/s] 39%|###9      | 606M/1.54G [05:27<07:01, 2.22MB/s] 39%|###9      | 606M/1.54G [05:27<06:23, 2.44MB/s] 39%|###9      | 607M/1.54G [05:27<06:55, 2.25MB/s] 39%|###9      | 607M/1.54G [05:27<06:45, 2.30MB/s] 39%|###9      | 607M/1.54G [05:27<06:39, 2.34MB/s] 39%|###9      | 607M/1.54G [05:27<07:46, 2.00MB/s] 39%|###9      | 608M/1.54G [05:28<07:32, 2.06MB/s] 39%|###9      | 608M/1.54G [05:28<07:09, 2.17MB/s] 39%|###9      | 608M/1.54G [05:28<07:07, 2.18MB/s] 39%|###9      | 609M/1.54G [05:28<06:21, 2.44MB/s] 40%|###9      | 609M/1.54G [05:28<07:24, 2.10MB/s] 40%|###9      | 609M/1.54G [05:28<06:45, 2.30MB/s] 40%|###9      | 609M/1.54G [05:28<07:03, 2.20MB/s] 40%|###9      | 610M/1.54G [05:29<07:01, 2.21MB/s] 40%|###9      | 610M/1.54G [05:29<07:03, 2.20MB/s] 40%|###9      | 610M/1.54G [05:29<06:30, 2.38MB/s] 40%|###9      | 610M/1.54G [05:29<06:33, 2.36MB/s] 40%|###9      | 611M/1.54G [05:29<07:00, 2.21MB/s] 40%|###9      | 611M/1.54G [05:29<07:13, 2.15MB/s] 40%|###9      | 611M/1.54G [05:29<07:06, 2.18MB/s] 40%|###9      | 612M/1.54G [05:29<07:30, 2.06MB/s] 40%|###9      | 612M/1.54G [05:29<07:04, 2.19MB/s] 40%|###9      | 612M/1.54G [05:30<06:48, 2.27MB/s] 40%|###9      | 612M/1.54G [05:30<08:47, 1.76MB/s] 40%|###9      | 613M/1.54G [05:30<09:09, 1.69MB/s] 40%|###9      | 613M/1.54G [05:30<08:45, 1.77MB/s] 40%|###9      | 613M/1.54G [05:30<07:39, 2.02MB/s] 40%|###9      | 614M/1.54G [05:30<06:39, 2.32MB/s] 40%|###9      | 614M/1.54G [05:30<07:15, 2.13MB/s] 40%|###9      | 614M/1.54G [05:31<07:07, 2.17MB/s] 40%|###9      | 614M/1.54G [05:31<06:06, 2.53MB/s] 40%|###9      | 615M/1.54G [05:31<06:21, 2.43MB/s] 40%|###9      | 615M/1.54G [05:31<06:54, 2.23MB/s] 40%|###9      | 615M/1.54G [05:31<06:01, 2.56MB/s] 40%|###9      | 616M/1.54G [05:31<06:45, 2.28MB/s] 40%|###9      | 616M/1.54G [05:31<06:36, 2.33MB/s] 40%|###9      | 616M/1.54G [05:31<06:25, 2.40MB/s] 40%|####      | 616M/1.54G [05:32<06:06, 2.52MB/s] 40%|####      | 617M/1.54G [05:32<08:40, 1.78MB/s] 40%|####      | 617M/1.54G [05:32<08:17, 1.86MB/s] 40%|####      | 617M/1.54G [05:32<08:10, 1.88MB/s] 40%|####      | 618M/1.54G [05:32<07:00, 2.19MB/s] 40%|####      | 618M/1.54G [05:32<07:40, 2.01MB/s] 40%|####      | 618M/1.54G [05:32<06:41, 2.29MB/s] 40%|####      | 618M/1.54G [05:33<07:42, 1.99MB/s] 40%|####      | 619M/1.54G [05:33<07:55, 1.94MB/s] 40%|####      | 619M/1.54G [05:33<07:11, 2.14MB/s] 40%|####      | 619M/1.54G [05:33<07:40, 2.00MB/s] 40%|####      | 620M/1.54G [05:33<07:12, 2.13MB/s] 40%|####      | 620M/1.54G [05:33<07:07, 2.16MB/s] 40%|####      | 620M/1.54G [05:33<07:09, 2.14MB/s] 40%|####      | 620M/1.54G [05:34<07:14, 2.12MB/s] 40%|####      | 621M/1.54G [05:34<07:00, 2.19MB/s] 40%|####      | 621M/1.54G [05:34<07:20, 2.09MB/s] 40%|####      | 621M/1.54G [05:34<06:39, 2.30MB/s] 40%|####      | 621M/1.54G [05:34<07:21, 2.08MB/s] 40%|####      | 622M/1.54G [05:34<06:28, 2.37MB/s] 40%|####      | 622M/1.54G [05:34<05:53, 2.60MB/s] 40%|####      | 622M/1.54G [05:34<06:48, 2.25MB/s] 40%|####      | 623M/1.54G [05:35<06:44, 2.27MB/s] 40%|####      | 623M/1.54G [05:35<06:30, 2.35MB/s] 40%|####      | 623M/1.54G [05:35<06:22, 2.40MB/s] 40%|####      | 624M/1.54G [05:35<07:04, 2.16MB/s] 40%|####      | 624M/1.54G [05:35<06:05, 2.51MB/s] 41%|####      | 624M/1.54G [05:35<07:09, 2.14MB/s] 41%|####      | 624M/1.54G [05:35<06:52, 2.22MB/s] 41%|####      | 625M/1.54G [05:35<06:24, 2.38MB/s] 41%|####      | 625M/1.54G [05:36<07:05, 2.15MB/s] 41%|####      | 625M/1.54G [05:36<06:21, 2.40MB/s] 41%|####      | 626M/1.54G [05:36<06:17, 2.42MB/s] 41%|####      | 626M/1.54G [05:36<06:32, 2.33MB/s] 41%|####      | 626M/1.54G [05:36<08:40, 1.76MB/s] 41%|####      | 627M/1.54G [05:36<06:49, 2.23MB/s] 41%|####      | 627M/1.54G [05:37<07:25, 2.05MB/s] 41%|####      | 627M/1.54G [05:37<07:42, 1.97MB/s] 41%|####      | 628M/1.54G [05:37<07:36, 2.00MB/s] 41%|####      | 628M/1.54G [05:37<07:27, 2.04MB/s] 41%|####      | 628M/1.54G [05:37<07:12, 2.11MB/s] 41%|####      | 628M/1.54G [05:37<07:24, 2.05MB/s] 41%|####      | 629M/1.54G [05:37<07:06, 2.14MB/s] 41%|####      | 629M/1.54G [05:37<07:20, 2.07MB/s] 41%|####      | 629M/1.54G [05:38<06:52, 2.21MB/s] 41%|####      | 630M/1.54G [05:38<07:07, 2.13MB/s] 41%|####      | 630M/1.54G [05:38<07:05, 2.14MB/s] 41%|####      | 630M/1.54G [05:38<06:39, 2.28MB/s] 41%|####      | 630M/1.54G [05:38<07:08, 2.12MB/s] 41%|####      | 631M/1.54G [05:38<06:19, 2.40MB/s] 41%|####      | 631M/1.54G [05:38<07:06, 2.13MB/s] 41%|####      | 631M/1.54G [05:39<06:55, 2.19MB/s] 41%|####      | 632M/1.54G [05:39<07:03, 2.15MB/s] 41%|####1     | 632M/1.54G [05:39<07:19, 2.07MB/s] 41%|####1     | 632M/1.54G [05:39<07:08, 2.12MB/s] 41%|####1     | 632M/1.54G [05:39<07:01, 2.16MB/s] 41%|####1     | 633M/1.54G [05:39<06:42, 2.25MB/s] 41%|####1     | 633M/1.54G [05:39<07:01, 2.15MB/s] 41%|####1     | 634M/1.54G [05:39<06:07, 2.47MB/s] 41%|####1     | 634M/1.54G [05:40<06:54, 2.19MB/s] 41%|####1     | 634M/1.54G [05:40<06:27, 2.34MB/s] 41%|####1     | 634M/1.54G [05:40<07:04, 2.14MB/s] 41%|####1     | 635M/1.54G [05:40<06:32, 2.31MB/s] 41%|####1     | 635M/1.54G [05:40<10:34, 1.43MB/s] 41%|####1     | 635M/1.54G [05:41<08:59, 1.68MB/s] 41%|####1     | 636M/1.54G [05:41<08:31, 1.77MB/s] 41%|####1     | 636M/1.54G [05:41<08:00, 1.88MB/s] 41%|####1     | 636M/1.54G [05:41<07:04, 2.13MB/s] 41%|####1     | 637M/1.54G [05:41<07:15, 2.08MB/s] 41%|####1     | 637M/1.54G [05:41<06:54, 2.18MB/s] 41%|####1     | 637M/1.54G [05:41<06:10, 2.44MB/s] 41%|####1     | 637M/1.54G [05:41<07:06, 2.12MB/s] 41%|####1     | 638M/1.54G [05:42<06:38, 2.27MB/s] 41%|####1     | 638M/1.54G [05:42<07:02, 2.14MB/s] 41%|####1     | 638M/1.54G [05:42<07:05, 2.12MB/s] 41%|####1     | 638M/1.54G [05:42<08:42, 1.73MB/s] 41%|####1     | 639M/1.54G [05:42<08:37, 1.74MB/s] 41%|####1     | 639M/1.54G [05:42<07:04, 2.12MB/s] 41%|####1     | 639M/1.54G [05:42<07:24, 2.03MB/s] 42%|####1     | 640M/1.54G [05:43<06:46, 2.22MB/s] 42%|####1     | 640M/1.54G [05:43<06:39, 2.26MB/s] 42%|####1     | 640M/1.54G [05:43<06:25, 2.34MB/s] 42%|####1     | 641M/1.54G [05:43<06:31, 2.30MB/s] 42%|####1     | 641M/1.54G [05:43<05:42, 2.63MB/s] 42%|####1     | 641M/1.54G [05:43<05:48, 2.58MB/s] 42%|####1     | 642M/1.54G [05:43<06:27, 2.32MB/s] 42%|####1     | 642M/1.54G [05:43<07:02, 2.13MB/s] 42%|####1     | 642M/1.54G [05:44<06:36, 2.26MB/s] 42%|####1     | 643M/1.54G [05:44<05:48, 2.58MB/s] 42%|####1     | 643M/1.54G [05:44<06:05, 2.46MB/s] 42%|####1     | 643M/1.54G [05:44<06:33, 2.28MB/s] 42%|####1     | 643M/1.54G [05:44<05:56, 2.52MB/s] 42%|####1     | 644M/1.54G [05:44<06:41, 2.23MB/s] 42%|####1     | 644M/1.54G [05:44<06:15, 2.39MB/s] 42%|####1     | 644M/1.54G [05:44<06:08, 2.43MB/s] 42%|####1     | 645M/1.54G [05:45<06:03, 2.47MB/s] 42%|####1     | 645M/1.54G [05:45<06:21, 2.35MB/s] 42%|####1     | 645M/1.54G [05:45<06:19, 2.36MB/s] 42%|####1     | 646M/1.54G [05:45<06:28, 2.30MB/s] 42%|####1     | 646M/1.54G [05:45<07:26, 2.00MB/s] 42%|####1     | 646M/1.54G [05:45<05:49, 2.56MB/s] 42%|####1     | 647M/1.54G [05:45<06:03, 2.46MB/s] 42%|####1     | 647M/1.54G [05:46<06:01, 2.47MB/s] 42%|####2     | 647M/1.54G [05:46<05:56, 2.51MB/s] 42%|####2     | 647M/1.54G [05:46<06:58, 2.13MB/s] 42%|####2     | 648M/1.54G [05:46<06:56, 2.14MB/s] 42%|####2     | 648M/1.54G [05:46<06:52, 2.17MB/s] 42%|####2     | 648M/1.54G [05:46<06:21, 2.34MB/s] 42%|####2     | 649M/1.54G [05:46<06:14, 2.38MB/s] 42%|####2     | 649M/1.54G [05:47<06:13, 2.39MB/s] 42%|####2     | 649M/1.54G [05:47<06:42, 2.21MB/s] 42%|####2     | 650M/1.54G [05:47<05:39, 2.63MB/s] 42%|####2     | 650M/1.54G [05:47<06:31, 2.27MB/s] 42%|####2     | 650M/1.54G [05:47<06:28, 2.29MB/s] 42%|####2     | 650M/1.54G [05:47<06:25, 2.31MB/s] 42%|####2     | 651M/1.54G [05:47<06:22, 2.32MB/s] 42%|####2     | 651M/1.54G [05:47<06:42, 2.21MB/s] 42%|####2     | 651M/1.54G [05:48<07:00, 2.11MB/s] 42%|####2     | 652M/1.54G [05:48<06:40, 2.22MB/s] 42%|####2     | 652M/1.54G [05:48<08:01, 1.84MB/s] 42%|####2     | 652M/1.54G [05:48<07:06, 2.08MB/s] 42%|####2     | 653M/1.54G [05:48<06:33, 2.26MB/s] 42%|####2     | 653M/1.54G [05:48<07:27, 1.99MB/s] 42%|####2     | 653M/1.54G [05:49<07:22, 2.01MB/s] 42%|####2     | 653M/1.54G [05:49<07:11, 2.06MB/s] 42%|####2     | 654M/1.54G [05:49<07:03, 2.10MB/s] 42%|####2     | 654M/1.54G [05:49<07:27, 1.98MB/s] 42%|####2     | 654M/1.54G [05:49<07:21, 2.01MB/s] 42%|####2     | 655M/1.54G [05:49<07:05, 2.08MB/s] 42%|####2     | 655M/1.54G [05:49<07:20, 2.01MB/s] 43%|####2     | 655M/1.54G [05:49<06:50, 2.16MB/s] 43%|####2     | 655M/1.54G [05:50<07:10, 2.06MB/s] 43%|####2     | 656M/1.54G [05:50<06:25, 2.30MB/s] 43%|####2     | 656M/1.54G [05:50<06:54, 2.13MB/s] 43%|####2     | 656M/1.54G [05:50<06:38, 2.22MB/s] 43%|####2     | 657M/1.54G [05:50<06:35, 2.24MB/s] 43%|####2     | 657M/1.54G [05:50<06:38, 2.22MB/s] 43%|####2     | 657M/1.54G [05:50<06:42, 2.19MB/s] 43%|####2     | 657M/1.54G [05:50<06:11, 2.38MB/s] 43%|####2     | 658M/1.54G [05:51<06:37, 2.22MB/s] 43%|####2     | 658M/1.54G [05:51<06:52, 2.14MB/s] 43%|####2     | 658M/1.54G [05:51<06:18, 2.33MB/s] 43%|####2     | 659M/1.54G [05:51<06:55, 2.12MB/s] 43%|####2     | 659M/1.54G [05:51<06:00, 2.45MB/s] 43%|####2     | 659M/1.54G [05:51<06:53, 2.13MB/s] 43%|####2     | 659M/1.54G [05:51<06:19, 2.32MB/s] 43%|####2     | 660M/1.54G [05:51<06:55, 2.12MB/s] 43%|####2     | 660M/1.54G [05:52<06:23, 2.30MB/s] 43%|####2     | 660M/1.54G [05:52<06:56, 2.11MB/s] 43%|####2     | 661M/1.54G [05:52<06:23, 2.29MB/s] 43%|####2     | 661M/1.54G [05:52<06:39, 2.20MB/s] 43%|####2     | 661M/1.54G [05:52<06:39, 2.20MB/s] 43%|####2     | 662M/1.54G [05:52<06:20, 2.31MB/s] 43%|####2     | 662M/1.54G [05:52<06:32, 2.24MB/s] 43%|####2     | 662M/1.54G [05:53<05:54, 2.48MB/s] 43%|####2     | 663M/1.54G [05:53<06:42, 2.18MB/s] 43%|####3     | 663M/1.54G [05:53<06:11, 2.36MB/s] 43%|####3     | 663M/1.54G [05:53<06:50, 2.14MB/s] 43%|####3     | 663M/1.54G [05:53<06:30, 2.25MB/s] 43%|####3     | 664M/1.54G [05:53<05:51, 2.50MB/s] 43%|####3     | 664M/1.54G [05:53<06:15, 2.33MB/s] 43%|####3     | 664M/1.54G [05:53<06:26, 2.27MB/s] 43%|####3     | 665M/1.54G [05:54<05:59, 2.44MB/s] 43%|####3     | 665M/1.54G [05:54<06:47, 2.15MB/s] 43%|####3     | 665M/1.54G [05:54<06:15, 2.33MB/s] 43%|####3     | 665M/1.54G [05:54<06:58, 2.09MB/s] 43%|####3     | 666M/1.54G [05:54<05:58, 2.44MB/s] 43%|####3     | 666M/1.54G [05:54<06:38, 2.19MB/s] 43%|####3     | 666M/1.54G [05:54<05:35, 2.60MB/s] 43%|####3     | 667M/1.54G [05:55<06:22, 2.28MB/s] 43%|####3     | 667M/1.54G [05:55<06:13, 2.34MB/s] 43%|####3     | 667M/1.54G [05:55<06:29, 2.24MB/s] 43%|####3     | 668M/1.54G [05:55<05:53, 2.47MB/s] 43%|####3     | 668M/1.54G [05:55<05:40, 2.56MB/s] 43%|####3     | 668M/1.54G [05:55<06:08, 2.37MB/s] 43%|####3     | 669M/1.54G [05:55<06:22, 2.28MB/s] 43%|####3     | 669M/1.54G [05:55<05:56, 2.44MB/s] 43%|####3     | 669M/1.54G [05:56<11:42, 1.24MB/s] 43%|####3     | 669M/1.54G [05:56<10:00, 1.45MB/s] 43%|####3     | 670M/1.54G [05:56<09:03, 1.60MB/s] 43%|####3     | 670M/1.54G [05:56<07:58, 1.82MB/s] 44%|####3     | 670M/1.54G [05:56<06:52, 2.11MB/s] 44%|####3     | 671M/1.54G [05:56<06:59, 2.07MB/s] 44%|####3     | 671M/1.54G [05:57<06:44, 2.15MB/s] 44%|####3     | 671M/1.54G [05:57<06:13, 2.33MB/s] 44%|####3     | 671M/1.54G [05:57<07:10, 2.02MB/s] 44%|####3     | 672M/1.54G [05:57<07:39, 1.89MB/s] 44%|####3     | 672M/1.54G [05:57<07:13, 2.00MB/s] 44%|####3     | 672M/1.54G [05:57<06:49, 2.12MB/s] 44%|####3     | 673M/1.54G [05:57<06:50, 2.12MB/s] 44%|####3     | 673M/1.54G [05:58<07:26, 1.94MB/s] 44%|####3     | 673M/1.54G [05:58<07:44, 1.87MB/s] 44%|####3     | 673M/1.54G [05:58<07:37, 1.90MB/s] 44%|####3     | 674M/1.54G [05:58<07:30, 1.92MB/s] 44%|####3     | 674M/1.54G [05:58<06:43, 2.15MB/s] 44%|####3     | 674M/1.54G [05:58<06:36, 2.19MB/s] 44%|####3     | 675M/1.54G [05:58<06:34, 2.20MB/s] 44%|####3     | 675M/1.54G [05:58<06:18, 2.29MB/s] 44%|####3     | 675M/1.54G [05:59<06:06, 2.36MB/s] 44%|####3     | 675M/1.54G [05:59<05:45, 2.50MB/s] 44%|####3     | 676M/1.54G [05:59<06:28, 2.22MB/s] 44%|####3     | 676M/1.54G [05:59<05:26, 2.65MB/s] 44%|####3     | 676M/1.54G [05:59<06:26, 2.24MB/s] 44%|####3     | 677M/1.54G [05:59<06:12, 2.32MB/s] 44%|####3     | 677M/1.54G [05:59<06:56, 2.07MB/s] 44%|####3     | 677M/1.54G [06:00<07:18, 1.97MB/s] 44%|####3     | 677M/1.54G [06:00<06:47, 2.12MB/s] 44%|####3     | 678M/1.54G [06:00<05:58, 2.41MB/s] 44%|####4     | 678M/1.54G [06:00<06:51, 2.10MB/s] 44%|####4     | 678M/1.54G [06:00<07:54, 1.82MB/s] 44%|####4     | 679M/1.54G [06:00<08:13, 1.75MB/s] 44%|####4     | 679M/1.54G [06:00<07:53, 1.82MB/s] 44%|####4     | 679M/1.54G [06:01<06:59, 2.05MB/s] 44%|####4     | 679M/1.54G [06:01<07:28, 1.92MB/s] 44%|####4     | 680M/1.54G [06:01<07:21, 1.95MB/s] 44%|####4     | 680M/1.54G [06:01<06:47, 2.11MB/s] 44%|####4     | 680M/1.54G [06:01<07:03, 2.03MB/s] 44%|####4     | 681M/1.54G [06:01<06:26, 2.22MB/s] 44%|####4     | 681M/1.54G [06:01<06:58, 2.05MB/s] 44%|####4     | 681M/1.54G [06:01<06:51, 2.09MB/s] 44%|####4     | 681M/1.54G [06:02<06:45, 2.12MB/s] 44%|####4     | 682M/1.54G [06:02<06:46, 2.12MB/s] 44%|####4     | 682M/1.54G [06:02<06:39, 2.15MB/s] 44%|####4     | 682M/1.54G [06:02<06:19, 2.26MB/s] 44%|####4     | 682M/1.54G [06:02<06:03, 2.36MB/s] 44%|####4     | 683M/1.54G [06:02<06:42, 2.13MB/s] 44%|####4     | 683M/1.54G [06:02<06:49, 2.09MB/s] 44%|####4     | 683M/1.54G [06:03<06:15, 2.29MB/s] 44%|####4     | 684M/1.54G [06:03<06:46, 2.11MB/s] 44%|####4     | 684M/1.54G [06:03<06:02, 2.36MB/s] 44%|####4     | 684M/1.54G [06:03<06:16, 2.27MB/s] 44%|####4     | 685M/1.54G [06:03<06:22, 2.24MB/s] 44%|####4     | 685M/1.54G [06:03<06:16, 2.27MB/s] 44%|####4     | 685M/1.54G [06:03<05:42, 2.50MB/s] 44%|####4     | 685M/1.54G [06:03<06:35, 2.16MB/s] 45%|####4     | 686M/1.54G [06:04<06:18, 2.26MB/s] 45%|####4     | 686M/1.54G [06:04<06:10, 2.31MB/s] 45%|####4     | 686M/1.54G [06:04<06:40, 2.13MB/s] 45%|####4     | 687M/1.54G [06:04<06:34, 2.16MB/s] 45%|####4     | 687M/1.54G [06:04<06:02, 2.36MB/s] 45%|####4     | 687M/1.54G [06:04<06:21, 2.24MB/s] 45%|####4     | 687M/1.54G [06:04<06:49, 2.08MB/s] 45%|####4     | 688M/1.54G [06:04<06:46, 2.10MB/s] 45%|####4     | 688M/1.54G [06:05<06:54, 2.06MB/s] 45%|####4     | 688M/1.54G [06:05<05:58, 2.38MB/s] 45%|####4     | 689M/1.54G [06:05<06:33, 2.17MB/s] 45%|####4     | 689M/1.54G [06:05<06:33, 2.16MB/s] 45%|####4     | 689M/1.54G [06:05<06:18, 2.25MB/s] 45%|####4     | 690M/1.54G [06:05<06:34, 2.16MB/s] 45%|####4     | 690M/1.54G [06:05<06:25, 2.21MB/s] 45%|####4     | 690M/1.54G [06:06<05:56, 2.39MB/s] 45%|####4     | 690M/1.54G [06:06<05:56, 2.38MB/s] 45%|####4     | 691M/1.54G [06:06<06:22, 2.22MB/s] 45%|####4     | 691M/1.54G [06:06<05:33, 2.54MB/s] 45%|####4     | 691M/1.54G [06:06<06:16, 2.25MB/s] 45%|####4     | 692M/1.54G [06:06<06:56, 2.04MB/s] 45%|####4     | 692M/1.54G [06:06<06:20, 2.23MB/s] 45%|####4     | 692M/1.54G [06:07<06:47, 2.08MB/s] 45%|####4     | 693M/1.54G [06:07<05:52, 2.41MB/s] 45%|####4     | 693M/1.54G [06:07<06:12, 2.27MB/s] 45%|####4     | 693M/1.54G [06:07<06:09, 2.29MB/s] 45%|####5     | 694M/1.54G [06:07<05:15, 2.68MB/s] 45%|####5     | 694M/1.54G [06:07<06:05, 2.32MB/s] 45%|####5     | 694M/1.54G [06:07<06:22, 2.21MB/s] 45%|####5     | 694M/1.54G [06:07<06:15, 2.26MB/s] 45%|####5     | 695M/1.54G [06:08<06:01, 2.34MB/s] 45%|####5     | 695M/1.54G [06:08<06:12, 2.27MB/s] 45%|####5     | 695M/1.54G [06:08<05:49, 2.42MB/s] 45%|####5     | 696M/1.54G [06:08<05:57, 2.36MB/s] 45%|####5     | 696M/1.54G [06:08<05:49, 2.42MB/s] 45%|####5     | 696M/1.54G [06:08<05:21, 2.62MB/s] 45%|####5     | 697M/1.54G [06:08<05:19, 2.65MB/s] 45%|####5     | 697M/1.54G [06:08<05:38, 2.49MB/s] 45%|####5     | 697M/1.54G [06:09<05:46, 2.43MB/s] 45%|####5     | 698M/1.54G [06:09<06:05, 2.31MB/s] 45%|####5     | 698M/1.54G [06:09<05:25, 2.59MB/s] 45%|####5     | 698M/1.54G [06:09<05:16, 2.67MB/s] 45%|####5     | 699M/1.54G [06:09<05:08, 2.73MB/s] 45%|####5     | 699M/1.54G [06:09<07:30, 1.87MB/s] 45%|####5     | 699M/1.54G [06:09<06:58, 2.01MB/s] 45%|####5     | 699M/1.54G [06:10<06:47, 2.06MB/s] 45%|####5     | 700M/1.54G [06:10<07:13, 1.94MB/s] 45%|####5     | 700M/1.54G [06:10<06:40, 2.10MB/s] 45%|####5     | 700M/1.54G [06:10<06:33, 2.13MB/s] 45%|####5     | 701M/1.54G [06:10<07:03, 1.98MB/s] 45%|####5     | 701M/1.54G [06:10<05:55, 2.36MB/s] 46%|####5     | 701M/1.54G [06:10<06:30, 2.15MB/s] 46%|####5     | 702M/1.54G [06:11<05:19, 2.63MB/s] 46%|####5     | 702M/1.54G [06:11<06:15, 2.24MB/s] 46%|####5     | 702M/1.54G [06:11<05:49, 2.40MB/s] 46%|####5     | 703M/1.54G [06:11<06:32, 2.13MB/s] 46%|####5     | 703M/1.54G [06:11<06:09, 2.27MB/s] 46%|####5     | 703M/1.54G [06:11<05:58, 2.34MB/s] 46%|####5     | 703M/1.54G [06:11<06:10, 2.26MB/s] 46%|####5     | 704M/1.54G [06:11<06:41, 2.08MB/s] 46%|####5     | 704M/1.54G [06:12<06:12, 2.25MB/s] 46%|####5     | 704M/1.54G [06:12<06:52, 2.03MB/s] 46%|####5     | 704M/1.54G [06:12<07:20, 1.90MB/s] 46%|####5     | 705M/1.54G [06:12<06:25, 2.17MB/s] 46%|####5     | 705M/1.54G [06:12<07:06, 1.96MB/s] 46%|####5     | 705M/1.54G [06:12<06:23, 2.18MB/s] 46%|####5     | 706M/1.54G [06:12<07:00, 1.98MB/s] 46%|####5     | 706M/1.54G [06:13<06:55, 2.01MB/s] 46%|####5     | 706M/1.54G [06:13<06:29, 2.15MB/s] 46%|####5     | 706M/1.54G [06:13<06:25, 2.16MB/s] 46%|####5     | 707M/1.54G [06:13<06:41, 2.08MB/s] 46%|####5     | 707M/1.54G [06:13<06:17, 2.21MB/s] 46%|####5     | 707M/1.54G [06:13<06:26, 2.16MB/s] 46%|####5     | 707M/1.54G [06:13<06:57, 2.00MB/s] 46%|####5     | 708M/1.54G [06:13<06:14, 2.22MB/s] 46%|####5     | 708M/1.54G [06:13<06:41, 2.07MB/s] 46%|####5     | 708M/1.54G [06:14<06:18, 2.20MB/s] 46%|####5     | 708M/1.54G [06:14<06:07, 2.27MB/s] 46%|####5     | 709M/1.54G [06:14<06:36, 2.10MB/s] 46%|####6     | 709M/1.54G [06:14<06:15, 2.22MB/s] 46%|####6     | 709M/1.54G [06:14<07:10, 1.93MB/s] 46%|####6     | 709M/1.54G [06:14<06:23, 2.17MB/s] 46%|####6     | 710M/1.54G [06:14<06:25, 2.16MB/s] 46%|####6     | 710M/1.54G [06:15<06:08, 2.25MB/s] 46%|####6     | 710M/1.54G [06:15<05:55, 2.33MB/s] 46%|####6     | 711M/1.54G [06:15<06:00, 2.30MB/s] 46%|####6     | 711M/1.54G [06:15<06:11, 2.24MB/s] 46%|####6     | 711M/1.54G [06:15<12:52, 1.07MB/s] 46%|####6     | 711M/1.54G [06:16<12:30, 1.10MB/s] 46%|####6     | 712M/1.54G [06:16<11:37, 1.19MB/s] 46%|####6     | 712M/1.54G [06:16<08:45, 1.58MB/s] 46%|####6     | 712M/1.54G [06:16<08:06, 1.70MB/s] 46%|####6     | 712M/1.54G [06:16<07:55, 1.74MB/s] 46%|####6     | 713M/1.54G [06:16<07:12, 1.92MB/s] 46%|####6     | 713M/1.54G [06:16<06:50, 2.02MB/s] 46%|####6     | 713M/1.54G [06:16<06:25, 2.15MB/s] 46%|####6     | 714M/1.54G [06:17<06:10, 2.23MB/s] 46%|####6     | 714M/1.54G [06:17<06:14, 2.21MB/s] 46%|####6     | 714M/1.54G [06:17<05:59, 2.30MB/s] 46%|####6     | 714M/1.54G [06:17<05:52, 2.34MB/s] 46%|####6     | 715M/1.54G [06:17<12:26, 1.11MB/s] 46%|####6     | 715M/1.54G [06:18<11:25, 1.20MB/s] 46%|####6     | 715M/1.54G [06:18<09:38, 1.43MB/s] 46%|####6     | 716M/1.54G [06:18<08:17, 1.66MB/s] 46%|####6     | 716M/1.54G [06:18<07:43, 1.78MB/s] 46%|####6     | 716M/1.54G [06:18<06:35, 2.09MB/s] 46%|####6     | 716M/1.54G [06:18<06:19, 2.17MB/s] 47%|####6     | 717M/1.54G [06:18<07:00, 1.96MB/s] 47%|####6     | 717M/1.54G [06:18<06:33, 2.09MB/s] 47%|####6     | 717M/1.54G [06:19<05:45, 2.38MB/s] 47%|####6     | 718M/1.54G [06:19<06:24, 2.14MB/s] 47%|####6     | 718M/1.54G [06:19<06:21, 2.16MB/s] 47%|####6     | 718M/1.54G [06:19<06:31, 2.10MB/s] 47%|####6     | 719M/1.54G [06:19<05:36, 2.45MB/s] 47%|####6     | 719M/1.54G [06:19<06:01, 2.27MB/s] 47%|####6     | 719M/1.54G [06:19<05:18, 2.58MB/s] 47%|####6     | 719M/1.54G [06:19<05:09, 2.66MB/s] 47%|####6     | 720M/1.54G [06:20<06:08, 2.23MB/s] 47%|####6     | 720M/1.54G [06:20<05:34, 2.45MB/s] 47%|####6     | 720M/1.54G [06:20<05:09, 2.65MB/s] 47%|####6     | 721M/1.54G [06:20<05:59, 2.28MB/s] 47%|####6     | 721M/1.54G [06:20<05:26, 2.51MB/s] 47%|####6     | 721M/1.54G [06:20<06:15, 2.18MB/s] 47%|####6     | 722M/1.54G [06:20<05:38, 2.42MB/s] 47%|####6     | 722M/1.54G [06:21<06:26, 2.12MB/s] 47%|####6     | 722M/1.54G [06:21<07:07, 1.91MB/s] 47%|####6     | 723M/1.54G [06:21<06:41, 2.04MB/s] 47%|####6     | 723M/1.54G [06:21<06:44, 2.02MB/s] 47%|####6     | 723M/1.54G [06:21<06:47, 2.01MB/s] 47%|####6     | 723M/1.54G [06:21<06:14, 2.18MB/s] 47%|####6     | 724M/1.54G [06:21<06:11, 2.20MB/s] 47%|####6     | 724M/1.54G [06:22<06:59, 1.95MB/s] 47%|####6     | 724M/1.54G [06:22<06:39, 2.04MB/s] 47%|####7     | 724M/1.54G [06:22<05:46, 2.36MB/s] 47%|####7     | 725M/1.54G [06:22<06:06, 2.23MB/s] 47%|####7     | 725M/1.54G [06:22<05:56, 2.29MB/s] 47%|####7     | 725M/1.54G [06:22<06:08, 2.21MB/s] 47%|####7     | 726M/1.54G [06:22<05:42, 2.38MB/s] 47%|####7     | 726M/1.54G [06:22<05:57, 2.28MB/s] 47%|####7     | 726M/1.54G [06:22<05:22, 2.53MB/s] 47%|####7     | 726M/1.54G [06:23<05:01, 2.70MB/s] 47%|####7     | 727M/1.54G [06:23<05:51, 2.32MB/s] 47%|####7     | 727M/1.54G [06:23<05:51, 2.32MB/s] 47%|####7     | 727M/1.54G [06:23<06:20, 2.14MB/s] 47%|####7     | 728M/1.54G [06:23<05:52, 2.31MB/s] 47%|####7     | 728M/1.54G [06:23<06:18, 2.15MB/s] 47%|####7     | 728M/1.54G [06:23<06:01, 2.25MB/s] 47%|####7     | 729M/1.54G [06:24<06:47, 1.99MB/s] 47%|####7     | 729M/1.54G [06:24<06:34, 2.06MB/s] 47%|####7     | 729M/1.54G [06:24<06:09, 2.20MB/s] 47%|####7     | 729M/1.54G [06:24<06:57, 1.94MB/s] 47%|####7     | 730M/1.54G [06:24<07:01, 1.92MB/s] 47%|####7     | 730M/1.54G [06:24<06:47, 1.99MB/s] 47%|####7     | 730M/1.54G [06:24<06:39, 2.03MB/s] 47%|####7     | 730M/1.54G [06:25<06:28, 2.09MB/s] 47%|####7     | 731M/1.54G [06:25<06:27, 2.09MB/s] 47%|####7     | 731M/1.54G [06:25<06:28, 2.09MB/s] 47%|####7     | 731M/1.54G [06:25<06:08, 2.20MB/s] 47%|####7     | 732M/1.54G [06:25<06:07, 2.20MB/s] 47%|####7     | 732M/1.54G [06:25<06:22, 2.12MB/s] 48%|####7     | 732M/1.54G [06:25<06:18, 2.14MB/s] 48%|####7     | 732M/1.54G [06:25<06:22, 2.12MB/s] 48%|####7     | 733M/1.54G [06:26<06:05, 2.21MB/s] 48%|####7     | 733M/1.54G [06:26<06:26, 2.09MB/s] 48%|####7     | 733M/1.54G [06:26<05:50, 2.30MB/s] 48%|####7     | 734M/1.54G [06:26<06:28, 2.08MB/s] 48%|####7     | 734M/1.54G [06:26<05:55, 2.27MB/s] 48%|####7     | 734M/1.54G [06:26<05:57, 2.25MB/s] 48%|####7     | 734M/1.54G [06:26<05:51, 2.29MB/s] 48%|####7     | 735M/1.54G [06:26<05:48, 2.31MB/s] 48%|####7     | 735M/1.54G [06:27<05:53, 2.28MB/s] 48%|####7     | 735M/1.54G [06:27<05:41, 2.36MB/s] 48%|####7     | 736M/1.54G [06:27<05:47, 2.32MB/s] 48%|####7     | 736M/1.54G [06:27<05:36, 2.39MB/s] 48%|####7     | 736M/1.54G [06:27<06:30, 2.06MB/s] 48%|####7     | 736M/1.54G [06:27<06:30, 2.06MB/s] 48%|####7     | 737M/1.54G [06:27<06:26, 2.08MB/s] 48%|####7     | 737M/1.54G [06:28<05:41, 2.36MB/s] 48%|####7     | 737M/1.54G [06:28<06:19, 2.12MB/s] 48%|####7     | 738M/1.54G [06:28<06:14, 2.15MB/s] 48%|####7     | 738M/1.54G [06:28<05:48, 2.30MB/s] 48%|####7     | 738M/1.54G [06:28<05:52, 2.27MB/s] 48%|####7     | 738M/1.54G [06:28<06:17, 2.12MB/s] 48%|####7     | 739M/1.54G [06:28<06:21, 2.10MB/s] 48%|####7     | 739M/1.54G [06:28<06:11, 2.16MB/s] 48%|####7     | 739M/1.54G [06:29<05:29, 2.43MB/s] 48%|####7     | 740M/1.54G [06:29<06:29, 2.06MB/s] 48%|####8     | 740M/1.54G [06:29<06:20, 2.11MB/s] 48%|####8     | 740M/1.54G [06:29<06:15, 2.13MB/s] 48%|####8     | 740M/1.54G [06:29<05:55, 2.25MB/s] 48%|####8     | 741M/1.54G [06:29<05:56, 2.24MB/s] 48%|####8     | 741M/1.54G [06:29<05:46, 2.31MB/s] 48%|####8     | 741M/1.54G [06:29<05:39, 2.35MB/s] 48%|####8     | 741M/1.54G [06:30<05:57, 2.24MB/s] 48%|####8     | 742M/1.54G [06:30<05:49, 2.28MB/s] 48%|####8     | 742M/1.54G [06:30<05:47, 2.30MB/s] 48%|####8     | 742M/1.54G [06:30<05:49, 2.28MB/s] 48%|####8     | 743M/1.54G [06:30<05:07, 2.59MB/s] 48%|####8     | 743M/1.54G [06:30<05:56, 2.23MB/s] 48%|####8     | 743M/1.54G [06:30<05:12, 2.55MB/s] 48%|####8     | 744M/1.54G [06:31<12:14, 1.08MB/s] 48%|####8     | 744M/1.54G [06:31<11:32, 1.15MB/s] 48%|####8     | 744M/1.54G [06:31<08:48, 1.51MB/s] 48%|####8     | 744M/1.54G [06:31<08:48, 1.51MB/s] 48%|####8     | 745M/1.54G [06:31<07:06, 1.87MB/s] 48%|####8     | 745M/1.54G [06:32<08:23, 1.58MB/s] 48%|####8     | 746M/1.54G [06:32<07:07, 1.86MB/s] 48%|####8     | 746M/1.54G [06:32<06:39, 1.99MB/s] 48%|####8     | 746M/1.54G [06:32<07:00, 1.89MB/s] 48%|####8     | 746M/1.54G [06:32<06:46, 1.96MB/s] 48%|####8     | 747M/1.54G [06:32<06:49, 1.94MB/s] 48%|####8     | 747M/1.54G [06:33<06:32, 2.02MB/s] 48%|####8     | 747M/1.54G [06:33<06:18, 2.10MB/s] 49%|####8     | 747M/1.54G [06:33<06:18, 2.10MB/s] 49%|####8     | 748M/1.54G [06:33<06:26, 2.05MB/s] 49%|####8     | 748M/1.54G [06:33<05:58, 2.21MB/s] 49%|####8     | 748M/1.54G [06:33<06:13, 2.12MB/s] 49%|####8     | 749M/1.54G [06:33<05:42, 2.32MB/s] 49%|####8     | 749M/1.54G [06:33<05:35, 2.36MB/s] 49%|####8     | 749M/1.54G [06:34<05:58, 2.21MB/s] 49%|####8     | 749M/1.54G [06:34<06:02, 2.18MB/s] 49%|####8     | 750M/1.54G [06:34<05:20, 2.47MB/s] 49%|####8     | 750M/1.54G [06:34<06:05, 2.17MB/s] 49%|####8     | 750M/1.54G [06:34<05:57, 2.21MB/s] 49%|####8     | 751M/1.54G [06:34<05:35, 2.35MB/s] 49%|####8     | 751M/1.54G [06:34<05:57, 2.21MB/s] 49%|####8     | 751M/1.54G [06:35<05:40, 2.32MB/s] 49%|####8     | 752M/1.54G [06:35<05:12, 2.53MB/s] 49%|####8     | 752M/1.54G [06:35<05:57, 2.20MB/s] 49%|####8     | 752M/1.54G [06:35<08:27, 1.55MB/s] 49%|####8     | 752M/1.54G [06:35<07:46, 1.69MB/s] 49%|####8     | 753M/1.54G [06:35<07:00, 1.87MB/s] 49%|####8     | 753M/1.54G [06:35<06:40, 1.96MB/s] 49%|####8     | 753M/1.54G [06:36<06:01, 2.18MB/s] 49%|####8     | 754M/1.54G [06:36<06:27, 2.03MB/s] 49%|####8     | 754M/1.54G [06:36<05:22, 2.44MB/s] 49%|####8     | 754M/1.54G [06:36<06:02, 2.17MB/s] 49%|####8     | 755M/1.54G [06:36<05:47, 2.26MB/s] 49%|####9     | 755M/1.54G [06:36<05:14, 2.50MB/s] 49%|####9     | 755M/1.54G [06:36<05:37, 2.33MB/s] 49%|####9     | 756M/1.54G [06:37<05:29, 2.39MB/s] 49%|####9     | 756M/1.54G [06:37<05:01, 2.61MB/s] 49%|####9     | 756M/1.54G [06:37<05:27, 2.39MB/s] 49%|####9     | 756M/1.54G [06:37<05:45, 2.27MB/s] 49%|####9     | 757M/1.54G [06:37<05:33, 2.35MB/s] 49%|####9     | 757M/1.54G [06:37<05:50, 2.24MB/s] 49%|####9     | 757M/1.54G [06:37<05:27, 2.39MB/s] 49%|####9     | 758M/1.54G [06:37<06:23, 2.04MB/s] 49%|####9     | 758M/1.54G [06:38<06:49, 1.91MB/s] 49%|####9     | 758M/1.54G [06:38<06:50, 1.90MB/s] 49%|####9     | 758M/1.54G [06:38<06:39, 1.96MB/s] 49%|####9     | 759M/1.54G [06:38<06:37, 1.97MB/s] 49%|####9     | 759M/1.54G [06:38<06:38, 1.96MB/s] 49%|####9     | 759M/1.54G [06:38<06:14, 2.08MB/s] 49%|####9     | 760M/1.54G [06:38<06:34, 1.98MB/s] 49%|####9     | 760M/1.54G [06:39<06:23, 2.04MB/s] 49%|####9     | 760M/1.54G [06:39<06:12, 2.09MB/s] 49%|####9     | 760M/1.54G [06:39<06:23, 2.04MB/s] 49%|####9     | 761M/1.54G [06:39<05:59, 2.17MB/s] 49%|####9     | 761M/1.54G [06:39<05:32, 2.35MB/s] 49%|####9     | 761M/1.54G [06:39<06:07, 2.12MB/s] 49%|####9     | 762M/1.54G [06:39<05:16, 2.47MB/s] 49%|####9     | 762M/1.54G [06:39<06:08, 2.11MB/s] 49%|####9     | 762M/1.54G [06:40<05:28, 2.37MB/s] 49%|####9     | 762M/1.54G [06:40<06:03, 2.14MB/s] 50%|####9     | 763M/1.54G [06:40<05:27, 2.37MB/s] 50%|####9     | 763M/1.54G [06:40<05:20, 2.42MB/s] 50%|####9     | 763M/1.54G [06:40<05:14, 2.47MB/s] 50%|####9     | 764M/1.54G [06:40<05:34, 2.33MB/s] 50%|####9     | 764M/1.54G [06:40<05:56, 2.18MB/s] 50%|####9     | 764M/1.54G [06:40<05:15, 2.46MB/s] 50%|####9     | 765M/1.54G [06:41<05:53, 2.19MB/s] 50%|####9     | 765M/1.54G [06:41<10:09, 1.27MB/s] 50%|####9     | 765M/1.54G [06:41<09:29, 1.36MB/s] 50%|####9     | 765M/1.54G [06:41<08:01, 1.61MB/s] 50%|####9     | 766M/1.54G [06:42<06:44, 1.91MB/s] 50%|####9     | 766M/1.54G [06:42<07:01, 1.84MB/s] 50%|####9     | 766M/1.54G [06:42<06:10, 2.09MB/s] 50%|####9     | 767M/1.54G [06:42<05:50, 2.21MB/s] 50%|####9     | 767M/1.54G [06:42<06:05, 2.12MB/s] 50%|####9     | 767M/1.54G [06:42<05:51, 2.20MB/s] 50%|####9     | 768M/1.54G [06:42<05:03, 2.55MB/s] 50%|####9     | 768M/1.54G [06:43<05:34, 2.31MB/s] 50%|####9     | 768M/1.54G [06:43<05:28, 2.35MB/s] 50%|####9     | 769M/1.54G [06:43<05:21, 2.40MB/s] 50%|####9     | 769M/1.54G [06:43<05:05, 2.53MB/s] 50%|####9     | 769M/1.54G [06:43<05:16, 2.43MB/s] 50%|####9     | 770M/1.54G [06:43<05:43, 2.25MB/s] 50%|####9     | 770M/1.54G [06:43<05:09, 2.49MB/s] 50%|####9     | 770M/1.54G [06:43<05:36, 2.29MB/s] 50%|#####     | 771M/1.54G [06:43<04:47, 2.67MB/s] 50%|#####     | 771M/1.54G [06:44<05:38, 2.27MB/s] 50%|#####     | 771M/1.54G [06:44<04:50, 2.65MB/s] 50%|#####     | 772M/1.54G [06:44<05:41, 2.25MB/s] 50%|#####     | 772M/1.54G [06:44<05:21, 2.39MB/s] 50%|#####     | 772M/1.54G [06:44<05:34, 2.30MB/s] 50%|#####     | 773M/1.54G [06:44<05:07, 2.50MB/s] 50%|#####     | 773M/1.54G [06:44<04:56, 2.59MB/s] 50%|#####     | 773M/1.54G [06:45<05:28, 2.33MB/s] 50%|#####     | 773M/1.54G [06:45<05:25, 2.36MB/s] 50%|#####     | 774M/1.54G [06:45<05:17, 2.42MB/s] 50%|#####     | 774M/1.54G [06:45<05:27, 2.34MB/s] 50%|#####     | 774M/1.54G [06:45<05:25, 2.35MB/s] 50%|#####     | 775M/1.54G [06:45<05:07, 2.50MB/s] 50%|#####     | 775M/1.54G [06:45<05:42, 2.23MB/s] 50%|#####     | 775M/1.54G [06:45<05:20, 2.39MB/s] 50%|#####     | 776M/1.54G [06:46<05:00, 2.55MB/s] 50%|#####     | 776M/1.54G [06:46<04:58, 2.56MB/s] 50%|#####     | 776M/1.54G [06:46<05:05, 2.50MB/s] 50%|#####     | 776M/1.54G [06:46<05:42, 2.23MB/s] 50%|#####     | 777M/1.54G [06:46<06:34, 1.94MB/s] 50%|#####     | 777M/1.54G [06:46<06:20, 2.01MB/s] 50%|#####     | 777M/1.54G [06:47<06:15, 2.03MB/s] 50%|#####     | 778M/1.54G [06:47<05:51, 2.17MB/s] 50%|#####     | 778M/1.54G [06:47<06:11, 2.05MB/s] 51%|#####     | 778M/1.54G [06:47<05:50, 2.17MB/s] 51%|#####     | 779M/1.54G [06:47<05:42, 2.22MB/s] 51%|#####     | 779M/1.54G [06:47<06:19, 2.01MB/s] 51%|#####     | 779M/1.54G [06:47<05:29, 2.31MB/s] 51%|#####     | 779M/1.54G [06:47<05:58, 2.12MB/s] 51%|#####     | 780M/1.54G [06:48<06:21, 2.00MB/s] 51%|#####     | 780M/1.54G [06:48<05:32, 2.29MB/s] 51%|#####     | 780M/1.54G [06:48<06:00, 2.11MB/s] 51%|#####     | 781M/1.54G [06:48<05:22, 2.36MB/s] 51%|#####     | 781M/1.54G [06:48<05:48, 2.18MB/s] 51%|#####     | 781M/1.54G [06:48<05:34, 2.27MB/s] 51%|#####     | 782M/1.54G [06:48<05:37, 2.25MB/s] 51%|#####     | 782M/1.54G [06:48<05:31, 2.29MB/s] 51%|#####     | 782M/1.54G [06:49<05:04, 2.49MB/s] 51%|#####     | 782M/1.54G [06:49<05:01, 2.52MB/s] 51%|#####     | 783M/1.54G [06:49<05:10, 2.44MB/s] 51%|#####     | 783M/1.54G [06:49<05:23, 2.34MB/s] 51%|#####     | 783M/1.54G [06:49<04:56, 2.56MB/s] 51%|#####     | 784M/1.54G [06:49<05:39, 2.23MB/s] 51%|#####     | 784M/1.54G [06:49<05:14, 2.40MB/s] 51%|#####     | 784M/1.54G [06:49<04:42, 2.68MB/s] 51%|#####     | 784M/1.54G [06:50<05:31, 2.28MB/s] 51%|#####     | 785M/1.54G [06:50<05:10, 2.44MB/s] 51%|#####     | 785M/1.54G [06:50<05:18, 2.38MB/s] 51%|#####     | 785M/1.54G [06:50<05:14, 2.40MB/s] 51%|#####1    | 786M/1.54G [06:50<04:34, 2.75MB/s] 51%|#####1    | 786M/1.54G [06:50<05:21, 2.35MB/s] 51%|#####1    | 786M/1.54G [06:50<06:17, 2.00MB/s] 51%|#####1    | 787M/1.54G [06:51<05:58, 2.10MB/s] 51%|#####1    | 787M/1.54G [06:51<05:42, 2.20MB/s] 51%|#####1    | 787M/1.54G [06:51<06:26, 1.95MB/s] 51%|#####1    | 788M/1.54G [06:51<06:00, 2.09MB/s] 51%|#####1    | 788M/1.54G [06:51<06:09, 2.04MB/s] 51%|#####1    | 788M/1.54G [06:51<05:53, 2.13MB/s] 51%|#####1    | 789M/1.54G [06:51<06:02, 2.08MB/s] 51%|#####1    | 789M/1.54G [06:52<05:44, 2.18MB/s] 51%|#####1    | 789M/1.54G [06:52<05:42, 2.20MB/s] 51%|#####1    | 789M/1.54G [06:52<05:26, 2.30MB/s] 51%|#####1    | 790M/1.54G [06:52<05:40, 2.20MB/s] 51%|#####1    | 790M/1.54G [06:52<05:38, 2.22MB/s] 51%|#####1    | 790M/1.54G [06:52<05:11, 2.41MB/s] 51%|#####1    | 790M/1.54G [06:52<05:33, 2.25MB/s] 51%|#####1    | 791M/1.54G [06:52<05:28, 2.28MB/s] 51%|#####1    | 791M/1.54G [06:52<05:14, 2.38MB/s] 51%|#####1    | 791M/1.54G [06:53<05:13, 2.39MB/s] 51%|#####1    | 792M/1.54G [06:53<05:01, 2.49MB/s] 51%|#####1    | 792M/1.54G [06:53<05:31, 2.26MB/s] 51%|#####1    | 792M/1.54G [06:53<05:00, 2.49MB/s] 51%|#####1    | 793M/1.54G [06:53<05:38, 2.21MB/s] 51%|#####1    | 793M/1.54G [06:53<05:05, 2.45MB/s] 51%|#####1    | 793M/1.54G [06:53<05:26, 2.29MB/s] 52%|#####1    | 794M/1.54G [06:54<05:11, 2.40MB/s] 52%|#####1    | 794M/1.54G [06:54<04:55, 2.53MB/s] 52%|#####1    | 794M/1.54G [06:54<05:34, 2.23MB/s] 52%|#####1    | 794M/1.54G [06:54<05:02, 2.47MB/s] 52%|#####1    | 795M/1.54G [06:54<06:40, 1.86MB/s] 52%|#####1    | 795M/1.54G [06:54<05:58, 2.08MB/s] 52%|#####1    | 796M/1.54G [06:55<05:59, 2.07MB/s] 52%|#####1    | 796M/1.54G [06:55<05:44, 2.16MB/s] 52%|#####1    | 796M/1.54G [06:55<05:57, 2.08MB/s] 52%|#####1    | 796M/1.54G [06:55<05:59, 2.07MB/s] 52%|#####1    | 797M/1.54G [06:55<05:52, 2.11MB/s] 52%|#####1    | 797M/1.54G [06:55<05:57, 2.08MB/s] 52%|#####1    | 797M/1.54G [06:55<05:57, 2.08MB/s] 52%|#####1    | 797M/1.54G [06:55<06:06, 2.03MB/s] 52%|#####1    | 798M/1.54G [06:55<05:41, 2.18MB/s] 52%|#####1    | 798M/1.54G [06:56<05:45, 2.15MB/s] 52%|#####1    | 798M/1.54G [06:56<06:05, 2.03MB/s] 52%|#####1    | 798M/1.54G [06:56<05:43, 2.16MB/s] 52%|#####1    | 799M/1.54G [06:56<05:22, 2.30MB/s] 52%|#####1    | 799M/1.54G [06:56<05:36, 2.20MB/s] 52%|#####1    | 799M/1.54G [06:56<05:44, 2.15MB/s] 52%|#####1    | 799M/1.54G [06:56<05:16, 2.34MB/s] 52%|#####1    | 800M/1.54G [06:56<05:50, 2.11MB/s] 52%|#####1    | 800M/1.54G [06:57<05:33, 2.22MB/s] 52%|#####1    | 800M/1.54G [06:57<05:18, 2.32MB/s] 52%|#####1    | 800M/1.54G [06:57<05:42, 2.16MB/s] 52%|#####1    | 801M/1.54G [06:57<05:38, 2.19MB/s] 52%|#####1    | 801M/1.54G [06:57<05:39, 2.18MB/s] 52%|#####2    | 801M/1.54G [06:57<05:32, 2.23MB/s] 52%|#####2    | 802M/1.54G [06:57<05:26, 2.26MB/s] 52%|#####2    | 802M/1.54G [06:58<07:36, 1.62MB/s] 52%|#####2    | 802M/1.54G [06:58<06:16, 1.96MB/s] 52%|#####2    | 802M/1.54G [06:58<06:29, 1.90MB/s] 52%|#####2    | 803M/1.54G [06:58<06:16, 1.96MB/s] 52%|#####2    | 803M/1.54G [06:58<05:39, 2.17MB/s] 52%|#####2    | 803M/1.54G [06:58<05:48, 2.12MB/s] 52%|#####2    | 804M/1.54G [06:58<05:45, 2.13MB/s] 52%|#####2    | 804M/1.54G [06:58<05:32, 2.22MB/s] 52%|#####2    | 804M/1.54G [06:59<05:39, 2.17MB/s] 52%|#####2    | 805M/1.54G [06:59<05:14, 2.34MB/s] 52%|#####2    | 805M/1.54G [06:59<05:36, 2.19MB/s] 52%|#####2    | 805M/1.54G [06:59<05:07, 2.40MB/s] 52%|#####2    | 805M/1.54G [06:59<05:37, 2.18MB/s] 52%|#####2    | 806M/1.54G [06:59<05:02, 2.43MB/s] 52%|#####2    | 806M/1.54G [06:59<05:49, 2.11MB/s] 52%|#####2    | 806M/1.54G [07:00<05:06, 2.39MB/s] 52%|#####2    | 807M/1.54G [07:00<05:38, 2.17MB/s] 52%|#####2    | 807M/1.54G [07:00<05:28, 2.24MB/s] 52%|#####2    | 807M/1.54G [07:00<05:39, 2.16MB/s] 52%|#####2    | 808M/1.54G [07:00<05:14, 2.33MB/s] 52%|#####2    | 808M/1.54G [07:00<05:30, 2.22MB/s] 52%|#####2    | 808M/1.54G [07:00<05:05, 2.40MB/s] 52%|#####2    | 809M/1.54G [07:00<05:15, 2.32MB/s] 52%|#####2    | 809M/1.54G [07:01<05:18, 2.30MB/s] 53%|#####2    | 809M/1.54G [07:01<05:01, 2.42MB/s] 53%|#####2    | 809M/1.54G [07:01<05:27, 2.23MB/s] 53%|#####2    | 810M/1.54G [07:01<05:52, 2.08MB/s] 53%|#####2    | 810M/1.54G [07:01<05:22, 2.26MB/s] 53%|#####2    | 810M/1.54G [07:01<05:20, 2.28MB/s] 53%|#####2    | 811M/1.54G [07:01<05:13, 2.33MB/s] 53%|#####2    | 811M/1.54G [07:02<05:26, 2.24MB/s] 53%|#####2    | 811M/1.54G [07:02<05:52, 2.07MB/s] 53%|#####2    | 811M/1.54G [07:02<05:20, 2.28MB/s] 53%|#####2    | 812M/1.54G [07:02<05:08, 2.36MB/s] 53%|#####2    | 812M/1.54G [07:02<05:12, 2.33MB/s] 53%|#####2    | 812M/1.54G [07:02<05:41, 2.14MB/s] 53%|#####2    | 812M/1.54G [07:02<05:23, 2.25MB/s] 53%|#####2    | 813M/1.54G [07:02<04:49, 2.51MB/s] 53%|#####2    | 813M/1.54G [07:03<06:33, 1.85MB/s] 53%|#####2    | 814M/1.54G [07:03<05:45, 2.11MB/s] 53%|#####2    | 814M/1.54G [07:03<05:30, 2.20MB/s] 53%|#####2    | 814M/1.54G [07:03<05:22, 2.25MB/s] 53%|#####2    | 814M/1.54G [07:03<06:10, 1.96MB/s] 53%|#####2    | 815M/1.54G [07:03<05:53, 2.06MB/s] 53%|#####2    | 815M/1.54G [07:03<06:08, 1.97MB/s] 53%|#####2    | 815M/1.54G [07:04<06:02, 2.00MB/s] 53%|#####2    | 815M/1.54G [07:04<05:39, 2.14MB/s] 53%|#####2    | 816M/1.54G [07:04<05:20, 2.26MB/s] 53%|#####2    | 816M/1.54G [07:04<06:03, 1.99MB/s] 53%|#####2    | 816M/1.54G [07:04<05:50, 2.06MB/s] 53%|#####3    | 817M/1.54G [07:04<05:21, 2.25MB/s] 53%|#####3    | 817M/1.54G [07:04<04:50, 2.49MB/s] 53%|#####3    | 817M/1.54G [07:05<05:35, 2.16MB/s] 53%|#####3    | 818M/1.54G [07:05<05:14, 2.30MB/s] 53%|#####3    | 818M/1.54G [07:05<05:31, 2.18MB/s] 53%|#####3    | 818M/1.54G [07:05<05:17, 2.28MB/s] 53%|#####3    | 819M/1.54G [07:05<04:31, 2.66MB/s] 53%|#####3    | 819M/1.54G [07:05<05:20, 2.25MB/s] 53%|#####3    | 819M/1.54G [07:05<05:11, 2.32MB/s] 53%|#####3    | 819M/1.54G [07:05<04:52, 2.47MB/s] 53%|#####3    | 820M/1.54G [07:05<04:38, 2.59MB/s] 53%|#####3    | 820M/1.54G [07:06<04:53, 2.46MB/s] 53%|#####3    | 820M/1.54G [07:06<05:12, 2.30MB/s] 53%|#####3    | 821M/1.54G [07:06<04:44, 2.53MB/s] 53%|#####3    | 821M/1.54G [07:06<05:02, 2.38MB/s] 53%|#####3    | 821M/1.54G [07:06<04:56, 2.42MB/s] 53%|#####3    | 822M/1.54G [07:06<04:56, 2.42MB/s] 53%|#####3    | 822M/1.54G [07:06<04:44, 2.53MB/s] 53%|#####3    | 822M/1.54G [07:07<04:58, 2.40MB/s] 53%|#####3    | 823M/1.54G [07:07<04:44, 2.53MB/s] 53%|#####3    | 823M/1.54G [07:07<04:25, 2.70MB/s] 53%|#####3    | 823M/1.54G [07:07<08:54, 1.34MB/s] 53%|#####3    | 824M/1.54G [07:07<08:53, 1.34MB/s] 53%|#####3    | 824M/1.54G [07:08<07:30, 1.59MB/s] 53%|#####3    | 824M/1.54G [07:08<07:13, 1.65MB/s] 53%|#####3    | 824M/1.54G [07:08<06:44, 1.77MB/s] 54%|#####3    | 825M/1.54G [07:08<05:40, 2.11MB/s] 54%|#####3    | 825M/1.54G [07:08<07:08, 1.67MB/s] 54%|#####3    | 825M/1.54G [07:08<06:09, 1.93MB/s] 54%|#####3    | 826M/1.54G [07:08<05:26, 2.19MB/s] 54%|#####3    | 826M/1.54G [07:09<06:14, 1.91MB/s] 54%|#####3    | 826M/1.54G [07:09<05:57, 2.00MB/s] 54%|#####3    | 827M/1.54G [07:09<05:59, 1.99MB/s] 54%|#####3    | 827M/1.54G [07:09<05:53, 2.02MB/s] 54%|#####3    | 827M/1.54G [07:09<05:18, 2.24MB/s] 54%|#####3    | 827M/1.54G [07:09<05:32, 2.15MB/s] 54%|#####3    | 828M/1.54G [07:09<05:35, 2.13MB/s] 54%|#####3    | 828M/1.54G [07:10<06:05, 1.95MB/s] 54%|#####3    | 828M/1.54G [07:10<06:17, 1.89MB/s] 54%|#####3    | 828M/1.54G [07:10<05:33, 2.14MB/s] 54%|#####3    | 829M/1.54G [07:10<04:59, 2.38MB/s] 54%|#####3    | 829M/1.54G [07:10<05:15, 2.25MB/s] 54%|#####3    | 829M/1.54G [07:10<04:54, 2.42MB/s] 54%|#####3    | 830M/1.54G [07:10<05:19, 2.22MB/s] 54%|#####3    | 830M/1.54G [07:10<04:47, 2.47MB/s] 54%|#####3    | 830M/1.54G [07:10<04:43, 2.51MB/s] 54%|#####3    | 830M/1.54G [07:11<06:04, 1.95MB/s] 54%|#####3    | 831M/1.54G [07:11<05:29, 2.16MB/s] 54%|#####3    | 831M/1.54G [07:11<05:02, 2.35MB/s] 54%|#####3    | 831M/1.54G [07:11<05:01, 2.35MB/s] 54%|#####3    | 832M/1.54G [07:11<05:11, 2.28MB/s] 54%|#####3    | 832M/1.54G [07:11<04:50, 2.44MB/s] 54%|#####4    | 832M/1.54G [07:11<05:06, 2.31MB/s] 54%|#####4    | 832M/1.54G [07:12<05:01, 2.35MB/s] 54%|#####4    | 833M/1.54G [07:12<04:33, 2.59MB/s] 54%|#####4    | 833M/1.54G [07:12<05:20, 2.21MB/s] 54%|#####4    | 833M/1.54G [07:12<04:59, 2.36MB/s] 54%|#####4    | 834M/1.54G [07:12<05:32, 2.13MB/s] 54%|#####4    | 834M/1.54G [07:12<05:05, 2.31MB/s] 54%|#####4    | 834M/1.54G [07:12<06:02, 1.95MB/s] 54%|#####4    | 835M/1.54G [07:13<05:35, 2.10MB/s] 54%|#####4    | 835M/1.54G [07:13<05:54, 1.99MB/s] 54%|#####4    | 835M/1.54G [07:13<05:24, 2.18MB/s] 54%|#####4    | 836M/1.54G [07:13<05:48, 2.02MB/s] 54%|#####4    | 836M/1.54G [07:13<05:08, 2.28MB/s] 54%|#####4    | 836M/1.54G [07:13<05:39, 2.08MB/s] 54%|#####4    | 836M/1.54G [07:13<05:27, 2.15MB/s] 54%|#####4    | 837M/1.54G [07:14<05:34, 2.11MB/s] 54%|#####4    | 837M/1.54G [07:14<05:18, 2.21MB/s] 54%|#####4    | 837M/1.54G [07:14<05:20, 2.19MB/s] 54%|#####4    | 838M/1.54G [07:14<05:03, 2.32MB/s] 54%|#####4    | 838M/1.54G [07:14<05:01, 2.33MB/s] 54%|#####4    | 838M/1.54G [07:14<05:21, 2.18MB/s] 54%|#####4    | 839M/1.54G [07:14<04:46, 2.45MB/s] 54%|#####4    | 839M/1.54G [07:14<04:42, 2.49MB/s] 54%|#####4    | 839M/1.54G [07:15<05:07, 2.29MB/s] 54%|#####4    | 839M/1.54G [07:15<04:32, 2.57MB/s] 55%|#####4    | 840M/1.54G [07:15<05:02, 2.31MB/s] 55%|#####4    | 840M/1.54G [07:15<05:23, 2.17MB/s] 55%|#####4    | 840M/1.54G [07:15<06:10, 1.89MB/s] 55%|#####4    | 841M/1.54G [07:15<04:46, 2.45MB/s] 55%|#####4    | 841M/1.54G [07:15<05:17, 2.20MB/s] 55%|#####4    | 841M/1.54G [07:16<05:57, 1.96MB/s] 55%|#####4    | 842M/1.54G [07:16<05:33, 2.09MB/s] 55%|#####4    | 842M/1.54G [07:16<06:05, 1.91MB/s] 55%|#####4    | 842M/1.54G [07:16<05:51, 1.99MB/s] 55%|#####4    | 842M/1.54G [07:16<05:44, 2.03MB/s] 55%|#####4    | 843M/1.54G [07:16<05:38, 2.06MB/s] 55%|#####4    | 843M/1.54G [07:16<05:44, 2.03MB/s] 55%|#####4    | 843M/1.54G [07:17<05:49, 1.99MB/s] 55%|#####4    | 844M/1.54G [07:17<05:42, 2.03MB/s] 55%|#####4    | 844M/1.54G [07:17<05:37, 2.07MB/s] 55%|#####4    | 844M/1.54G [07:17<05:45, 2.02MB/s] 55%|#####4    | 844M/1.54G [07:17<05:11, 2.24MB/s] 55%|#####4    | 845M/1.54G [07:17<05:47, 2.00MB/s] 55%|#####4    | 845M/1.54G [07:17<05:05, 2.28MB/s] 55%|#####4    | 845M/1.54G [07:17<05:45, 2.01MB/s] 55%|#####4    | 845M/1.54G [07:18<05:37, 2.06MB/s] 55%|#####4    | 846M/1.54G [07:18<05:18, 2.18MB/s] 55%|#####4    | 846M/1.54G [07:18<05:31, 2.09MB/s] 55%|#####4    | 846M/1.54G [07:18<05:23, 2.15MB/s] 55%|#####4    | 847M/1.54G [07:18<05:17, 2.18MB/s] 55%|#####4    | 847M/1.54G [07:18<05:23, 2.15MB/s] 55%|#####4    | 847M/1.54G [07:18<05:09, 2.24MB/s] 55%|#####5    | 847M/1.54G [07:19<05:21, 2.15MB/s] 55%|#####5    | 848M/1.54G [07:19<05:16, 2.19MB/s] 55%|#####5    | 848M/1.54G [07:19<04:57, 2.33MB/s] 55%|#####5    | 848M/1.54G [07:19<05:23, 2.14MB/s] 55%|#####5    | 849M/1.54G [07:19<05:06, 2.26MB/s] 55%|#####5    | 849M/1.54G [07:19<04:45, 2.43MB/s] 55%|#####5    | 849M/1.54G [07:19<05:17, 2.18MB/s] 55%|#####5    | 849M/1.54G [07:19<05:30, 2.09MB/s] 55%|#####5    | 850M/1.54G [07:19<05:33, 2.07MB/s] 55%|#####5    | 850M/1.54G [07:20<05:14, 2.20MB/s] 55%|#####5    | 850M/1.54G [07:20<05:11, 2.22MB/s] 55%|#####5    | 850M/1.54G [07:20<05:34, 2.07MB/s] 55%|#####5    | 851M/1.54G [07:20<05:20, 2.15MB/s] 55%|#####5    | 851M/1.54G [07:20<04:52, 2.36MB/s] 55%|#####5    | 851M/1.54G [07:20<05:14, 2.20MB/s] 55%|#####5    | 851M/1.54G [07:20<05:27, 2.10MB/s] 55%|#####5    | 852M/1.54G [07:20<05:25, 2.12MB/s] 55%|#####5    | 852M/1.54G [07:21<05:01, 2.28MB/s] 55%|#####5    | 852M/1.54G [07:21<05:22, 2.14MB/s] 55%|#####5    | 853M/1.54G [07:21<05:02, 2.28MB/s] 55%|#####5    | 853M/1.54G [07:21<05:19, 2.15MB/s] 55%|#####5    | 853M/1.54G [07:21<05:15, 2.18MB/s] 55%|#####5    | 853M/1.54G [07:21<04:51, 2.36MB/s] 55%|#####5    | 854M/1.54G [07:21<05:17, 2.16MB/s] 55%|#####5    | 854M/1.54G [07:21<04:55, 2.33MB/s] 55%|#####5    | 854M/1.54G [07:22<05:12, 2.20MB/s] 55%|#####5    | 854M/1.54G [07:22<05:09, 2.22MB/s] 55%|#####5    | 855M/1.54G [07:22<04:59, 2.29MB/s] 55%|#####5    | 855M/1.54G [07:22<04:49, 2.37MB/s] 56%|#####5    | 855M/1.54G [07:22<05:34, 2.05MB/s] 56%|#####5    | 856M/1.54G [07:22<04:47, 2.38MB/s] 56%|#####5    | 856M/1.54G [07:22<05:20, 2.14MB/s] 56%|#####5    | 856M/1.54G [07:22<04:26, 2.56MB/s] 56%|#####5    | 857M/1.54G [07:23<05:09, 2.21MB/s] 56%|#####5    | 857M/1.54G [07:23<04:40, 2.44MB/s] 56%|#####5    | 857M/1.54G [07:23<05:08, 2.22MB/s] 56%|#####5    | 857M/1.54G [07:23<05:02, 2.26MB/s] 56%|#####5    | 858M/1.54G [07:23<04:41, 2.43MB/s] 56%|#####5    | 858M/1.54G [07:23<04:51, 2.34MB/s] 56%|#####5    | 858M/1.54G [07:23<04:44, 2.40MB/s] 56%|#####5    | 859M/1.54G [07:23<04:26, 2.56MB/s] 56%|#####5    | 859M/1.54G [07:24<04:22, 2.59MB/s] 56%|#####5    | 859M/1.54G [07:24<04:23, 2.59MB/s] 56%|#####5    | 860M/1.54G [07:24<04:23, 2.59MB/s] 56%|#####5    | 860M/1.54G [07:24<04:14, 2.67MB/s] 56%|#####5    | 860M/1.54G [07:24<04:53, 2.32MB/s] 56%|#####5    | 860M/1.54G [07:24<05:41, 1.99MB/s] 56%|#####5    | 861M/1.54G [07:24<05:53, 1.92MB/s] 56%|#####5    | 861M/1.54G [07:25<05:08, 2.20MB/s] 56%|#####5    | 861M/1.54G [07:25<05:44, 1.97MB/s] 56%|#####5    | 862M/1.54G [07:25<05:34, 2.03MB/s] 56%|#####5    | 862M/1.54G [07:25<05:27, 2.07MB/s] 56%|#####5    | 862M/1.54G [07:25<05:07, 2.21MB/s] 56%|#####5    | 863M/1.54G [07:25<05:06, 2.22MB/s] 56%|#####6    | 863M/1.54G [07:25<05:04, 2.22MB/s] 56%|#####6    | 863M/1.54G [07:26<04:59, 2.26MB/s] 56%|#####6    | 864M/1.54G [07:26<04:43, 2.39MB/s] 56%|#####6    | 864M/1.54G [07:26<04:39, 2.42MB/s] 56%|#####6    | 864M/1.54G [07:26<04:34, 2.47MB/s] 56%|#####6    | 864M/1.54G [07:26<04:41, 2.40MB/s] 56%|#####6    | 865M/1.54G [07:26<04:09, 2.71MB/s] 56%|#####6    | 865M/1.54G [07:26<04:25, 2.55MB/s] 56%|#####6    | 865M/1.54G [07:26<04:42, 2.39MB/s] 56%|#####6    | 866M/1.54G [07:26<04:12, 2.68MB/s] 56%|#####6    | 866M/1.54G [07:27<04:07, 2.72MB/s] 56%|#####6    | 866M/1.54G [07:27<04:36, 2.44MB/s] 56%|#####6    | 867M/1.54G [07:27<04:20, 2.59MB/s] 56%|#####6    | 867M/1.54G [07:27<04:25, 2.54MB/s] 56%|#####6    | 867M/1.54G [07:27<04:07, 2.72MB/s] 56%|#####6    | 868M/1.54G [07:27<04:59, 2.25MB/s] 56%|#####6    | 868M/1.54G [07:27<04:21, 2.57MB/s] 56%|#####6    | 868M/1.54G [07:28<06:02, 1.86MB/s] 56%|#####6    | 869M/1.54G [07:28<05:33, 2.02MB/s] 56%|#####6    | 869M/1.54G [07:28<05:36, 2.00MB/s] 56%|#####6    | 869M/1.54G [07:28<05:08, 2.18MB/s] 56%|#####6    | 870M/1.54G [07:28<05:39, 1.97MB/s] 56%|#####6    | 870M/1.54G [07:28<04:49, 2.31MB/s] 56%|#####6    | 870M/1.54G [07:29<05:26, 2.05MB/s] 56%|#####6    | 870M/1.54G [07:29<05:18, 2.10MB/s] 57%|#####6    | 871M/1.54G [07:29<05:12, 2.14MB/s] 57%|#####6    | 871M/1.54G [07:29<05:15, 2.12MB/s] 57%|#####6    | 871M/1.54G [07:29<05:19, 2.09MB/s] 57%|#####6    | 872M/1.54G [07:29<04:57, 2.25MB/s] 57%|#####6    | 872M/1.54G [07:29<04:56, 2.26MB/s] 57%|#####6    | 872M/1.54G [07:29<05:06, 2.18MB/s] 57%|#####6    | 872M/1.54G [07:29<04:50, 2.30MB/s] 57%|#####6    | 873M/1.54G [07:30<05:09, 2.16MB/s] 57%|#####6    | 873M/1.54G [07:30<05:18, 2.10MB/s] 57%|#####6    | 873M/1.54G [07:30<04:50, 2.30MB/s] 57%|#####6    | 873M/1.54G [07:30<04:34, 2.43MB/s] 57%|#####6    | 874M/1.54G [07:30<05:18, 2.09MB/s] 57%|#####6    | 874M/1.54G [07:30<04:41, 2.37MB/s] 57%|#####6    | 874M/1.54G [07:30<04:54, 2.27MB/s] 57%|#####6    | 875M/1.54G [07:31<04:57, 2.24MB/s] 57%|#####6    | 875M/1.54G [07:31<04:18, 2.58MB/s] 57%|#####6    | 875M/1.54G [07:31<05:00, 2.21MB/s] 57%|#####6    | 876M/1.54G [07:31<04:45, 2.33MB/s] 57%|#####6    | 876M/1.54G [07:31<04:56, 2.25MB/s] 57%|#####6    | 876M/1.54G [07:31<04:45, 2.33MB/s] 57%|#####6    | 877M/1.54G [07:31<04:43, 2.34MB/s] 57%|#####6    | 877M/1.54G [07:31<04:39, 2.37MB/s] 57%|#####6    | 877M/1.54G [07:32<04:50, 2.28MB/s] 57%|#####6    | 877M/1.54G [07:32<04:41, 2.36MB/s] 57%|#####6    | 878M/1.54G [07:32<04:27, 2.48MB/s] 57%|#####6    | 878M/1.54G [07:32<05:01, 2.20MB/s] 57%|#####7    | 878M/1.54G [07:32<04:38, 2.38MB/s] 57%|#####7    | 879M/1.54G [07:32<04:52, 2.26MB/s] 57%|#####7    | 879M/1.54G [07:32<04:42, 2.34MB/s] 57%|#####7    | 879M/1.54G [07:32<04:52, 2.26MB/s] 57%|#####7    | 880M/1.54G [07:33<04:37, 2.38MB/s] 57%|#####7    | 880M/1.54G [07:33<04:14, 2.60MB/s] 57%|#####7    | 880M/1.54G [07:33<04:59, 2.20MB/s] 57%|#####7    | 881M/1.54G [07:33<04:21, 2.52MB/s] 57%|#####7    | 881M/1.54G [07:33<04:58, 2.21MB/s] 57%|#####7    | 881M/1.54G [07:33<04:57, 2.22MB/s] 57%|#####7    | 881M/1.54G [07:33<04:58, 2.21MB/s] 57%|#####7    | 882M/1.54G [07:34<04:44, 2.32MB/s] 57%|#####7    | 882M/1.54G [07:34<04:29, 2.44MB/s] 57%|#####7    | 882M/1.54G [07:34<04:41, 2.34MB/s] 57%|#####7    | 883M/1.54G [07:34<04:23, 2.49MB/s] 57%|#####7    | 883M/1.54G [07:34<05:04, 2.16MB/s] 57%|#####7    | 883M/1.54G [07:34<04:31, 2.42MB/s] 57%|#####7    | 883M/1.54G [07:34<04:27, 2.46MB/s] 57%|#####7    | 884M/1.54G [07:34<04:23, 2.50MB/s] 57%|#####7    | 884M/1.54G [07:34<04:31, 2.42MB/s] 57%|#####7    | 884M/1.54G [07:35<04:33, 2.40MB/s] 57%|#####7    | 885M/1.54G [07:35<04:53, 2.23MB/s] 57%|#####7    | 885M/1.54G [07:35<04:21, 2.51MB/s] 57%|#####7    | 885M/1.54G [07:35<04:43, 2.31MB/s] 57%|#####7    | 885M/1.54G [07:35<04:36, 2.37MB/s] 57%|#####7    | 886M/1.54G [07:35<04:56, 2.21MB/s] 58%|#####7    | 886M/1.54G [07:35<04:53, 2.23MB/s] 58%|#####7    | 886M/1.54G [07:35<04:42, 2.32MB/s] 58%|#####7    | 887M/1.54G [07:36<04:11, 2.60MB/s] 58%|#####7    | 887M/1.54G [07:36<04:41, 2.32MB/s] 58%|#####7    | 887M/1.54G [07:36<04:08, 2.63MB/s] 58%|#####7    | 888M/1.54G [07:36<04:49, 2.26MB/s] 58%|#####7    | 888M/1.54G [07:36<05:14, 2.07MB/s] 58%|#####7    | 888M/1.54G [07:36<05:48, 1.87MB/s] 58%|#####7    | 888M/1.54G [07:36<05:13, 2.08MB/s] 58%|#####7    | 889M/1.54G [07:37<05:30, 1.97MB/s] 58%|#####7    | 889M/1.54G [07:37<05:34, 1.95MB/s] 58%|#####7    | 889M/1.54G [07:37<04:50, 2.24MB/s] 58%|#####7    | 890M/1.54G [07:37<05:09, 2.10MB/s] 58%|#####7    | 890M/1.54G [07:37<04:27, 2.43MB/s] 58%|#####7    | 890M/1.54G [07:37<05:14, 2.07MB/s] 58%|#####7    | 891M/1.54G [07:37<04:50, 2.24MB/s] 58%|#####7    | 891M/1.54G [07:38<04:50, 2.24MB/s] 58%|#####7    | 891M/1.54G [07:38<04:41, 2.31MB/s] 58%|#####7    | 891M/1.54G [07:38<04:57, 2.18MB/s] 58%|#####7    | 892M/1.54G [07:38<04:37, 2.34MB/s] 58%|#####7    | 892M/1.54G [07:38<04:32, 2.38MB/s] 58%|#####7    | 892M/1.54G [07:38<04:18, 2.51MB/s] 58%|#####7    | 893M/1.54G [07:38<04:07, 2.62MB/s] 58%|#####7    | 893M/1.54G [07:38<04:52, 2.22MB/s] 58%|#####7    | 893M/1.54G [07:39<05:26, 1.98MB/s] 58%|#####7    | 893M/1.54G [07:39<05:36, 1.92MB/s] 58%|#####8    | 894M/1.54G [07:39<05:33, 1.94MB/s] 58%|#####8    | 894M/1.54G [07:39<05:01, 2.14MB/s] 58%|#####8    | 894M/1.54G [07:39<05:26, 1.98MB/s] 58%|#####8    | 895M/1.54G [07:39<05:29, 1.96MB/s] 58%|#####8    | 895M/1.54G [07:39<05:33, 1.93MB/s] 58%|#####8    | 895M/1.54G [07:40<05:22, 2.00MB/s] 58%|#####8    | 895M/1.54G [07:40<05:20, 2.01MB/s] 58%|#####8    | 896M/1.54G [07:40<05:02, 2.13MB/s] 58%|#####8    | 896M/1.54G [07:40<04:57, 2.17MB/s] 58%|#####8    | 896M/1.54G [07:40<05:17, 2.03MB/s] 58%|#####8    | 896M/1.54G [07:40<05:03, 2.12MB/s] 58%|#####8    | 897M/1.54G [07:40<04:52, 2.20MB/s] 58%|#####8    | 897M/1.54G [07:40<04:41, 2.28MB/s] 58%|#####8    | 897M/1.54G [07:41<04:50, 2.22MB/s] 58%|#####8    | 897M/1.54G [07:41<04:58, 2.16MB/s] 58%|#####8    | 898M/1.54G [07:41<04:35, 2.34MB/s] 58%|#####8    | 898M/1.54G [07:41<05:03, 2.12MB/s] 58%|#####8    | 898M/1.54G [07:41<04:35, 2.33MB/s] 58%|#####8    | 899M/1.54G [07:41<05:03, 2.11MB/s] 58%|#####8    | 899M/1.54G [07:41<05:08, 2.08MB/s] 58%|#####8    | 899M/1.54G [07:41<04:47, 2.23MB/s] 58%|#####8    | 900M/1.54G [07:42<04:54, 2.18MB/s] 58%|#####8    | 900M/1.54G [07:42<04:43, 2.26MB/s] 58%|#####8    | 900M/1.54G [07:42<04:45, 2.24MB/s] 58%|#####8    | 900M/1.54G [07:42<04:55, 2.16MB/s] 58%|#####8    | 901M/1.54G [07:42<04:23, 2.42MB/s] 58%|#####8    | 901M/1.54G [07:42<04:28, 2.38MB/s] 59%|#####8    | 901M/1.54G [07:42<04:51, 2.19MB/s] 59%|#####8    | 902M/1.54G [07:43<04:23, 2.43MB/s] 59%|#####8    | 902M/1.54G [07:43<04:54, 2.17MB/s] 59%|#####8    | 902M/1.54G [07:43<04:23, 2.42MB/s] 59%|#####8    | 903M/1.54G [07:43<05:07, 2.08MB/s] 59%|#####8    | 903M/1.54G [07:43<04:32, 2.34MB/s] 59%|#####8    | 903M/1.54G [07:43<04:59, 2.13MB/s] 59%|#####8    | 903M/1.54G [07:43<04:56, 2.15MB/s] 59%|#####8    | 904M/1.54G [07:43<04:15, 2.49MB/s] 59%|#####8    | 904M/1.54G [07:44<04:43, 2.24MB/s] 59%|#####8    | 904M/1.54G [07:44<04:36, 2.30MB/s] 59%|#####8    | 905M/1.54G [07:44<04:41, 2.26MB/s] 59%|#####8    | 905M/1.54G [07:44<05:04, 2.09MB/s] 59%|#####8    | 905M/1.54G [07:44<04:39, 2.28MB/s] 59%|#####8    | 906M/1.54G [07:44<04:54, 2.16MB/s] 59%|#####8    | 906M/1.54G [07:44<04:38, 2.28MB/s] 59%|#####8    | 906M/1.54G [07:45<04:30, 2.35MB/s] 59%|#####8    | 906M/1.54G [07:45<04:33, 2.32MB/s] 59%|#####8    | 907M/1.54G [07:45<04:13, 2.50MB/s] 59%|#####8    | 907M/1.54G [07:45<04:44, 2.23MB/s] 59%|#####8    | 907M/1.54G [07:45<04:00, 2.63MB/s] 59%|#####8    | 908M/1.54G [07:45<04:43, 2.23MB/s] 59%|#####8    | 908M/1.54G [07:45<04:34, 2.31MB/s] 59%|#####8    | 908M/1.54G [07:45<04:09, 2.54MB/s] 59%|#####8    | 909M/1.54G [07:46<04:31, 2.33MB/s] 59%|#####8    | 909M/1.54G [07:46<04:23, 2.39MB/s] 59%|#####9    | 909M/1.54G [07:46<04:35, 2.29MB/s] 59%|#####9    | 910M/1.54G [07:46<04:28, 2.35MB/s] 59%|#####9    | 910M/1.54G [07:46<04:27, 2.36MB/s] 59%|#####9    | 910M/1.54G [07:46<04:03, 2.59MB/s] 59%|#####9    | 910M/1.54G [07:46<04:20, 2.42MB/s] 59%|#####9    | 911M/1.54G [07:46<04:27, 2.35MB/s] 59%|#####9    | 911M/1.54G [07:46<04:17, 2.45MB/s] 59%|#####9    | 911M/1.54G [07:47<04:36, 2.28MB/s] 59%|#####9    | 912M/1.54G [07:47<04:24, 2.38MB/s] 59%|#####9    | 912M/1.54G [07:47<04:38, 2.26MB/s] 59%|#####9    | 912M/1.54G [07:47<04:19, 2.42MB/s] 59%|#####9    | 912M/1.54G [07:47<04:09, 2.51MB/s] 59%|#####9    | 913M/1.54G [07:47<04:24, 2.37MB/s] 59%|#####9    | 913M/1.54G [07:47<04:10, 2.51MB/s] 59%|#####9    | 913M/1.54G [07:48<04:33, 2.30MB/s] 59%|#####9    | 914M/1.54G [07:48<03:54, 2.68MB/s] 59%|#####9    | 914M/1.54G [07:48<03:52, 2.70MB/s] 59%|#####9    | 914M/1.54G [07:48<05:12, 2.00MB/s] 59%|#####9    | 915M/1.54G [07:48<04:48, 2.17MB/s] 59%|#####9    | 915M/1.54G [07:48<04:22, 2.39MB/s] 59%|#####9    | 915M/1.54G [07:48<04:42, 2.22MB/s] 59%|#####9    | 916M/1.54G [07:49<04:31, 2.30MB/s] 59%|#####9    | 916M/1.54G [07:49<04:24, 2.36MB/s] 59%|#####9    | 916M/1.54G [07:49<04:39, 2.23MB/s] 59%|#####9    | 917M/1.54G [07:49<04:34, 2.28MB/s] 60%|#####9    | 917M/1.54G [07:49<04:07, 2.52MB/s] 60%|#####9    | 917M/1.54G [07:49<04:27, 2.33MB/s] 60%|#####9    | 917M/1.54G [07:49<04:22, 2.37MB/s] 60%|#####9    | 918M/1.54G [07:49<04:18, 2.41MB/s] 60%|#####9    | 918M/1.54G [07:50<04:31, 2.29MB/s] 60%|#####9    | 918M/1.54G [07:50<04:07, 2.51MB/s] 60%|#####9    | 919M/1.54G [07:50<03:58, 2.61MB/s] 60%|#####9    | 919M/1.54G [07:50<04:00, 2.58MB/s] 60%|#####9    | 919M/1.54G [07:50<03:59, 2.59MB/s] 60%|#####9    | 920M/1.54G [07:50<04:04, 2.54MB/s] 60%|#####9    | 920M/1.54G [07:50<04:36, 2.25MB/s] 60%|#####9    | 920M/1.54G [07:50<05:16, 1.96MB/s] 60%|#####9    | 921M/1.54G [07:51<04:39, 2.21MB/s] 60%|#####9    | 921M/1.54G [07:51<04:24, 2.35MB/s] 60%|#####9    | 921M/1.54G [07:51<04:56, 2.09MB/s] 60%|#####9    | 921M/1.54G [07:51<04:51, 2.12MB/s] 60%|#####9    | 922M/1.54G [07:51<04:41, 2.20MB/s] 60%|#####9    | 922M/1.54G [07:51<05:06, 2.02MB/s] 60%|#####9    | 922M/1.54G [07:51<04:39, 2.21MB/s] 60%|#####9    | 923M/1.54G [07:51<04:27, 2.32MB/s] 60%|#####9    | 923M/1.54G [07:52<04:54, 2.10MB/s] 60%|#####9    | 923M/1.54G [07:52<04:49, 2.14MB/s] 60%|#####9    | 923M/1.54G [07:52<04:15, 2.42MB/s] 60%|#####9    | 924M/1.54G [07:52<04:33, 2.26MB/s] 60%|#####9    | 924M/1.54G [07:52<04:44, 2.17MB/s] 60%|#####9    | 924M/1.54G [07:52<04:11, 2.45MB/s] 60%|######    | 924M/1.54G [07:52<04:18, 2.38MB/s] 60%|######    | 925M/1.54G [07:52<04:46, 2.15MB/s] 60%|######    | 925M/1.54G [07:53<04:08, 2.47MB/s] 60%|######    | 925M/1.54G [07:53<04:40, 2.19MB/s] 60%|######    | 926M/1.54G [07:53<04:21, 2.35MB/s] 60%|######    | 926M/1.54G [07:53<04:19, 2.37MB/s] 60%|######    | 926M/1.54G [07:53<04:23, 2.33MB/s] 60%|######    | 927M/1.54G [07:53<04:19, 2.36MB/s] 60%|######    | 927M/1.54G [07:53<04:21, 2.35MB/s] 60%|######    | 927M/1.54G [07:54<04:24, 2.32MB/s] 60%|######    | 928M/1.54G [07:54<03:53, 2.63MB/s] 60%|######    | 928M/1.54G [07:54<04:07, 2.48MB/s] 60%|######    | 928M/1.54G [07:54<04:27, 2.29MB/s] 60%|######    | 929M/1.54G [07:54<04:30, 2.26MB/s] 60%|######    | 929M/1.54G [07:54<04:24, 2.32MB/s] 60%|######    | 929M/1.54G [07:54<04:11, 2.43MB/s] 60%|######    | 930M/1.54G [07:55<04:06, 2.48MB/s] 60%|######    | 930M/1.54G [07:55<04:15, 2.39MB/s] 60%|######    | 930M/1.54G [07:55<04:02, 2.52MB/s] 60%|######    | 931M/1.54G [07:55<04:28, 2.27MB/s] 60%|######    | 931M/1.54G [07:55<04:20, 2.34MB/s] 60%|######    | 931M/1.54G [07:55<03:58, 2.55MB/s] 60%|######    | 931M/1.54G [07:55<04:22, 2.32MB/s] 60%|######    | 932M/1.54G [07:55<04:08, 2.45MB/s] 60%|######    | 932M/1.54G [07:55<04:06, 2.47MB/s] 61%|######    | 932M/1.54G [07:56<04:14, 2.39MB/s] 61%|######    | 933M/1.54G [07:56<04:33, 2.22MB/s] 61%|######    | 933M/1.54G [07:56<03:57, 2.56MB/s] 61%|######    | 933M/1.54G [07:56<03:50, 2.63MB/s] 61%|######    | 933M/1.54G [07:56<04:27, 2.27MB/s] 61%|######    | 934M/1.54G [07:56<04:49, 2.10MB/s] 61%|######    | 934M/1.54G [07:56<04:09, 2.43MB/s] 61%|######    | 934M/1.54G [07:57<04:43, 2.14MB/s] 61%|######    | 935M/1.54G [07:57<04:00, 2.52MB/s] 61%|######    | 935M/1.54G [07:57<04:23, 2.30MB/s] 61%|######    | 935M/1.54G [07:57<04:11, 2.41MB/s] 61%|######    | 936M/1.54G [07:57<04:11, 2.40MB/s] 61%|######    | 936M/1.54G [07:57<04:24, 2.29MB/s] 61%|######    | 936M/1.54G [07:57<04:19, 2.33MB/s] 61%|######    | 937M/1.54G [07:57<04:17, 2.35MB/s] 61%|######    | 937M/1.54G [07:58<04:15, 2.36MB/s] 61%|######    | 937M/1.54G [07:58<04:11, 2.40MB/s] 61%|######    | 937M/1.54G [07:58<04:07, 2.44MB/s] 61%|######    | 938M/1.54G [07:58<03:38, 2.76MB/s] 61%|######    | 938M/1.54G [07:58<04:16, 2.35MB/s] 61%|######    | 938M/1.54G [07:58<03:53, 2.58MB/s] 61%|######    | 939M/1.54G [07:58<05:23, 1.86MB/s] 61%|######    | 939M/1.54G [07:59<05:27, 1.84MB/s] 61%|######    | 939M/1.54G [07:59<05:13, 1.92MB/s] 61%|######    | 940M/1.54G [07:59<05:07, 1.96MB/s] 61%|######    | 940M/1.54G [07:59<04:50, 2.07MB/s] 61%|######1   | 940M/1.54G [07:59<04:47, 2.09MB/s] 61%|######1   | 940M/1.54G [07:59<04:50, 2.07MB/s] 61%|######1   | 941M/1.54G [07:59<04:48, 2.08MB/s] 61%|######1   | 941M/1.54G [08:00<04:17, 2.33MB/s] 61%|######1   | 941M/1.54G [08:00<04:33, 2.19MB/s] 61%|######1   | 942M/1.54G [08:00<04:28, 2.23MB/s] 61%|######1   | 942M/1.54G [08:00<04:20, 2.29MB/s] 61%|######1   | 942M/1.54G [08:00<04:19, 2.31MB/s] 61%|######1   | 943M/1.54G [08:00<04:02, 2.47MB/s] 61%|######1   | 943M/1.54G [08:00<04:41, 2.12MB/s] 61%|######1   | 943M/1.54G [08:00<04:09, 2.39MB/s] 61%|######1   | 943M/1.54G [08:01<04:53, 2.03MB/s] 61%|######1   | 944M/1.54G [08:01<05:37, 1.77MB/s] 61%|######1   | 944M/1.54G [08:01<05:07, 1.94MB/s] 61%|######1   | 944M/1.54G [08:01<05:35, 1.78MB/s] 61%|######1   | 944M/1.54G [08:01<05:04, 1.96MB/s] 61%|######1   | 945M/1.54G [08:01<05:21, 1.86MB/s] 61%|######1   | 945M/1.54G [08:01<04:45, 2.09MB/s] 61%|######1   | 945M/1.54G [08:02<05:01, 1.98MB/s] 61%|######1   | 946M/1.54G [08:02<04:56, 2.01MB/s] 61%|######1   | 946M/1.54G [08:02<04:36, 2.15MB/s] 61%|######1   | 946M/1.54G [08:02<05:58, 1.66MB/s] 61%|######1   | 946M/1.54G [08:02<05:32, 1.79MB/s] 61%|######1   | 947M/1.54G [08:02<05:48, 1.70MB/s] 61%|######1   | 947M/1.54G [08:02<05:25, 1.83MB/s] 61%|######1   | 947M/1.54G [08:03<06:02, 1.64MB/s] 61%|######1   | 947M/1.54G [08:03<05:34, 1.77MB/s] 61%|######1   | 947M/1.54G [08:03<06:04, 1.63MB/s] 62%|######1   | 948M/1.54G [08:03<05:42, 1.73MB/s] 62%|######1   | 948M/1.54G [08:03<05:51, 1.69MB/s] 62%|######1   | 948M/1.54G [08:03<05:35, 1.76MB/s] 62%|######1   | 948M/1.54G [08:03<05:43, 1.72MB/s] 62%|######1   | 949M/1.54G [08:03<05:34, 1.77MB/s] 62%|######1   | 949M/1.54G [08:04<05:30, 1.79MB/s] 62%|######1   | 949M/1.54G [08:04<10:24, 948kB/s]  62%|######1   | 949M/1.54G [08:04<09:27, 1.04MB/s] 62%|######1   | 949M/1.54G [08:04<07:52, 1.25MB/s] 62%|######1   | 950M/1.54G [08:04<07:28, 1.32MB/s] 62%|######1   | 950M/1.54G [08:05<06:59, 1.41MB/s] 62%|######1   | 950M/1.54G [08:05<06:26, 1.53MB/s] 62%|######1   | 950M/1.54G [08:05<06:07, 1.60MB/s] 62%|######1   | 951M/1.54G [08:05<05:52, 1.67MB/s] 62%|######1   | 951M/1.54G [08:05<05:36, 1.75MB/s] 62%|######1   | 951M/1.54G [08:05<05:30, 1.78MB/s] 62%|######1   | 951M/1.54G [08:05<05:24, 1.82MB/s] 62%|######1   | 951M/1.54G [08:05<05:18, 1.85MB/s] 62%|######1   | 952M/1.54G [08:06<05:25, 1.81MB/s] 62%|######1   | 952M/1.54G [08:06<05:23, 1.82MB/s] 62%|######1   | 952M/1.54G [08:06<05:18, 1.85MB/s] 62%|######1   | 952M/1.54G [08:06<05:17, 1.85MB/s] 62%|######1   | 953M/1.54G [08:06<05:13, 1.88MB/s] 62%|######1   | 953M/1.54G [08:06<05:13, 1.87MB/s] 62%|######1   | 953M/1.54G [08:06<05:06, 1.91MB/s] 62%|######1   | 953M/1.54G [08:06<05:15, 1.86MB/s] 62%|######1   | 954M/1.54G [08:07<05:04, 1.93MB/s] 62%|######1   | 954M/1.54G [08:07<05:05, 1.92MB/s] 62%|######1   | 954M/1.54G [08:07<05:01, 1.94MB/s] 62%|######1   | 954M/1.54G [08:07<04:52, 2.00MB/s] 62%|######1   | 955M/1.54G [08:07<04:57, 1.97MB/s] 62%|######1   | 955M/1.54G [08:07<04:55, 1.98MB/s] 62%|######1   | 955M/1.54G [08:07<04:50, 2.02MB/s] 62%|######1   | 955M/1.54G [08:07<04:59, 1.95MB/s] 62%|######2   | 955M/1.54G [08:08<05:06, 1.91MB/s] 62%|######2   | 956M/1.54G [08:08<04:41, 2.08MB/s] 62%|######2   | 956M/1.54G [08:08<04:52, 2.00MB/s] 62%|######2   | 956M/1.54G [08:08<05:08, 1.89MB/s] 62%|######2   | 956M/1.54G [08:08<04:36, 2.11MB/s] 62%|######2   | 957M/1.54G [08:08<05:07, 1.90MB/s] 62%|######2   | 957M/1.54G [08:08<04:33, 2.13MB/s] 62%|######2   | 957M/1.54G [08:08<04:35, 2.12MB/s] 62%|######2   | 957M/1.54G [08:09<05:06, 1.90MB/s] 62%|######2   | 958M/1.54G [08:09<04:20, 2.24MB/s] 62%|######2   | 958M/1.54G [08:09<04:49, 2.01MB/s] 62%|######2   | 958M/1.54G [08:09<04:43, 2.05MB/s] 62%|######2   | 959M/1.54G [08:09<04:41, 2.07MB/s] 62%|######2   | 959M/1.54G [08:09<04:39, 2.09MB/s] 62%|######2   | 959M/1.54G [08:09<04:22, 2.22MB/s] 62%|######2   | 959M/1.54G [08:09<04:41, 2.06MB/s] 62%|######2   | 960M/1.54G [08:09<04:30, 2.15MB/s] 62%|######2   | 960M/1.54G [08:10<04:29, 2.15MB/s] 62%|######2   | 960M/1.54G [08:10<04:17, 2.26MB/s] 62%|######2   | 960M/1.54G [08:10<04:37, 2.09MB/s] 62%|######2   | 961M/1.54G [08:10<04:26, 2.18MB/s] 62%|######2   | 961M/1.54G [08:10<04:25, 2.19MB/s] 62%|######2   | 961M/1.54G [08:10<04:19, 2.23MB/s] 62%|######2   | 961M/1.54G [08:10<04:17, 2.25MB/s] 62%|######2   | 962M/1.54G [08:10<04:12, 2.29MB/s] 62%|######2   | 962M/1.54G [08:10<04:07, 2.34MB/s] 62%|######2   | 962M/1.54G [08:11<04:07, 2.34MB/s] 62%|######2   | 962M/1.54G [08:11<04:02, 2.38MB/s] 62%|######2   | 963M/1.54G [08:11<03:56, 2.44MB/s] 62%|######2   | 963M/1.54G [08:11<04:04, 2.37MB/s] 63%|######2   | 963M/1.54G [08:11<03:43, 2.59MB/s] 63%|######2   | 963M/1.54G [08:11<03:46, 2.55MB/s] 63%|######2   | 964M/1.54G [08:11<04:17, 2.24MB/s] 63%|######2   | 964M/1.54G [08:11<03:52, 2.48MB/s] 63%|######2   | 964M/1.54G [08:12<04:01, 2.38MB/s] 63%|######2   | 965M/1.54G [08:12<04:04, 2.36MB/s] 63%|######2   | 965M/1.54G [08:12<03:35, 2.67MB/s] 63%|######2   | 965M/1.54G [08:12<04:09, 2.30MB/s] 63%|######2   | 966M/1.54G [08:12<03:40, 2.61MB/s] 63%|######2   | 966M/1.54G [08:12<03:45, 2.55MB/s] 63%|######2   | 966M/1.54G [08:12<03:59, 2.39MB/s] 63%|######2   | 967M/1.54G [08:13<04:12, 2.27MB/s] 63%|######2   | 967M/1.54G [08:13<04:05, 2.34MB/s] 63%|######2   | 967M/1.54G [08:13<04:16, 2.23MB/s] 63%|######2   | 968M/1.54G [08:13<04:13, 2.26MB/s] 63%|######2   | 968M/1.54G [08:13<03:57, 2.41MB/s] 63%|######2   | 968M/1.54G [08:13<04:10, 2.29MB/s] 63%|######2   | 969M/1.54G [08:13<03:50, 2.48MB/s] 63%|######2   | 969M/1.54G [08:13<04:02, 2.36MB/s] 63%|######2   | 969M/1.54G [08:14<03:44, 2.54MB/s] 63%|######2   | 970M/1.54G [08:14<03:44, 2.55MB/s] 63%|######2   | 970M/1.54G [08:14<03:58, 2.39MB/s] 63%|######2   | 970M/1.54G [08:14<03:48, 2.50MB/s] 63%|######2   | 971M/1.54G [08:14<03:32, 2.68MB/s] 63%|######3   | 971M/1.54G [08:14<03:33, 2.67MB/s] 63%|######3   | 971M/1.54G [08:14<03:39, 2.60MB/s] 63%|######3   | 971M/1.54G [08:14<03:42, 2.56MB/s] 63%|######3   | 972M/1.54G [08:15<03:38, 2.60MB/s] 63%|######3   | 972M/1.54G [08:15<03:41, 2.57MB/s] 63%|######3   | 973M/1.54G [08:15<03:27, 2.73MB/s] 63%|######3   | 973M/1.54G [08:15<03:13, 2.93MB/s] 63%|######3   | 973M/1.54G [08:15<03:18, 2.85MB/s] 63%|######3   | 974M/1.54G [08:15<03:17, 2.88MB/s] 63%|######3   | 974M/1.54G [08:15<03:25, 2.75MB/s] 63%|######3   | 974M/1.54G [08:15<03:51, 2.45MB/s] 63%|######3   | 974M/1.54G [08:16<04:37, 2.04MB/s] 63%|######3   | 975M/1.54G [08:16<04:31, 2.09MB/s] 63%|######3   | 975M/1.54G [08:16<04:26, 2.12MB/s] 63%|######3   | 975M/1.54G [08:16<04:23, 2.15MB/s] 63%|######3   | 976M/1.54G [08:16<04:40, 2.02MB/s] 63%|######3   | 976M/1.54G [08:16<04:30, 2.09MB/s] 63%|######3   | 976M/1.54G [08:16<04:34, 2.06MB/s] 63%|######3   | 977M/1.54G [08:17<04:03, 2.32MB/s] 63%|######3   | 977M/1.54G [08:17<04:30, 2.09MB/s] 63%|######3   | 977M/1.54G [08:17<04:00, 2.34MB/s] 63%|######3   | 978M/1.54G [08:17<04:08, 2.26MB/s] 63%|######3   | 978M/1.54G [08:17<04:15, 2.20MB/s] 63%|######3   | 978M/1.54G [08:17<04:02, 2.32MB/s] 64%|######3   | 978M/1.54G [08:17<04:09, 2.26MB/s] 64%|######3   | 979M/1.54G [08:18<04:21, 2.15MB/s] 64%|######3   | 979M/1.54G [08:18<03:41, 2.53MB/s] 64%|######3   | 979M/1.54G [08:18<04:13, 2.21MB/s] 64%|######3   | 980M/1.54G [08:18<03:50, 2.43MB/s] 64%|######3   | 980M/1.54G [08:18<03:47, 2.47MB/s] 64%|######3   | 980M/1.54G [08:18<03:58, 2.35MB/s] 64%|######3   | 981M/1.54G [08:18<04:05, 2.28MB/s] 64%|######3   | 981M/1.54G [08:18<04:01, 2.32MB/s] 64%|######3   | 981M/1.54G [08:19<03:33, 2.62MB/s] 64%|######3   | 981M/1.54G [08:19<04:10, 2.23MB/s] 64%|######3   | 982M/1.54G [08:19<04:16, 2.18MB/s] 64%|######3   | 982M/1.54G [08:19<03:38, 2.55MB/s] 64%|######3   | 983M/1.54G [08:19<04:08, 2.25MB/s] 64%|######3   | 983M/1.54G [08:19<03:54, 2.38MB/s] 64%|######3   | 983M/1.54G [08:19<03:59, 2.33MB/s] 64%|######3   | 984M/1.54G [08:20<03:46, 2.46MB/s] 64%|######3   | 984M/1.54G [08:20<03:47, 2.45MB/s] 64%|######3   | 984M/1.54G [08:20<03:58, 2.33MB/s] 64%|######3   | 985M/1.54G [08:20<03:37, 2.56MB/s] 64%|######3   | 985M/1.54G [08:20<03:47, 2.45MB/s] 64%|######3   | 985M/1.54G [08:20<04:03, 2.28MB/s] 64%|######3   | 985M/1.54G [08:20<03:40, 2.52MB/s] 64%|######3   | 986M/1.54G [08:21<04:10, 2.21MB/s] 64%|######3   | 986M/1.54G [08:21<04:05, 2.26MB/s] 64%|######4   | 986M/1.54G [08:21<04:00, 2.30MB/s] 64%|######4   | 986M/1.54G [08:21<03:53, 2.37MB/s] 64%|######4   | 987M/1.54G [08:21<03:36, 2.55MB/s] 64%|######4   | 987M/1.54G [08:21<04:06, 2.25MB/s] 64%|######4   | 987M/1.54G [08:21<03:51, 2.40MB/s] 64%|######4   | 988M/1.54G [08:21<03:50, 2.40MB/s] 64%|######4   | 988M/1.54G [08:21<03:46, 2.44MB/s] 64%|######4   | 988M/1.54G [08:22<04:11, 2.20MB/s] 64%|######4   | 989M/1.54G [08:22<04:09, 2.21MB/s] 64%|######4   | 989M/1.54G [08:22<04:14, 2.17MB/s] 64%|######4   | 989M/1.54G [08:22<03:57, 2.32MB/s] 64%|######4   | 990M/1.54G [08:22<04:03, 2.26MB/s] 64%|######4   | 990M/1.54G [08:22<04:38, 1.98MB/s] 64%|######4   | 990M/1.54G [08:23<04:43, 1.94MB/s] 64%|######4   | 991M/1.54G [08:23<04:16, 2.14MB/s] 64%|######4   | 991M/1.54G [08:23<04:46, 1.92MB/s] 64%|######4   | 991M/1.54G [08:23<04:41, 1.95MB/s] 64%|######4   | 991M/1.54G [08:23<04:33, 2.01MB/s] 64%|######4   | 992M/1.54G [08:23<04:22, 2.09MB/s] 64%|######4   | 992M/1.54G [08:23<04:24, 2.08MB/s] 64%|######4   | 992M/1.54G [08:23<04:23, 2.09MB/s] 64%|######4   | 992M/1.54G [08:24<04:11, 2.18MB/s] 64%|######4   | 993M/1.54G [08:24<04:08, 2.20MB/s] 64%|######4   | 993M/1.54G [08:24<04:00, 2.28MB/s] 64%|######4   | 993M/1.54G [08:24<03:57, 2.31MB/s] 64%|######4   | 993M/1.54G [08:24<03:53, 2.34MB/s] 64%|######4   | 994M/1.54G [08:24<03:43, 2.45MB/s] 65%|######4   | 994M/1.54G [08:24<03:46, 2.42MB/s] 65%|######4   | 994M/1.54G [08:24<03:46, 2.41MB/s] 65%|######4   | 994M/1.54G [08:24<03:52, 2.35MB/s] 65%|######4   | 995M/1.54G [08:25<03:48, 2.39MB/s] 65%|######4   | 995M/1.54G [08:25<03:49, 2.38MB/s] 65%|######4   | 995M/1.54G [08:25<03:46, 2.40MB/s] 65%|######4   | 996M/1.54G [08:25<04:01, 2.26MB/s] 65%|######4   | 996M/1.54G [08:25<03:37, 2.50MB/s] 65%|######4   | 996M/1.54G [08:25<04:09, 2.19MB/s] 65%|######4   | 997M/1.54G [08:25<03:54, 2.32MB/s] 65%|######4   | 997M/1.54G [08:25<04:00, 2.26MB/s] 65%|######4   | 997M/1.54G [08:26<03:33, 2.55MB/s] 65%|######4   | 998M/1.54G [08:26<03:44, 2.42MB/s] 65%|######4   | 998M/1.54G [08:26<03:46, 2.40MB/s] 65%|######4   | 998M/1.54G [08:26<03:42, 2.43MB/s] 65%|######4   | 998M/1.54G [08:26<03:33, 2.54MB/s] 65%|######4   | 999M/1.54G [08:26<03:56, 2.29MB/s] 65%|######4   | 999M/1.54G [08:26<03:22, 2.67MB/s] 65%|######4   | 999M/1.54G [08:27<03:57, 2.28MB/s] 65%|######4   | 1.00G/1.54G [08:27<03:30, 2.58MB/s] 65%|######4   | 1.00G/1.54G [08:27<04:03, 2.22MB/s] 65%|######4   | 1.00G/1.54G [08:27<05:25, 1.66MB/s] 65%|######4   | 1.00G/1.54G [08:27<05:27, 1.65MB/s] 65%|######4   | 1.00G/1.54G [08:27<05:46, 1.56MB/s] 65%|######4   | 1.00G/1.54G [08:28<05:49, 1.54MB/s] 65%|######4   | 1.00G/1.54G [08:28<05:20, 1.68MB/s] 65%|######5   | 1.00G/1.54G [08:28<05:53, 1.52MB/s] 65%|######5   | 1.00G/1.54G [08:28<06:03, 1.48MB/s] 65%|######5   | 1.00G/1.54G [08:28<06:00, 1.49MB/s] 65%|######5   | 1.00G/1.54G [08:28<05:53, 1.52MB/s] 65%|######5   | 1.00G/1.54G [08:28<05:24, 1.66MB/s] 65%|######5   | 1.00G/1.54G [08:29<05:51, 1.53MB/s] 65%|######5   | 1.00G/1.54G [08:29<05:18, 1.69MB/s] 65%|######5   | 1.00G/1.54G [08:29<05:46, 1.55MB/s] 65%|######5   | 1.00G/1.54G [08:29<05:16, 1.70MB/s] 65%|######5   | 1.00G/1.54G [08:29<05:33, 1.61MB/s] 65%|######5   | 1.00G/1.54G [08:29<05:23, 1.66MB/s] 65%|######5   | 1.00G/1.54G [08:29<05:27, 1.64MB/s] 65%|######5   | 1.00G/1.54G [08:30<05:27, 1.64MB/s] 65%|######5   | 1.00G/1.54G [08:30<05:23, 1.66MB/s] 65%|######5   | 1.00G/1.54G [08:30<05:29, 1.63MB/s] 65%|######5   | 1.00G/1.54G [08:30<05:24, 1.65MB/s] 65%|######5   | 1.01G/1.54G [08:30<05:18, 1.68MB/s] 65%|######5   | 1.01G/1.54G [08:30<05:07, 1.74MB/s] 65%|######5   | 1.01G/1.54G [08:30<05:31, 1.61MB/s] 65%|######5   | 1.01G/1.54G [08:30<05:11, 1.72MB/s] 65%|######5   | 1.01G/1.54G [08:31<05:17, 1.68MB/s] 65%|######5   | 1.01G/1.54G [08:31<05:12, 1.71MB/s] 65%|######5   | 1.01G/1.54G [08:31<05:10, 1.72MB/s] 65%|######5   | 1.01G/1.54G [08:31<05:12, 1.71MB/s] 65%|######5   | 1.01G/1.54G [08:31<05:05, 1.75MB/s] 65%|######5   | 1.01G/1.54G [08:31<05:13, 1.71MB/s] 65%|######5   | 1.01G/1.54G [08:31<05:19, 1.67MB/s] 65%|######5   | 1.01G/1.54G [08:31<05:04, 1.75MB/s] 65%|######5   | 1.01G/1.54G [08:32<05:07, 1.73MB/s] 65%|######5   | 1.01G/1.54G [08:32<04:58, 1.78MB/s] 65%|######5   | 1.01G/1.54G [08:32<04:46, 1.86MB/s] 65%|######5   | 1.01G/1.54G [08:32<04:59, 1.78MB/s] 65%|######5   | 1.01G/1.54G [08:32<04:49, 1.84MB/s] 65%|######5   | 1.01G/1.54G [08:32<04:58, 1.78MB/s] 65%|######5   | 1.01G/1.54G [08:32<04:41, 1.89MB/s] 65%|######5   | 1.01G/1.54G [08:32<04:39, 1.90MB/s] 66%|######5   | 1.01G/1.54G [08:32<04:36, 1.92MB/s] 66%|######5   | 1.01G/1.54G [08:33<04:54, 1.80MB/s] 66%|######5   | 1.01G/1.54G [08:33<04:35, 1.93MB/s] 66%|######5   | 1.01G/1.54G [08:33<04:42, 1.88MB/s] 66%|######5   | 1.01G/1.54G [08:33<04:41, 1.88MB/s] 66%|######5   | 1.01G/1.54G [08:33<04:36, 1.92MB/s] 66%|######5   | 1.01G/1.54G [08:33<04:35, 1.92MB/s] 66%|######5   | 1.01G/1.54G [08:33<04:34, 1.93MB/s] 66%|######5   | 1.01G/1.54G [08:33<04:23, 2.01MB/s] 66%|######5   | 1.01G/1.54G [08:33<04:21, 2.02MB/s] 66%|######5   | 1.01G/1.54G [08:34<04:28, 1.97MB/s] 66%|######5   | 1.01G/1.54G [08:34<04:20, 2.03MB/s] 66%|######5   | 1.01G/1.54G [08:34<04:26, 1.98MB/s] 66%|######5   | 1.01G/1.54G [08:34<04:25, 1.99MB/s] 66%|######5   | 1.01G/1.54G [08:34<04:17, 2.05MB/s] 66%|######5   | 1.01G/1.54G [08:34<04:15, 2.06MB/s] 66%|######5   | 1.01G/1.54G [08:34<04:11, 2.10MB/s] 66%|######5   | 1.01G/1.54G [08:34<04:12, 2.09MB/s] 66%|######5   | 1.01G/1.54G [08:34<04:14, 2.07MB/s] 66%|######5   | 1.01G/1.54G [08:35<04:20, 2.02MB/s] 66%|######5   | 1.01G/1.54G [08:35<04:06, 2.13MB/s] 66%|######5   | 1.01G/1.54G [08:35<04:03, 2.16MB/s] 66%|######5   | 1.01G/1.54G [08:35<04:05, 2.14MB/s] 66%|######5   | 1.01G/1.54G [08:35<04:10, 2.10MB/s] 66%|######5   | 1.01G/1.54G [08:35<04:05, 2.14MB/s] 66%|######5   | 1.02G/1.54G [08:35<03:52, 2.26MB/s] 66%|######5   | 1.02G/1.54G [08:35<03:55, 2.23MB/s] 66%|######5   | 1.02G/1.54G [08:35<03:57, 2.21MB/s] 66%|######5   | 1.02G/1.54G [08:36<03:57, 2.21MB/s] 66%|######5   | 1.02G/1.54G [08:36<03:48, 2.30MB/s] 66%|######5   | 1.02G/1.54G [08:36<03:39, 2.39MB/s] 66%|######5   | 1.02G/1.54G [08:36<03:46, 2.31MB/s] 66%|######6   | 1.02G/1.54G [08:36<03:41, 2.37MB/s] 66%|######6   | 1.02G/1.54G [08:36<03:13, 2.71MB/s] 66%|######6   | 1.02G/1.54G [08:36<03:27, 2.52MB/s] 66%|######6   | 1.02G/1.54G [08:36<03:21, 2.60MB/s] 66%|######6   | 1.02G/1.54G [08:36<02:57, 2.94MB/s] 66%|######6   | 1.02G/1.54G [08:37<03:26, 2.53MB/s] 66%|######6   | 1.02G/1.54G [08:37<03:18, 2.63MB/s] 66%|######6   | 1.02G/1.54G [08:37<03:46, 2.31MB/s] 66%|######6   | 1.02G/1.54G [08:37<03:33, 2.45MB/s] 66%|######6   | 1.02G/1.54G [08:37<03:16, 2.65MB/s] 66%|######6   | 1.02G/1.54G [08:37<03:51, 2.25MB/s] 66%|######6   | 1.02G/1.54G [08:37<04:24, 1.97MB/s] 66%|######6   | 1.02G/1.54G [08:38<03:43, 2.33MB/s] 66%|######6   | 1.02G/1.54G [08:38<04:13, 2.05MB/s] 66%|######6   | 1.02G/1.54G [08:38<03:50, 2.25MB/s] 66%|######6   | 1.02G/1.54G [08:38<04:10, 2.08MB/s] 66%|######6   | 1.02G/1.54G [08:38<04:25, 1.95MB/s] 66%|######6   | 1.02G/1.54G [08:38<03:53, 2.22MB/s] 66%|######6   | 1.02G/1.54G [08:39<04:48, 1.80MB/s] 66%|######6   | 1.02G/1.54G [08:39<04:16, 2.02MB/s] 66%|######6   | 1.02G/1.54G [08:39<04:23, 1.96MB/s] 66%|######6   | 1.02G/1.54G [08:39<04:07, 2.09MB/s] 66%|######6   | 1.02G/1.54G [08:39<04:29, 1.92MB/s] 66%|######6   | 1.02G/1.54G [08:39<04:10, 2.06MB/s] 66%|######6   | 1.02G/1.54G [08:39<04:18, 2.00MB/s] 67%|######6   | 1.02G/1.54G [08:40<04:09, 2.07MB/s] 67%|######6   | 1.03G/1.54G [08:40<04:01, 2.14MB/s] 67%|######6   | 1.03G/1.54G [08:40<04:09, 2.07MB/s] 67%|######6   | 1.03G/1.54G [08:40<04:04, 2.11MB/s] 67%|######6   | 1.03G/1.54G [08:40<03:51, 2.23MB/s] 67%|######6   | 1.03G/1.54G [08:40<03:59, 2.15MB/s] 67%|######6   | 1.03G/1.54G [08:40<04:19, 1.98MB/s] 67%|######6   | 1.03G/1.54G [08:40<03:43, 2.30MB/s] 67%|######6   | 1.03G/1.54G [08:41<04:16, 2.01MB/s] 67%|######6   | 1.03G/1.54G [08:41<03:42, 2.31MB/s] 67%|######6   | 1.03G/1.54G [08:41<04:16, 2.00MB/s] 67%|######6   | 1.03G/1.54G [08:41<04:17, 1.99MB/s] 67%|######6   | 1.03G/1.54G [08:41<03:52, 2.20MB/s] 67%|######6   | 1.03G/1.54G [08:41<04:09, 2.05MB/s] 67%|######6   | 1.03G/1.54G [08:41<03:48, 2.24MB/s] 67%|######6   | 1.03G/1.54G [08:42<04:12, 2.02MB/s] 67%|######6   | 1.03G/1.54G [08:42<03:50, 2.22MB/s] 67%|######6   | 1.03G/1.54G [08:42<04:15, 2.00MB/s] 67%|######6   | 1.03G/1.54G [08:42<04:07, 2.06MB/s] 67%|######6   | 1.03G/1.54G [08:42<03:54, 2.17MB/s] 67%|######6   | 1.03G/1.54G [08:42<04:04, 2.09MB/s] 67%|######6   | 1.03G/1.54G [08:42<04:00, 2.12MB/s] 67%|######6   | 1.03G/1.54G [08:43<03:56, 2.15MB/s] 67%|######6   | 1.03G/1.54G [08:43<03:46, 2.25MB/s] 67%|######6   | 1.03G/1.54G [08:43<04:01, 2.11MB/s] 67%|######6   | 1.03G/1.54G [08:43<03:36, 2.35MB/s] 67%|######6   | 1.03G/1.54G [08:43<03:50, 2.21MB/s] 67%|######7   | 1.03G/1.54G [08:43<03:43, 2.28MB/s] 67%|######7   | 1.03G/1.54G [08:43<04:00, 2.11MB/s] 67%|######7   | 1.03G/1.54G [08:43<03:34, 2.36MB/s] 67%|######7   | 1.03G/1.54G [08:44<04:04, 2.08MB/s] 67%|######7   | 1.03G/1.54G [08:44<03:27, 2.44MB/s] 67%|######7   | 1.03G/1.54G [08:44<04:06, 2.06MB/s] 67%|######7   | 1.03G/1.54G [08:44<03:37, 2.33MB/s] 67%|######7   | 1.03G/1.54G [08:44<04:06, 2.06MB/s] 67%|######7   | 1.03G/1.54G [08:44<03:50, 2.20MB/s] 67%|######7   | 1.04G/1.54G [08:44<03:41, 2.28MB/s] 67%|######7   | 1.04G/1.54G [08:45<03:45, 2.24MB/s] 67%|######7   | 1.04G/1.54G [08:45<03:30, 2.40MB/s] 67%|######7   | 1.04G/1.54G [08:45<03:37, 2.32MB/s] 67%|######7   | 1.04G/1.54G [08:45<03:44, 2.25MB/s] 67%|######7   | 1.04G/1.54G [08:45<03:36, 2.32MB/s] 67%|######7   | 1.04G/1.54G [08:45<03:53, 2.16MB/s] 67%|######7   | 1.04G/1.54G [08:45<03:34, 2.35MB/s] 67%|######7   | 1.04G/1.54G [08:45<03:36, 2.33MB/s] 67%|######7   | 1.04G/1.54G [08:46<03:45, 2.23MB/s] 67%|######7   | 1.04G/1.54G [08:46<03:29, 2.40MB/s] 67%|######7   | 1.04G/1.54G [08:46<03:19, 2.52MB/s] 67%|######7   | 1.04G/1.54G [08:46<03:35, 2.33MB/s] 67%|######7   | 1.04G/1.54G [08:46<03:38, 2.29MB/s] 67%|######7   | 1.04G/1.54G [08:46<03:31, 2.37MB/s] 67%|######7   | 1.04G/1.54G [08:46<03:33, 2.34MB/s] 67%|######7   | 1.04G/1.54G [08:46<03:34, 2.34MB/s] 68%|######7   | 1.04G/1.54G [08:46<03:30, 2.38MB/s] 68%|######7   | 1.04G/1.54G [08:47<03:29, 2.39MB/s] 68%|######7   | 1.04G/1.54G [08:47<03:10, 2.62MB/s] 68%|######7   | 1.04G/1.54G [08:47<03:40, 2.27MB/s] 68%|######7   | 1.04G/1.54G [08:47<04:10, 1.99MB/s] 68%|######7   | 1.04G/1.54G [08:47<03:46, 2.21MB/s] 68%|######7   | 1.04G/1.54G [08:47<03:31, 2.36MB/s] 68%|######7   | 1.04G/1.54G [08:48<04:05, 2.03MB/s] 68%|######7   | 1.04G/1.54G [08:48<03:43, 2.22MB/s] 68%|######7   | 1.04G/1.54G [08:48<03:51, 2.15MB/s] 68%|######7   | 1.04G/1.54G [08:48<04:08, 2.00MB/s] 68%|######7   | 1.04G/1.54G [08:48<03:36, 2.30MB/s] 68%|######7   | 1.04G/1.54G [08:48<03:29, 2.38MB/s] 68%|######7   | 1.04G/1.54G [08:48<03:53, 2.13MB/s] 68%|######7   | 1.04G/1.54G [08:48<03:50, 2.15MB/s] 68%|######7   | 1.04G/1.54G [08:48<03:50, 2.15MB/s] 68%|######7   | 1.04G/1.54G [08:49<03:30, 2.35MB/s] 68%|######7   | 1.05G/1.54G [08:49<03:30, 2.35MB/s] 68%|######7   | 1.05G/1.54G [08:49<03:42, 2.22MB/s] 68%|######7   | 1.05G/1.54G [08:49<03:20, 2.47MB/s] 68%|######7   | 1.05G/1.54G [08:49<03:38, 2.27MB/s] 68%|######7   | 1.05G/1.54G [08:49<03:32, 2.33MB/s] 68%|######7   | 1.05G/1.54G [08:49<03:07, 2.64MB/s] 68%|######7   | 1.05G/1.54G [08:50<03:42, 2.22MB/s] 68%|######7   | 1.05G/1.54G [08:50<03:26, 2.39MB/s] 68%|######7   | 1.05G/1.54G [08:50<03:16, 2.51MB/s] 68%|######8   | 1.05G/1.54G [08:50<03:32, 2.32MB/s] 68%|######8   | 1.05G/1.54G [08:50<03:29, 2.35MB/s] 68%|######8   | 1.05G/1.54G [08:50<03:09, 2.59MB/s] 68%|######8   | 1.05G/1.54G [08:50<03:17, 2.49MB/s] 68%|######8   | 1.05G/1.54G [08:50<03:18, 2.48MB/s] 68%|######8   | 1.05G/1.54G [08:51<03:22, 2.43MB/s] 68%|######8   | 1.05G/1.54G [08:51<03:21, 2.44MB/s] 68%|######8   | 1.05G/1.54G [08:51<03:16, 2.50MB/s] 68%|######8   | 1.05G/1.54G [08:51<03:03, 2.67MB/s] 68%|######8   | 1.05G/1.54G [08:51<03:11, 2.57MB/s] 68%|######8   | 1.05G/1.54G [08:51<03:23, 2.41MB/s] 68%|######8   | 1.05G/1.54G [08:51<03:09, 2.59MB/s] 68%|######8   | 1.05G/1.54G [08:51<03:22, 2.41MB/s] 68%|######8   | 1.05G/1.54G [08:51<03:06, 2.61MB/s] 68%|######8   | 1.05G/1.54G [08:52<03:17, 2.48MB/s] 68%|######8   | 1.05G/1.54G [08:52<03:15, 2.50MB/s] 68%|######8   | 1.05G/1.54G [08:52<03:07, 2.60MB/s] 68%|######8   | 1.05G/1.54G [08:52<03:02, 2.66MB/s] 68%|######8   | 1.05G/1.54G [08:52<03:25, 2.37MB/s] 68%|######8   | 1.05G/1.54G [08:52<03:26, 2.36MB/s] 68%|######8   | 1.05G/1.54G [08:52<03:29, 2.32MB/s] 68%|######8   | 1.05G/1.54G [08:52<03:24, 2.38MB/s] 68%|######8   | 1.05G/1.54G [08:53<03:06, 2.60MB/s] 68%|######8   | 1.05G/1.54G [08:53<04:11, 1.93MB/s] 68%|######8   | 1.06G/1.54G [08:53<03:35, 2.25MB/s] 69%|######8   | 1.06G/1.54G [08:53<03:51, 2.09MB/s] 69%|######8   | 1.06G/1.54G [08:53<03:40, 2.20MB/s] 69%|######8   | 1.06G/1.54G [08:53<03:58, 2.03MB/s] 69%|######8   | 1.06G/1.54G [08:54<03:54, 2.06MB/s] 69%|######8   | 1.06G/1.54G [08:54<03:41, 2.18MB/s] 69%|######8   | 1.06G/1.54G [08:54<03:45, 2.14MB/s] 69%|######8   | 1.06G/1.54G [08:54<03:40, 2.20MB/s] 69%|######8   | 1.06G/1.54G [08:54<03:33, 2.26MB/s] 69%|######8   | 1.06G/1.54G [08:54<03:36, 2.23MB/s] 69%|######8   | 1.06G/1.54G [08:54<03:40, 2.19MB/s] 69%|######8   | 1.06G/1.54G [08:54<03:28, 2.31MB/s] 69%|######8   | 1.06G/1.54G [08:55<03:27, 2.32MB/s] 69%|######8   | 1.06G/1.54G [08:55<03:25, 2.35MB/s] 69%|######8   | 1.06G/1.54G [08:55<03:13, 2.48MB/s] 69%|######8   | 1.06G/1.54G [08:55<03:31, 2.28MB/s] 69%|######8   | 1.06G/1.54G [08:55<03:25, 2.33MB/s] 69%|######8   | 1.06G/1.54G [08:55<03:07, 2.56MB/s] 69%|######8   | 1.06G/1.54G [08:55<03:31, 2.27MB/s] 69%|######8   | 1.06G/1.54G [08:56<03:19, 2.41MB/s] 69%|######8   | 1.06G/1.54G [08:56<03:54, 2.04MB/s] 69%|######8   | 1.06G/1.54G [08:56<03:56, 2.02MB/s] 69%|######8   | 1.06G/1.54G [08:56<03:58, 2.01MB/s] 69%|######8   | 1.06G/1.54G [08:56<03:37, 2.20MB/s] 69%|######8   | 1.06G/1.54G [08:56<04:04, 1.96MB/s] 69%|######8   | 1.06G/1.54G [08:57<04:09, 1.92MB/s] 69%|######9   | 1.06G/1.54G [08:57<03:56, 2.02MB/s] 69%|######9   | 1.06G/1.54G [08:57<03:50, 2.07MB/s] 69%|######9   | 1.06G/1.54G [08:57<03:49, 2.08MB/s] 69%|######9   | 1.06G/1.54G [08:57<03:43, 2.13MB/s] 69%|######9   | 1.06G/1.54G [08:57<03:39, 2.17MB/s] 69%|######9   | 1.06G/1.54G [08:57<03:30, 2.27MB/s] 69%|######9   | 1.06G/1.54G [08:57<03:39, 2.17MB/s] 69%|######9   | 1.07G/1.54G [08:58<03:36, 2.20MB/s] 69%|######9   | 1.07G/1.54G [08:58<03:26, 2.30MB/s] 69%|######9   | 1.07G/1.54G [08:58<03:37, 2.18MB/s] 69%|######9   | 1.07G/1.54G [08:58<03:24, 2.32MB/s] 69%|######9   | 1.07G/1.54G [08:58<03:24, 2.32MB/s] 69%|######9   | 1.07G/1.54G [08:58<03:32, 2.23MB/s] 69%|######9   | 1.07G/1.54G [08:58<03:33, 2.22MB/s] 69%|######9   | 1.07G/1.54G [08:58<03:32, 2.23MB/s] 69%|######9   | 1.07G/1.54G [08:58<03:36, 2.18MB/s] 69%|######9   | 1.07G/1.54G [08:59<03:40, 2.14MB/s] 69%|######9   | 1.07G/1.54G [08:59<03:25, 2.30MB/s] 69%|######9   | 1.07G/1.54G [08:59<03:37, 2.18MB/s] 69%|######9   | 1.07G/1.54G [08:59<03:23, 2.32MB/s] 69%|######9   | 1.07G/1.54G [08:59<03:46, 2.09MB/s] 69%|######9   | 1.07G/1.54G [08:59<03:12, 2.45MB/s] 69%|######9   | 1.07G/1.54G [08:59<03:48, 2.06MB/s] 69%|######9   | 1.07G/1.54G [09:00<03:42, 2.12MB/s] 69%|######9   | 1.07G/1.54G [09:00<03:32, 2.21MB/s] 69%|######9   | 1.07G/1.54G [09:00<03:36, 2.17MB/s] 70%|######9   | 1.07G/1.54G [09:00<03:17, 2.38MB/s] 70%|######9   | 1.07G/1.54G [09:00<03:32, 2.21MB/s] 70%|######9   | 1.07G/1.54G [09:00<03:27, 2.27MB/s] 70%|######9   | 1.07G/1.54G [09:00<03:33, 2.19MB/s] 70%|######9   | 1.07G/1.54G [09:01<03:14, 2.41MB/s] 70%|######9   | 1.07G/1.54G [09:01<03:22, 2.31MB/s] 70%|######9   | 1.07G/1.54G [09:01<03:33, 2.19MB/s] 70%|######9   | 1.07G/1.54G [09:01<03:25, 2.27MB/s] 70%|######9   | 1.07G/1.54G [09:01<03:11, 2.44MB/s] 70%|######9   | 1.07G/1.54G [09:01<03:25, 2.27MB/s] 70%|######9   | 1.07G/1.54G [09:01<03:34, 2.18MB/s] 70%|######9   | 1.07G/1.54G [09:01<03:15, 2.38MB/s] 70%|######9   | 1.07G/1.54G [09:02<03:34, 2.17MB/s] 70%|######9   | 1.07G/1.54G [09:02<03:03, 2.54MB/s] 70%|######9   | 1.08G/1.54G [09:02<03:30, 2.22MB/s] 70%|######9   | 1.08G/1.54G [09:02<03:09, 2.45MB/s] 70%|######9   | 1.08G/1.54G [09:02<03:30, 2.21MB/s] 70%|######9   | 1.08G/1.54G [09:02<03:28, 2.23MB/s] 70%|######9   | 1.08G/1.54G [09:02<03:20, 2.31MB/s] 70%|######9   | 1.08G/1.54G [09:03<03:10, 2.43MB/s] 70%|######9   | 1.08G/1.54G [09:03<03:31, 2.19MB/s] 70%|######9   | 1.08G/1.54G [09:03<03:09, 2.44MB/s] 70%|######9   | 1.08G/1.54G [09:03<03:24, 2.26MB/s] 70%|######9   | 1.08G/1.54G [09:03<03:56, 1.96MB/s] 70%|######9   | 1.08G/1.54G [09:03<04:11, 1.84MB/s] 70%|######9   | 1.08G/1.54G [09:03<03:44, 2.06MB/s] 70%|#######   | 1.08G/1.54G [09:04<04:08, 1.86MB/s] 70%|#######   | 1.08G/1.54G [09:04<03:57, 1.95MB/s] 70%|#######   | 1.08G/1.54G [09:04<03:58, 1.93MB/s] 70%|#######   | 1.08G/1.54G [09:04<03:58, 1.93MB/s] 70%|#######   | 1.08G/1.54G [09:04<03:44, 2.05MB/s] 70%|#######   | 1.08G/1.54G [09:04<03:54, 1.96MB/s] 70%|#######   | 1.08G/1.54G [09:04<03:27, 2.22MB/s] 70%|#######   | 1.08G/1.54G [09:05<03:53, 1.97MB/s] 70%|#######   | 1.08G/1.54G [09:05<03:47, 2.02MB/s] 70%|#######   | 1.08G/1.54G [09:05<03:27, 2.22MB/s] 70%|#######   | 1.08G/1.54G [09:05<03:40, 2.08MB/s] 70%|#######   | 1.08G/1.54G [09:05<03:37, 2.11MB/s] 70%|#######   | 1.08G/1.54G [09:05<03:25, 2.23MB/s] 70%|#######   | 1.08G/1.54G [09:05<03:18, 2.31MB/s] 70%|#######   | 1.08G/1.54G [09:05<03:27, 2.21MB/s] 70%|#######   | 1.08G/1.54G [09:06<03:29, 2.19MB/s] 70%|#######   | 1.08G/1.54G [09:06<03:19, 2.29MB/s] 70%|#######   | 1.08G/1.54G [09:06<03:14, 2.35MB/s] 70%|#######   | 1.08G/1.54G [09:06<03:11, 2.38MB/s] 70%|#######   | 1.08G/1.54G [09:06<03:22, 2.26MB/s] 70%|#######   | 1.08G/1.54G [09:06<03:15, 2.34MB/s] 70%|#######   | 1.08G/1.54G [09:06<03:17, 2.31MB/s] 70%|#######   | 1.08G/1.54G [09:06<03:14, 2.35MB/s] 70%|#######   | 1.09G/1.54G [09:07<03:29, 2.18MB/s] 70%|#######   | 1.09G/1.54G [09:07<03:12, 2.37MB/s] 70%|#######   | 1.09G/1.54G [09:07<03:24, 2.23MB/s] 70%|#######   | 1.09G/1.54G [09:07<03:22, 2.24MB/s] 71%|#######   | 1.09G/1.54G [09:07<03:04, 2.46MB/s] 71%|#######   | 1.09G/1.54G [09:07<03:22, 2.24MB/s] 71%|#######   | 1.09G/1.54G [09:07<03:09, 2.39MB/s] 71%|#######   | 1.09G/1.54G [09:07<03:07, 2.42MB/s] 71%|#######   | 1.09G/1.54G [09:08<03:07, 2.42MB/s] 71%|#######   | 1.09G/1.54G [09:08<03:14, 2.32MB/s] 71%|#######   | 1.09G/1.54G [09:08<03:06, 2.42MB/s] 71%|#######   | 1.09G/1.54G [09:08<02:57, 2.55MB/s] 71%|#######   | 1.09G/1.54G [09:08<03:10, 2.37MB/s] 71%|#######   | 1.09G/1.54G [09:08<03:09, 2.38MB/s] 71%|#######   | 1.09G/1.54G [09:08<02:52, 2.62MB/s] 71%|#######   | 1.09G/1.54G [09:08<03:08, 2.39MB/s] 71%|#######   | 1.09G/1.54G [09:09<03:32, 2.12MB/s] 71%|#######   | 1.09G/1.54G [09:09<03:21, 2.23MB/s] 71%|#######   | 1.09G/1.54G [09:09<02:59, 2.51MB/s] 71%|#######   | 1.09G/1.54G [09:09<03:15, 2.30MB/s] 71%|#######   | 1.09G/1.54G [09:09<03:16, 2.29MB/s] 71%|#######   | 1.09G/1.54G [09:09<02:52, 2.61MB/s] 71%|#######   | 1.09G/1.54G [09:09<03:28, 2.15MB/s] 71%|#######   | 1.09G/1.54G [09:09<03:06, 2.41MB/s] 71%|#######   | 1.09G/1.54G [09:10<03:23, 2.20MB/s] 71%|#######   | 1.09G/1.54G [09:10<03:03, 2.45MB/s] 71%|#######   | 1.09G/1.54G [09:10<02:54, 2.56MB/s] 71%|#######   | 1.09G/1.54G [09:10<03:11, 2.33MB/s] 71%|#######   | 1.09G/1.54G [09:10<03:03, 2.44MB/s] 71%|#######   | 1.09G/1.54G [09:10<03:27, 2.16MB/s] 71%|#######1  | 1.09G/1.54G [09:10<02:53, 2.57MB/s] 71%|#######1  | 1.09G/1.54G [09:11<03:20, 2.22MB/s] 71%|#######1  | 1.09G/1.54G [09:11<03:18, 2.25MB/s] 71%|#######1  | 1.10G/1.54G [09:11<03:12, 2.31MB/s] 71%|#######1  | 1.10G/1.54G [09:11<03:06, 2.39MB/s] 71%|#######1  | 1.10G/1.54G [09:11<02:51, 2.60MB/s] 71%|#######1  | 1.10G/1.54G [09:11<02:57, 2.50MB/s] 71%|#######1  | 1.10G/1.54G [09:11<03:07, 2.37MB/s] 71%|#######1  | 1.10G/1.54G [09:11<03:06, 2.39MB/s] 71%|#######1  | 1.10G/1.54G [09:11<02:39, 2.78MB/s] 71%|#######1  | 1.10G/1.54G [09:12<03:10, 2.33MB/s] 71%|#######1  | 1.10G/1.54G [09:12<02:53, 2.55MB/s] 71%|#######1  | 1.10G/1.54G [09:12<03:09, 2.34MB/s] 71%|#######1  | 1.10G/1.54G [09:12<03:00, 2.45MB/s] 71%|#######1  | 1.10G/1.54G [09:12<02:41, 2.73MB/s] 71%|#######1  | 1.10G/1.54G [09:12<02:55, 2.51MB/s] 71%|#######1  | 1.10G/1.54G [09:12<03:04, 2.39MB/s] 71%|#######1  | 1.10G/1.54G [09:13<03:44, 1.97MB/s] 71%|#######1  | 1.10G/1.54G [09:13<03:25, 2.15MB/s] 71%|#######1  | 1.10G/1.54G [09:13<03:01, 2.43MB/s] 71%|#######1  | 1.10G/1.54G [09:13<03:24, 2.15MB/s] 71%|#######1  | 1.10G/1.54G [09:13<03:19, 2.20MB/s] 71%|#######1  | 1.10G/1.54G [09:13<03:28, 2.11MB/s] 72%|#######1  | 1.10G/1.54G [09:14<03:12, 2.28MB/s] 72%|#######1  | 1.10G/1.54G [09:14<03:09, 2.31MB/s] 72%|#######1  | 1.10G/1.54G [09:14<03:13, 2.27MB/s] 72%|#######1  | 1.10G/1.54G [09:14<02:55, 2.50MB/s] 72%|#######1  | 1.10G/1.54G [09:14<03:17, 2.21MB/s] 72%|#######1  | 1.10G/1.54G [09:14<03:48, 1.91MB/s] 72%|#######1  | 1.10G/1.54G [09:14<03:01, 2.41MB/s] 72%|#######1  | 1.10G/1.54G [09:15<03:21, 2.17MB/s] 72%|#######1  | 1.10G/1.54G [09:15<03:42, 1.96MB/s] 72%|#######1  | 1.10G/1.54G [09:15<03:35, 2.03MB/s] 72%|#######1  | 1.10G/1.54G [09:15<03:38, 1.99MB/s] 72%|#######1  | 1.10G/1.54G [09:15<06:43, 1.08MB/s] 72%|#######1  | 1.11G/1.54G [09:16<06:39, 1.09MB/s] 72%|#######1  | 1.11G/1.54G [09:16<05:15, 1.38MB/s] 72%|#######1  | 1.11G/1.54G [09:16<05:02, 1.44MB/s] 72%|#######1  | 1.11G/1.54G [09:16<04:13, 1.72MB/s] 72%|#######1  | 1.11G/1.54G [09:16<04:03, 1.78MB/s] 72%|#######1  | 1.11G/1.54G [09:16<03:57, 1.83MB/s] 72%|#######1  | 1.11G/1.54G [09:16<03:45, 1.92MB/s] 72%|#######1  | 1.11G/1.54G [09:17<03:22, 2.14MB/s] 72%|#######1  | 1.11G/1.54G [09:17<03:29, 2.07MB/s] 72%|#######1  | 1.11G/1.54G [09:17<03:30, 2.06MB/s] 72%|#######1  | 1.11G/1.54G [09:17<03:25, 2.11MB/s] 72%|#######1  | 1.11G/1.54G [09:17<03:05, 2.33MB/s] 72%|#######1  | 1.11G/1.54G [09:17<03:15, 2.21MB/s] 72%|#######1  | 1.11G/1.54G [09:17<03:31, 2.04MB/s] 72%|#######1  | 1.11G/1.54G [09:17<03:07, 2.31MB/s] 72%|#######1  | 1.11G/1.54G [09:17<03:29, 2.06MB/s] 72%|#######2  | 1.11G/1.54G [09:18<04:11, 1.72MB/s] 72%|#######2  | 1.11G/1.54G [09:18<04:04, 1.76MB/s] 72%|#######2  | 1.11G/1.54G [09:18<04:08, 1.73MB/s] 72%|#######2  | 1.11G/1.54G [09:18<03:49, 1.87MB/s] 72%|#######2  | 1.11G/1.54G [09:18<03:24, 2.11MB/s] 72%|#######2  | 1.11G/1.54G [09:18<03:25, 2.09MB/s] 72%|#######2  | 1.11G/1.54G [09:18<03:18, 2.17MB/s] 72%|#######2  | 1.11G/1.54G [09:19<03:19, 2.15MB/s] 72%|#######2  | 1.11G/1.54G [09:19<03:13, 2.22MB/s] 72%|#######2  | 1.11G/1.54G [09:19<03:19, 2.15MB/s] 72%|#######2  | 1.11G/1.54G [09:19<03:02, 2.36MB/s] 72%|#######2  | 1.11G/1.54G [09:19<03:18, 2.16MB/s] 72%|#######2  | 1.11G/1.54G [09:19<02:55, 2.44MB/s] 72%|#######2  | 1.11G/1.54G [09:19<03:17, 2.16MB/s] 72%|#######2  | 1.11G/1.54G [09:19<03:16, 2.18MB/s] 72%|#######2  | 1.11G/1.54G [09:20<03:37, 1.96MB/s] 72%|#######2  | 1.11G/1.54G [09:20<03:11, 2.23MB/s] 72%|#######2  | 1.11G/1.54G [09:20<04:32, 1.57MB/s] 72%|#######2  | 1.11G/1.54G [09:20<04:12, 1.69MB/s] 72%|#######2  | 1.11G/1.54G [09:20<03:42, 1.92MB/s] 72%|#######2  | 1.11G/1.54G [09:20<03:34, 1.99MB/s] 72%|#######2  | 1.12G/1.54G [09:20<03:28, 2.05MB/s] 72%|#######2  | 1.12G/1.54G [09:21<03:07, 2.27MB/s] 72%|#######2  | 1.12G/1.54G [09:21<03:13, 2.20MB/s] 72%|#######2  | 1.12G/1.54G [09:21<03:20, 2.12MB/s] 72%|#######2  | 1.12G/1.54G [09:21<03:00, 2.35MB/s] 72%|#######2  | 1.12G/1.54G [09:21<03:12, 2.20MB/s] 72%|#######2  | 1.12G/1.54G [09:21<02:49, 2.49MB/s] 73%|#######2  | 1.12G/1.54G [09:21<03:15, 2.17MB/s] 73%|#######2  | 1.12G/1.54G [09:21<02:54, 2.43MB/s] 73%|#######2  | 1.12G/1.54G [09:22<02:52, 2.45MB/s] 73%|#######2  | 1.12G/1.54G [09:22<03:21, 2.10MB/s] 73%|#######2  | 1.12G/1.54G [09:22<03:14, 2.17MB/s] 73%|#######2  | 1.12G/1.54G [09:22<02:59, 2.35MB/s] 73%|#######2  | 1.12G/1.54G [09:22<02:56, 2.39MB/s] 73%|#######2  | 1.12G/1.54G [09:22<03:09, 2.22MB/s] 73%|#######2  | 1.12G/1.54G [09:22<02:55, 2.39MB/s] 73%|#######2  | 1.12G/1.54G [09:22<02:49, 2.49MB/s] 73%|#######2  | 1.12G/1.54G [09:23<03:07, 2.24MB/s] 73%|#######2  | 1.12G/1.54G [09:23<02:39, 2.64MB/s] 73%|#######2  | 1.12G/1.54G [09:23<03:08, 2.22MB/s] 73%|#######2  | 1.12G/1.54G [09:23<02:56, 2.38MB/s] 73%|#######2  | 1.12G/1.54G [09:23<02:52, 2.43MB/s] 73%|#######2  | 1.12G/1.54G [09:23<02:49, 2.47MB/s] 73%|#######2  | 1.12G/1.54G [09:23<02:41, 2.59MB/s] 73%|#######2  | 1.12G/1.54G [09:23<03:01, 2.30MB/s] 73%|#######2  | 1.12G/1.54G [09:24<02:59, 2.33MB/s] 73%|#######2  | 1.12G/1.54G [09:24<02:39, 2.63MB/s] 73%|#######2  | 1.12G/1.54G [09:24<02:49, 2.47MB/s] 73%|#######2  | 1.12G/1.54G [09:24<02:47, 2.48MB/s] 73%|#######2  | 1.12G/1.54G [09:24<02:59, 2.32MB/s] 73%|#######2  | 1.12G/1.54G [09:24<02:55, 2.37MB/s] 73%|#######2  | 1.12G/1.54G [09:24<02:56, 2.36MB/s] 73%|#######2  | 1.12G/1.54G [09:24<02:35, 2.68MB/s] 73%|#######3  | 1.12G/1.54G [09:25<03:05, 2.24MB/s] 73%|#######3  | 1.13G/1.54G [09:25<03:37, 1.91MB/s] 73%|#######3  | 1.13G/1.54G [09:25<03:21, 2.06MB/s] 73%|#######3  | 1.13G/1.54G [09:25<03:00, 2.30MB/s] 73%|#######3  | 1.13G/1.54G [09:25<03:17, 2.10MB/s] 73%|#######3  | 1.13G/1.54G [09:25<02:57, 2.33MB/s] 73%|#######3  | 1.13G/1.54G [09:25<02:47, 2.47MB/s] 73%|#######3  | 1.13G/1.54G [09:26<03:01, 2.28MB/s] 73%|#######3  | 1.13G/1.54G [09:26<02:52, 2.40MB/s] 73%|#######3  | 1.13G/1.54G [09:26<02:56, 2.33MB/s] 73%|#######3  | 1.13G/1.54G [09:26<02:47, 2.46MB/s] 73%|#######3  | 1.13G/1.54G [09:26<02:53, 2.37MB/s] 73%|#######3  | 1.13G/1.54G [09:26<02:40, 2.57MB/s] 73%|#######3  | 1.13G/1.54G [09:26<02:45, 2.48MB/s] 73%|#######3  | 1.13G/1.54G [09:26<02:39, 2.58MB/s] 73%|#######3  | 1.13G/1.54G [09:27<02:46, 2.47MB/s] 73%|#######3  | 1.13G/1.54G [09:27<02:36, 2.63MB/s] 73%|#######3  | 1.13G/1.54G [09:27<02:36, 2.62MB/s] 73%|#######3  | 1.13G/1.54G [09:27<02:42, 2.52MB/s] 73%|#######3  | 1.13G/1.54G [09:27<02:30, 2.72MB/s] 73%|#######3  | 1.13G/1.54G [09:27<02:44, 2.49MB/s] 73%|#######3  | 1.13G/1.54G [09:27<02:28, 2.76MB/s] 73%|#######3  | 1.13G/1.54G [09:28<02:45, 2.48MB/s] 73%|#######3  | 1.13G/1.54G [09:28<05:20, 1.27MB/s] 74%|#######3  | 1.13G/1.54G [09:28<04:56, 1.37MB/s] 74%|#######3  | 1.13G/1.54G [09:28<04:26, 1.53MB/s] 74%|#######3  | 1.13G/1.54G [09:28<03:46, 1.80MB/s] 74%|#######3  | 1.13G/1.54G [09:29<02:58, 2.28MB/s] 74%|#######3  | 1.13G/1.54G [09:29<03:06, 2.18MB/s] 74%|#######3  | 1.13G/1.54G [09:29<03:34, 1.89MB/s] 74%|#######3  | 1.13G/1.54G [09:29<03:12, 2.11MB/s] 74%|#######3  | 1.13G/1.54G [09:29<03:03, 2.21MB/s] 74%|#######3  | 1.14G/1.54G [09:29<03:00, 2.24MB/s] 74%|#######3  | 1.14G/1.54G [09:29<03:00, 2.24MB/s] 74%|#######3  | 1.14G/1.54G [09:30<02:53, 2.33MB/s] 74%|#######3  | 1.14G/1.54G [09:30<02:56, 2.29MB/s] 74%|#######3  | 1.14G/1.54G [09:30<02:50, 2.37MB/s] 74%|#######3  | 1.14G/1.54G [09:30<02:44, 2.46MB/s] 74%|#######3  | 1.14G/1.54G [09:30<03:03, 2.20MB/s] 74%|#######3  | 1.14G/1.54G [09:30<04:26, 1.51MB/s] 74%|#######3  | 1.14G/1.54G [09:31<03:32, 1.90MB/s] 74%|#######3  | 1.14G/1.54G [09:31<03:27, 1.94MB/s] 74%|#######3  | 1.14G/1.54G [09:31<03:20, 2.01MB/s] 74%|#######3  | 1.14G/1.54G [09:31<02:56, 2.28MB/s] 74%|#######3  | 1.14G/1.54G [09:31<02:49, 2.37MB/s] 74%|#######3  | 1.14G/1.54G [09:31<03:03, 2.19MB/s] 74%|#######3  | 1.14G/1.54G [09:31<02:41, 2.48MB/s] 74%|#######3  | 1.14G/1.54G [09:31<02:57, 2.26MB/s] 74%|#######4  | 1.14G/1.54G [09:32<03:01, 2.20MB/s] 74%|#######4  | 1.14G/1.54G [09:32<02:54, 2.29MB/s] 74%|#######4  | 1.14G/1.54G [09:32<02:33, 2.60MB/s] 74%|#######4  | 1.14G/1.54G [09:32<02:57, 2.25MB/s] 74%|#######4  | 1.14G/1.54G [09:32<02:46, 2.40MB/s] 74%|#######4  | 1.14G/1.54G [09:32<02:43, 2.44MB/s] 74%|#######4  | 1.14G/1.54G [09:32<02:41, 2.47MB/s] 74%|#######4  | 1.14G/1.54G [09:32<02:42, 2.46MB/s] 74%|#######4  | 1.14G/1.54G [09:33<02:35, 2.56MB/s] 74%|#######4  | 1.14G/1.54G [09:33<02:30, 2.65MB/s] 74%|#######4  | 1.14G/1.54G [09:33<02:43, 2.44MB/s] 74%|#######4  | 1.14G/1.54G [09:33<02:36, 2.54MB/s] 74%|#######4  | 1.14G/1.54G [09:33<02:31, 2.61MB/s] 74%|#######4  | 1.14G/1.54G [09:33<02:51, 2.31MB/s] 74%|#######4  | 1.14G/1.54G [09:33<02:36, 2.53MB/s] 74%|#######4  | 1.14G/1.54G [09:33<02:25, 2.72MB/s] 74%|#######4  | 1.14G/1.54G [09:34<02:46, 2.37MB/s] 74%|#######4  | 1.15G/1.54G [09:34<02:44, 2.40MB/s] 74%|#######4  | 1.15G/1.54G [09:34<02:26, 2.70MB/s] 74%|#######4  | 1.15G/1.54G [09:34<02:52, 2.29MB/s] 74%|#######4  | 1.15G/1.54G [09:34<02:41, 2.44MB/s] 74%|#######4  | 1.15G/1.54G [09:34<02:38, 2.48MB/s] 74%|#######4  | 1.15G/1.54G [09:34<02:41, 2.44MB/s] 74%|#######4  | 1.15G/1.54G [09:34<02:51, 2.30MB/s] 74%|#######4  | 1.15G/1.54G [09:35<02:45, 2.37MB/s] 74%|#######4  | 1.15G/1.54G [09:35<02:27, 2.67MB/s] 75%|#######4  | 1.15G/1.54G [09:35<02:49, 2.32MB/s] 75%|#######4  | 1.15G/1.54G [09:35<02:35, 2.53MB/s] 75%|#######4  | 1.15G/1.54G [09:35<03:29, 1.87MB/s] 75%|#######4  | 1.15G/1.54G [09:35<02:52, 2.27MB/s] 75%|#######4  | 1.15G/1.54G [09:35<03:05, 2.11MB/s] 75%|#######4  | 1.15G/1.54G [09:36<03:18, 1.97MB/s] 75%|#######4  | 1.15G/1.54G [09:36<03:13, 2.02MB/s] 75%|#######4  | 1.15G/1.54G [09:36<02:58, 2.19MB/s] 75%|#######4  | 1.15G/1.54G [09:36<03:12, 2.02MB/s] 75%|#######4  | 1.15G/1.54G [09:36<03:00, 2.16MB/s] 75%|#######4  | 1.15G/1.54G [09:36<02:53, 2.25MB/s] 75%|#######4  | 1.15G/1.54G [09:36<03:03, 2.12MB/s] 75%|#######4  | 1.15G/1.54G [09:36<02:57, 2.19MB/s] 75%|#######4  | 1.15G/1.54G [09:37<02:44, 2.36MB/s] 75%|#######4  | 1.15G/1.54G [09:37<02:58, 2.18MB/s] 75%|#######4  | 1.15G/1.54G [09:37<02:54, 2.22MB/s] 75%|#######4  | 1.15G/1.54G [09:37<02:42, 2.38MB/s] 75%|#######4  | 1.15G/1.54G [09:37<02:47, 2.31MB/s] 75%|#######4  | 1.15G/1.54G [09:37<02:49, 2.29MB/s] 75%|#######4  | 1.15G/1.54G [09:37<02:37, 2.45MB/s] 75%|#######4  | 1.15G/1.54G [09:37<02:40, 2.42MB/s] 75%|#######4  | 1.15G/1.54G [09:38<02:50, 2.27MB/s] 75%|#######4  | 1.15G/1.54G [09:38<03:02, 2.12MB/s] 75%|#######4  | 1.15G/1.54G [09:38<04:27, 1.44MB/s] 75%|#######4  | 1.15G/1.54G [09:38<04:06, 1.56MB/s] 75%|#######4  | 1.16G/1.54G [09:38<03:20, 1.92MB/s] 75%|#######4  | 1.16G/1.54G [09:38<03:12, 2.00MB/s] 75%|#######5  | 1.16G/1.54G [09:38<03:17, 1.95MB/s] 75%|#######5  | 1.16G/1.54G [09:39<03:00, 2.13MB/s] 75%|#######5  | 1.16G/1.54G [09:39<02:40, 2.40MB/s] 75%|#######5  | 1.16G/1.54G [09:39<02:39, 2.41MB/s] 75%|#######5  | 1.16G/1.54G [09:39<02:51, 2.23MB/s] 75%|#######5  | 1.16G/1.54G [09:39<02:29, 2.57MB/s] 75%|#######5  | 1.16G/1.54G [09:39<02:36, 2.46MB/s] 75%|#######5  | 1.16G/1.54G [09:39<02:42, 2.36MB/s] 75%|#######5  | 1.16G/1.54G [09:39<03:09, 2.02MB/s] 75%|#######5  | 1.16G/1.54G [09:40<02:46, 2.29MB/s] 75%|#######5  | 1.16G/1.54G [09:40<03:10, 2.01MB/s] 75%|#######5  | 1.16G/1.54G [09:40<03:01, 2.10MB/s] 75%|#######5  | 1.16G/1.54G [09:40<03:11, 2.00MB/s] 75%|#######5  | 1.16G/1.54G [09:40<02:51, 2.22MB/s] 75%|#######5  | 1.16G/1.54G [09:40<02:59, 2.13MB/s] 75%|#######5  | 1.16G/1.54G [09:40<03:00, 2.12MB/s] 75%|#######5  | 1.16G/1.54G [09:40<02:49, 2.24MB/s] 75%|#######5  | 1.16G/1.54G [09:41<02:47, 2.27MB/s] 75%|#######5  | 1.16G/1.54G [09:41<02:58, 2.13MB/s] 75%|#######5  | 1.16G/1.54G [09:41<02:37, 2.40MB/s] 75%|#######5  | 1.16G/1.54G [09:41<02:58, 2.12MB/s] 75%|#######5  | 1.16G/1.54G [09:41<02:55, 2.17MB/s] 75%|#######5  | 1.16G/1.54G [09:41<02:47, 2.26MB/s] 75%|#######5  | 1.16G/1.54G [09:41<02:43, 2.31MB/s] 75%|#######5  | 1.16G/1.54G [09:42<02:44, 2.30MB/s] 75%|#######5  | 1.16G/1.54G [09:42<02:44, 2.30MB/s] 75%|#######5  | 1.16G/1.54G [09:42<02:33, 2.46MB/s] 76%|#######5  | 1.16G/1.54G [09:42<02:31, 2.48MB/s] 76%|#######5  | 1.16G/1.54G [09:42<02:45, 2.27MB/s] 76%|#######5  | 1.16G/1.54G [09:42<02:32, 2.48MB/s] 76%|#######5  | 1.16G/1.54G [09:42<02:50, 2.21MB/s] 76%|#######5  | 1.16G/1.54G [09:42<02:44, 2.28MB/s] 76%|#######5  | 1.17G/1.54G [09:43<02:30, 2.50MB/s] 76%|#######5  | 1.17G/1.54G [09:43<02:20, 2.68MB/s] 76%|#######5  | 1.17G/1.54G [09:43<02:41, 2.32MB/s] 76%|#######5  | 1.17G/1.54G [09:43<02:33, 2.43MB/s] 76%|#######5  | 1.17G/1.54G [09:43<02:31, 2.47MB/s] 76%|#######5  | 1.17G/1.54G [09:43<02:29, 2.50MB/s] 76%|#######5  | 1.17G/1.54G [09:43<02:38, 2.35MB/s] 76%|#######5  | 1.17G/1.54G [09:43<02:25, 2.56MB/s] 76%|#######5  | 1.17G/1.54G [09:44<02:14, 2.77MB/s] 76%|#######5  | 1.17G/1.54G [09:44<02:32, 2.45MB/s] 76%|#######5  | 1.17G/1.54G [09:44<02:25, 2.55MB/s] 76%|#######5  | 1.17G/1.54G [09:44<02:35, 2.40MB/s] 76%|#######5  | 1.17G/1.54G [09:44<02:28, 2.51MB/s] 76%|#######5  | 1.17G/1.54G [09:44<02:38, 2.34MB/s] 76%|#######5  | 1.17G/1.54G [09:44<02:20, 2.64MB/s] 76%|#######5  | 1.17G/1.54G [09:44<02:17, 2.71MB/s] 76%|#######5  | 1.17G/1.54G [09:45<02:32, 2.43MB/s] 76%|#######5  | 1.17G/1.54G [09:45<02:41, 2.30MB/s] 76%|#######5  | 1.17G/1.54G [09:45<02:36, 2.36MB/s] 76%|#######5  | 1.17G/1.54G [09:45<06:20, 973kB/s]  76%|#######6  | 1.17G/1.54G [09:46<05:12, 1.18MB/s] 76%|#######6  | 1.17G/1.54G [09:46<04:38, 1.33MB/s] 76%|#######6  | 1.17G/1.54G [09:46<04:25, 1.39MB/s] 76%|#######6  | 1.17G/1.54G [09:46<03:40, 1.67MB/s] 76%|#######6  | 1.17G/1.54G [09:46<02:57, 2.07MB/s] 76%|#######6  | 1.17G/1.54G [09:46<03:07, 1.96MB/s] 76%|#######6  | 1.17G/1.54G [09:46<02:55, 2.09MB/s] 76%|#######6  | 1.17G/1.54G [09:46<02:49, 2.17MB/s] 76%|#######6  | 1.17G/1.54G [09:47<02:26, 2.51MB/s] 76%|#######6  | 1.17G/1.54G [09:47<02:20, 2.61MB/s] 76%|#######6  | 1.17G/1.54G [09:47<02:39, 2.30MB/s] 76%|#######6  | 1.17G/1.54G [09:47<02:35, 2.35MB/s] 76%|#######6  | 1.17G/1.54G [09:47<02:46, 2.20MB/s] 76%|#######6  | 1.18G/1.54G [09:47<02:31, 2.41MB/s] 76%|#######6  | 1.18G/1.54G [09:47<02:30, 2.43MB/s] 76%|#######6  | 1.18G/1.54G [09:47<02:26, 2.49MB/s] 76%|#######6  | 1.18G/1.54G [09:48<02:35, 2.35MB/s] 76%|#######6  | 1.18G/1.54G [09:48<02:26, 2.49MB/s] 76%|#######6  | 1.18G/1.54G [09:48<02:20, 2.59MB/s] 76%|#######6  | 1.18G/1.54G [09:48<02:42, 2.23MB/s] 76%|#######6  | 1.18G/1.54G [09:48<02:31, 2.40MB/s] 76%|#######6  | 1.18G/1.54G [09:48<02:14, 2.69MB/s] 76%|#######6  | 1.18G/1.54G [09:48<03:08, 1.92MB/s] 76%|#######6  | 1.18G/1.54G [09:49<02:51, 2.11MB/s] 76%|#######6  | 1.18G/1.54G [09:49<03:05, 1.95MB/s] 77%|#######6  | 1.18G/1.54G [09:49<02:51, 2.11MB/s] 77%|#######6  | 1.18G/1.54G [09:49<03:00, 2.00MB/s] 77%|#######6  | 1.18G/1.54G [09:49<02:49, 2.13MB/s] 77%|#######6  | 1.18G/1.54G [09:49<02:35, 2.32MB/s] 77%|#######6  | 1.18G/1.54G [09:49<02:50, 2.11MB/s] 77%|#######6  | 1.18G/1.54G [09:49<02:41, 2.23MB/s] 77%|#######6  | 1.18G/1.54G [09:50<02:42, 2.22MB/s] 77%|#######6  | 1.18G/1.54G [09:50<02:34, 2.33MB/s] 77%|#######6  | 1.18G/1.54G [09:50<02:33, 2.34MB/s] 77%|#######6  | 1.18G/1.54G [09:50<02:38, 2.27MB/s] 77%|#######6  | 1.18G/1.54G [09:50<02:32, 2.35MB/s] 77%|#######6  | 1.18G/1.54G [09:50<02:23, 2.50MB/s] 77%|#######6  | 1.18G/1.54G [09:50<02:30, 2.38MB/s] 77%|#######6  | 1.18G/1.54G [09:50<02:27, 2.44MB/s] 77%|#######6  | 1.18G/1.54G [09:51<02:31, 2.36MB/s] 77%|#######6  | 1.18G/1.54G [09:51<02:26, 2.44MB/s] 77%|#######6  | 1.18G/1.54G [09:51<02:31, 2.36MB/s] 77%|#######6  | 1.18G/1.54G [09:51<02:18, 2.57MB/s] 77%|#######6  | 1.18G/1.54G [09:51<02:20, 2.55MB/s] 77%|#######6  | 1.18G/1.54G [09:51<02:11, 2.72MB/s] 77%|#######6  | 1.18G/1.54G [09:51<02:08, 2.78MB/s] 77%|#######6  | 1.18G/1.54G [09:52<03:08, 1.89MB/s] 77%|#######6  | 1.19G/1.54G [09:52<02:52, 2.06MB/s] 77%|#######6  | 1.19G/1.54G [09:52<02:34, 2.31MB/s] 77%|#######6  | 1.19G/1.54G [09:52<02:57, 2.00MB/s] 77%|#######6  | 1.19G/1.54G [09:52<03:00, 1.96MB/s] 77%|#######7  | 1.19G/1.54G [09:52<02:55, 2.02MB/s] 77%|#######7  | 1.19G/1.54G [09:52<02:51, 2.06MB/s] 77%|#######7  | 1.19G/1.54G [09:53<02:47, 2.11MB/s] 77%|#######7  | 1.19G/1.54G [09:53<02:48, 2.10MB/s] 77%|#######7  | 1.19G/1.54G [09:53<02:40, 2.20MB/s] 77%|#######7  | 1.19G/1.54G [09:53<02:53, 2.03MB/s] 77%|#######7  | 1.19G/1.54G [09:53<02:26, 2.41MB/s] 77%|#######7  | 1.19G/1.54G [09:53<02:47, 2.11MB/s] 77%|#######7  | 1.19G/1.54G [09:53<02:45, 2.12MB/s] 77%|#######7  | 1.19G/1.54G [09:53<02:36, 2.25MB/s] 77%|#######7  | 1.19G/1.54G [09:54<02:34, 2.27MB/s] 77%|#######7  | 1.19G/1.54G [09:54<02:41, 2.18MB/s] 77%|#######7  | 1.19G/1.54G [09:54<02:27, 2.38MB/s] 77%|#######7  | 1.19G/1.54G [09:54<02:41, 2.17MB/s] 77%|#######7  | 1.19G/1.54G [09:54<02:35, 2.25MB/s] 77%|#######7  | 1.19G/1.54G [09:54<02:38, 2.21MB/s] 77%|#######7  | 1.19G/1.54G [09:54<02:37, 2.23MB/s] 77%|#######7  | 1.19G/1.54G [09:54<02:42, 2.15MB/s] 77%|#######7  | 1.19G/1.54G [09:55<02:34, 2.26MB/s] 77%|#######7  | 1.19G/1.54G [09:55<02:26, 2.38MB/s] 77%|#######7  | 1.19G/1.54G [09:55<02:32, 2.29MB/s] 77%|#######7  | 1.19G/1.54G [09:55<02:32, 2.28MB/s] 77%|#######7  | 1.19G/1.54G [09:55<02:45, 2.10MB/s] 77%|#######7  | 1.19G/1.54G [09:55<02:36, 2.23MB/s] 77%|#######7  | 1.19G/1.54G [09:55<02:34, 2.25MB/s] 77%|#######7  | 1.19G/1.54G [09:55<02:34, 2.24MB/s] 77%|#######7  | 1.19G/1.54G [09:56<02:24, 2.40MB/s] 77%|#######7  | 1.19G/1.54G [09:56<02:21, 2.44MB/s] 78%|#######7  | 1.19G/1.54G [09:56<02:23, 2.42MB/s] 78%|#######7  | 1.19G/1.54G [09:56<02:51, 2.02MB/s] 78%|#######7  | 1.19G/1.54G [09:56<02:48, 2.05MB/s] 78%|#######7  | 1.20G/1.54G [09:56<02:38, 2.18MB/s] 78%|#######7  | 1.20G/1.54G [09:56<02:37, 2.19MB/s] 78%|#######7  | 1.20G/1.54G [09:56<02:29, 2.31MB/s] 78%|#######7  | 1.20G/1.54G [09:57<02:25, 2.37MB/s] 78%|#######7  | 1.20G/1.54G [09:57<02:29, 2.31MB/s] 78%|#######7  | 1.20G/1.54G [09:57<02:31, 2.26MB/s] 78%|#######7  | 1.20G/1.54G [09:57<02:22, 2.41MB/s] 78%|#######7  | 1.20G/1.54G [09:57<02:23, 2.40MB/s] 78%|#######7  | 1.20G/1.54G [09:57<02:32, 2.25MB/s] 78%|#######7  | 1.20G/1.54G [09:57<02:15, 2.53MB/s] 78%|#######7  | 1.20G/1.54G [09:57<02:28, 2.30MB/s] 78%|#######7  | 1.20G/1.54G [09:58<02:25, 2.35MB/s] 78%|#######7  | 1.20G/1.54G [09:58<02:20, 2.44MB/s] 78%|#######7  | 1.20G/1.54G [09:58<02:22, 2.40MB/s] 78%|#######7  | 1.20G/1.54G [09:58<02:06, 2.69MB/s] 78%|#######7  | 1.20G/1.54G [09:58<02:25, 2.34MB/s] 78%|#######7  | 1.20G/1.54G [09:58<02:43, 2.08MB/s] 78%|#######7  | 1.20G/1.54G [09:58<02:30, 2.26MB/s] 78%|#######7  | 1.20G/1.54G [09:59<02:20, 2.42MB/s] 78%|#######7  | 1.20G/1.54G [09:59<02:17, 2.47MB/s] 78%|#######7  | 1.20G/1.54G [09:59<02:31, 2.24MB/s] 78%|#######7  | 1.20G/1.54G [09:59<02:26, 2.32MB/s] 78%|#######8  | 1.20G/1.54G [09:59<02:26, 2.32MB/s] 78%|#######8  | 1.20G/1.54G [09:59<02:21, 2.40MB/s] 78%|#######8  | 1.20G/1.54G [09:59<02:08, 2.64MB/s] 78%|#######8  | 1.20G/1.54G [09:59<02:32, 2.22MB/s] 78%|#######8  | 1.20G/1.54G [09:59<02:21, 2.39MB/s] 78%|#######8  | 1.20G/1.54G [10:00<02:05, 2.68MB/s] 78%|#######8  | 1.20G/1.54G [10:00<02:23, 2.34MB/s] 78%|#######8  | 1.20G/1.54G [10:00<02:11, 2.56MB/s] 78%|#######8  | 1.20G/1.54G [10:00<01:59, 2.81MB/s] 78%|#######8  | 1.20G/1.54G [10:00<02:17, 2.45MB/s] 78%|#######8  | 1.21G/1.54G [10:00<02:37, 2.14MB/s] 78%|#######8  | 1.21G/1.54G [10:00<02:20, 2.38MB/s] 78%|#######8  | 1.21G/1.54G [10:01<02:40, 2.09MB/s] 78%|#######8  | 1.21G/1.54G [10:01<02:30, 2.22MB/s] 78%|#######8  | 1.21G/1.54G [10:01<02:26, 2.29MB/s] 78%|#######8  | 1.21G/1.54G [10:01<02:25, 2.30MB/s] 78%|#######8  | 1.21G/1.54G [10:01<02:37, 2.12MB/s] 78%|#######8  | 1.21G/1.54G [10:01<02:29, 2.24MB/s] 78%|#######8  | 1.21G/1.54G [10:01<02:22, 2.34MB/s] 78%|#######8  | 1.21G/1.54G [10:01<02:31, 2.20MB/s] 78%|#######8  | 1.21G/1.54G [10:02<02:21, 2.36MB/s] 78%|#######8  | 1.21G/1.54G [10:02<02:16, 2.43MB/s] 78%|#######8  | 1.21G/1.54G [10:02<02:18, 2.41MB/s] 78%|#######8  | 1.21G/1.54G [10:02<02:21, 2.35MB/s] 78%|#######8  | 1.21G/1.54G [10:02<03:33, 1.56MB/s] 78%|#######8  | 1.21G/1.54G [10:02<03:33, 1.56MB/s] 78%|#######8  | 1.21G/1.54G [10:03<04:11, 1.32MB/s] 79%|#######8  | 1.21G/1.54G [10:03<05:46, 956kB/s]  79%|#######8  | 1.21G/1.54G [10:03<05:08, 1.07MB/s] 79%|#######8  | 1.21G/1.54G [10:03<05:43, 964kB/s]  79%|#######8  | 1.21G/1.54G [10:03<05:38, 976kB/s] 79%|#######8  | 1.21G/1.54G [10:04<06:29, 848kB/s] 79%|#######8  | 1.21G/1.54G [10:04<06:34, 839kB/s] 79%|#######8  | 1.21G/1.54G [10:04<07:54, 696kB/s] 79%|#######8  | 1.21G/1.54G [10:04<07:37, 722kB/s] 79%|#######8  | 1.21G/1.54G [10:04<07:50, 702kB/s] 79%|#######8  | 1.21G/1.54G [10:04<08:15, 666kB/s] 79%|#######8  | 1.21G/1.54G [10:05<07:55, 694kB/s] 79%|#######8  | 1.21G/1.54G [10:05<08:10, 673kB/s] 79%|#######8  | 1.21G/1.54G [10:05<07:42, 713kB/s] 79%|#######8  | 1.21G/1.54G [10:05<07:59, 687kB/s] 79%|#######8  | 1.21G/1.54G [10:05<08:12, 669kB/s] 79%|#######8  | 1.21G/1.54G [10:06<07:24, 741kB/s] 79%|#######8  | 1.21G/1.54G [10:06<06:56, 790kB/s] 79%|#######8  | 1.21G/1.54G [10:06<06:38, 825kB/s] 79%|#######8  | 1.21G/1.54G [10:06<06:23, 858kB/s] 79%|#######8  | 1.21G/1.54G [10:06<06:11, 885kB/s] 79%|#######8  | 1.21G/1.54G [10:06<06:02, 907kB/s] 79%|#######8  | 1.21G/1.54G [10:07<05:35, 977kB/s] 79%|#######8  | 1.21G/1.54G [10:07<05:34, 981kB/s] 79%|#######8  | 1.21G/1.54G [10:07<05:26, 1.01MB/s] 79%|#######8  | 1.21G/1.54G [10:07<05:33, 984kB/s]  79%|#######8  | 1.21G/1.54G [10:07<05:18, 1.03MB/s] 79%|#######8  | 1.21G/1.54G [10:07<05:28, 996kB/s]  79%|#######8  | 1.21G/1.54G [10:07<05:13, 1.04MB/s] 79%|#######8  | 1.21G/1.54G [10:08<05:12, 1.05MB/s] 79%|#######8  | 1.21G/1.54G [10:08<04:54, 1.11MB/s] 79%|#######8  | 1.21G/1.54G [10:08<05:10, 1.05MB/s] 79%|#######8  | 1.21G/1.54G [10:08<05:03, 1.08MB/s] 79%|#######8  | 1.21G/1.54G [10:08<04:55, 1.10MB/s] 79%|#######8  | 1.21G/1.54G [10:08<04:51, 1.12MB/s] 79%|#######8  | 1.21G/1.54G [10:08<04:38, 1.17MB/s] 79%|#######8  | 1.21G/1.54G [10:08<04:49, 1.13MB/s] 79%|#######8  | 1.21G/1.54G [10:08<04:43, 1.15MB/s] 79%|#######8  | 1.21G/1.54G [10:09<04:43, 1.15MB/s] 79%|#######8  | 1.21G/1.54G [10:09<04:42, 1.15MB/s] 79%|#######8  | 1.21G/1.54G [10:09<04:43, 1.15MB/s] 79%|#######8  | 1.22G/1.54G [10:09<04:28, 1.21MB/s] 79%|#######8  | 1.22G/1.54G [10:09<04:29, 1.21MB/s] 79%|#######8  | 1.22G/1.54G [10:09<04:19, 1.25MB/s] 79%|#######8  | 1.22G/1.54G [10:09<04:24, 1.23MB/s] 79%|#######8  | 1.22G/1.54G [10:10<04:13, 1.28MB/s] 79%|#######8  | 1.22G/1.54G [10:10<04:20, 1.25MB/s] 79%|#######8  | 1.22G/1.54G [10:10<04:07, 1.31MB/s] 79%|#######8  | 1.22G/1.54G [10:10<03:58, 1.36MB/s] 79%|#######8  | 1.22G/1.54G [10:10<04:10, 1.29MB/s] 79%|#######8  | 1.22G/1.54G [10:10<03:56, 1.37MB/s] 79%|#######8  | 1.22G/1.54G [10:10<04:08, 1.31MB/s] 79%|#######8  | 1.22G/1.54G [10:10<03:59, 1.35MB/s] 79%|#######8  | 1.22G/1.54G [10:10<03:47, 1.42MB/s] 79%|#######9  | 1.22G/1.54G [10:11<04:02, 1.34MB/s] 79%|#######9  | 1.22G/1.54G [10:11<03:49, 1.41MB/s] 79%|#######9  | 1.22G/1.54G [10:11<03:58, 1.35MB/s] 79%|#######9  | 1.22G/1.54G [10:11<03:47, 1.42MB/s] 79%|#######9  | 1.22G/1.54G [10:11<03:43, 1.45MB/s] 79%|#######9  | 1.22G/1.54G [10:11<03:45, 1.43MB/s] 79%|#######9  | 1.22G/1.54G [10:11<03:34, 1.50MB/s] 79%|#######9  | 1.22G/1.54G [10:11<03:33, 1.51MB/s] 79%|#######9  | 1.22G/1.54G [10:12<03:17, 1.63MB/s] 79%|#######9  | 1.22G/1.54G [10:12<03:16, 1.64MB/s] 79%|#######9  | 1.22G/1.54G [10:12<03:12, 1.67MB/s] 79%|#######9  | 1.22G/1.54G [10:12<03:11, 1.68MB/s] 79%|#######9  | 1.22G/1.54G [10:12<03:03, 1.75MB/s] 79%|#######9  | 1.22G/1.54G [10:12<02:51, 1.87MB/s] 79%|#######9  | 1.22G/1.54G [10:12<02:51, 1.87MB/s] 79%|#######9  | 1.22G/1.54G [10:12<02:47, 1.91MB/s] 79%|#######9  | 1.22G/1.54G [10:12<02:46, 1.93MB/s] 79%|#######9  | 1.22G/1.54G [10:13<02:28, 2.15MB/s] 79%|#######9  | 1.22G/1.54G [10:13<02:26, 2.18MB/s] 79%|#######9  | 1.22G/1.54G [10:13<02:41, 1.98MB/s] 79%|#######9  | 1.22G/1.54G [10:13<02:23, 2.23MB/s] 79%|#######9  | 1.22G/1.54G [10:13<02:24, 2.21MB/s] 79%|#######9  | 1.22G/1.54G [10:13<02:28, 2.14MB/s] 79%|#######9  | 1.22G/1.54G [10:13<02:17, 2.32MB/s] 79%|#######9  | 1.22G/1.54G [10:13<02:13, 2.39MB/s] 79%|#######9  | 1.22G/1.54G [10:14<01:53, 2.79MB/s] 79%|#######9  | 1.22G/1.54G [10:14<02:45, 1.91MB/s] 79%|#######9  | 1.22G/1.54G [10:14<02:32, 2.08MB/s] 79%|#######9  | 1.22G/1.54G [10:14<02:37, 2.02MB/s] 79%|#######9  | 1.22G/1.54G [10:14<02:27, 2.14MB/s] 79%|#######9  | 1.22G/1.54G [10:14<02:20, 2.25MB/s] 79%|#######9  | 1.22G/1.54G [10:14<02:32, 2.08MB/s] 80%|#######9  | 1.22G/1.54G [10:15<02:14, 2.35MB/s] 80%|#######9  | 1.23G/1.54G [10:15<02:24, 2.18MB/s] 80%|#######9  | 1.23G/1.54G [10:15<02:25, 2.17MB/s] 80%|#######9  | 1.23G/1.54G [10:15<02:29, 2.10MB/s] 80%|#######9  | 1.23G/1.54G [10:15<02:12, 2.37MB/s] 80%|#######9  | 1.23G/1.54G [10:15<02:20, 2.24MB/s] 80%|#######9  | 1.23G/1.54G [10:15<02:06, 2.48MB/s] 80%|#######9  | 1.23G/1.54G [10:15<02:10, 2.41MB/s] 80%|#######9  | 1.23G/1.54G [10:16<02:22, 2.19MB/s] 80%|#######9  | 1.23G/1.54G [10:16<02:07, 2.46MB/s] 80%|#######9  | 1.23G/1.54G [10:16<02:14, 2.32MB/s] 80%|#######9  | 1.23G/1.54G [10:16<02:10, 2.40MB/s] 80%|#######9  | 1.23G/1.54G [10:16<02:03, 2.52MB/s] 80%|#######9  | 1.23G/1.54G [10:16<02:10, 2.39MB/s] 80%|#######9  | 1.23G/1.54G [10:16<02:03, 2.52MB/s] 80%|#######9  | 1.23G/1.54G [10:16<01:55, 2.70MB/s] 80%|#######9  | 1.23G/1.54G [10:17<02:02, 2.53MB/s] 80%|#######9  | 1.23G/1.54G [10:17<02:04, 2.49MB/s] 80%|#######9  | 1.23G/1.54G [10:17<02:30, 2.06MB/s] 80%|#######9  | 1.23G/1.54G [10:17<02:24, 2.15MB/s] 80%|#######9  | 1.23G/1.54G [10:17<02:23, 2.15MB/s] 80%|#######9  | 1.23G/1.54G [10:17<02:17, 2.24MB/s] 80%|#######9  | 1.23G/1.54G [10:18<02:21, 2.18MB/s] 80%|#######9  | 1.23G/1.54G [10:18<02:20, 2.19MB/s] 80%|########  | 1.23G/1.54G [10:18<02:11, 2.34MB/s] 80%|########  | 1.23G/1.54G [10:18<02:18, 2.22MB/s] 80%|########  | 1.23G/1.54G [10:18<02:19, 2.20MB/s] 80%|########  | 1.23G/1.54G [10:18<02:11, 2.34MB/s] 80%|########  | 1.23G/1.54G [10:18<02:15, 2.27MB/s] 80%|########  | 1.23G/1.54G [10:18<02:14, 2.29MB/s] 80%|########  | 1.23G/1.54G [10:19<02:16, 2.24MB/s] 80%|########  | 1.23G/1.54G [10:19<02:02, 2.50MB/s] 80%|########  | 1.23G/1.54G [10:19<02:08, 2.38MB/s] 80%|########  | 1.24G/1.54G [10:19<02:18, 2.21MB/s] 80%|########  | 1.24G/1.54G [10:19<02:03, 2.48MB/s] 80%|########  | 1.24G/1.54G [10:19<02:04, 2.45MB/s] 80%|########  | 1.24G/1.54G [10:19<02:16, 2.23MB/s] 80%|########  | 1.24G/1.54G [10:19<02:10, 2.33MB/s] 80%|########  | 1.24G/1.54G [10:20<02:10, 2.32MB/s] 80%|########  | 1.24G/1.54G [10:20<02:09, 2.35MB/s] 80%|########  | 1.24G/1.54G [10:20<02:13, 2.28MB/s] 80%|########  | 1.24G/1.54G [10:20<02:05, 2.42MB/s] 80%|########  | 1.24G/1.54G [10:20<02:13, 2.28MB/s] 80%|########  | 1.24G/1.54G [10:20<02:48, 1.80MB/s] 80%|########  | 1.24G/1.54G [10:20<02:28, 2.03MB/s] 80%|########  | 1.24G/1.54G [10:21<02:25, 2.07MB/s] 80%|########  | 1.24G/1.54G [10:21<02:15, 2.23MB/s] 80%|########  | 1.24G/1.54G [10:21<02:10, 2.31MB/s] 80%|########  | 1.24G/1.54G [10:21<01:59, 2.52MB/s] 80%|########  | 1.24G/1.54G [10:21<02:12, 2.27MB/s] 81%|########  | 1.24G/1.54G [10:21<01:56, 2.58MB/s] 81%|########  | 1.24G/1.54G [10:21<02:06, 2.37MB/s] 81%|########  | 1.24G/1.54G [10:21<02:00, 2.49MB/s] 81%|########  | 1.24G/1.54G [10:22<02:07, 2.35MB/s] 81%|########  | 1.24G/1.54G [10:22<01:58, 2.53MB/s] 81%|########  | 1.24G/1.54G [10:22<02:10, 2.30MB/s] 81%|########  | 1.24G/1.54G [10:22<02:00, 2.47MB/s] 81%|########  | 1.24G/1.54G [10:22<02:11, 2.27MB/s] 81%|########  | 1.24G/1.54G [10:22<02:03, 2.40MB/s] 81%|########  | 1.24G/1.54G [10:22<02:14, 2.21MB/s] 81%|########  | 1.24G/1.54G [10:23<04:20, 1.14MB/s] 81%|########  | 1.24G/1.54G [10:23<03:58, 1.25MB/s] 81%|########  | 1.24G/1.54G [10:23<03:26, 1.44MB/s] 81%|########  | 1.24G/1.54G [10:23<03:07, 1.58MB/s] 81%|########  | 1.24G/1.54G [10:24<02:34, 1.91MB/s] 81%|########  | 1.24G/1.54G [10:24<02:40, 1.84MB/s] 81%|########  | 1.25G/1.54G [10:24<02:33, 1.92MB/s] 81%|########  | 1.25G/1.54G [10:24<02:26, 2.01MB/s] 81%|########  | 1.25G/1.54G [10:24<02:17, 2.14MB/s] 81%|########  | 1.25G/1.54G [10:24<01:51, 2.63MB/s] 81%|########  | 1.25G/1.54G [10:24<02:13, 2.21MB/s] 81%|########  | 1.25G/1.54G [10:25<02:24, 2.03MB/s] 81%|########  | 1.25G/1.54G [10:25<02:36, 1.88MB/s] 81%|########  | 1.25G/1.54G [10:25<02:25, 2.02MB/s] 81%|########  | 1.25G/1.54G [10:25<02:30, 1.94MB/s] 81%|########  | 1.25G/1.54G [10:25<02:16, 2.14MB/s] 81%|########1 | 1.25G/1.54G [10:25<02:19, 2.09MB/s] 81%|########1 | 1.25G/1.54G [10:25<02:16, 2.14MB/s] 81%|########1 | 1.25G/1.54G [10:25<02:18, 2.12MB/s] 81%|########1 | 1.25G/1.54G [10:26<02:10, 2.24MB/s] 81%|########1 | 1.25G/1.54G [10:26<02:12, 2.20MB/s] 81%|########1 | 1.25G/1.54G [10:26<02:09, 2.25MB/s] 81%|########1 | 1.25G/1.54G [10:26<02:07, 2.28MB/s] 81%|########1 | 1.25G/1.54G [10:26<02:07, 2.28MB/s] 81%|########1 | 1.25G/1.54G [10:26<02:13, 2.18MB/s] 81%|########1 | 1.25G/1.54G [10:26<02:06, 2.29MB/s] 81%|########1 | 1.25G/1.54G [10:26<01:58, 2.44MB/s] 81%|########1 | 1.25G/1.54G [10:27<02:12, 2.18MB/s] 81%|########1 | 1.25G/1.54G [10:27<01:59, 2.42MB/s] 81%|########1 | 1.25G/1.54G [10:27<02:11, 2.19MB/s] 81%|########1 | 1.25G/1.54G [10:27<02:07, 2.26MB/s] 81%|########1 | 1.25G/1.54G [10:27<02:00, 2.39MB/s] 81%|########1 | 1.25G/1.54G [10:27<02:01, 2.37MB/s] 81%|########1 | 1.25G/1.54G [10:27<02:01, 2.36MB/s] 81%|########1 | 1.25G/1.54G [10:27<01:57, 2.45MB/s] 81%|########1 | 1.25G/1.54G [10:27<01:59, 2.40MB/s] 81%|########1 | 1.25G/1.54G [10:28<02:08, 2.24MB/s] 81%|########1 | 1.25G/1.54G [10:28<01:54, 2.51MB/s] 81%|########1 | 1.25G/1.54G [10:28<02:10, 2.19MB/s] 81%|########1 | 1.25G/1.54G [10:28<02:03, 2.32MB/s] 81%|########1 | 1.26G/1.54G [10:28<01:56, 2.44MB/s] 81%|########1 | 1.26G/1.54G [10:28<01:58, 2.40MB/s] 81%|########1 | 1.26G/1.54G [10:28<01:52, 2.54MB/s] 82%|########1 | 1.26G/1.54G [10:28<01:47, 2.65MB/s] 82%|########1 | 1.26G/1.54G [10:29<01:44, 2.73MB/s] 82%|########1 | 1.26G/1.54G [10:29<02:03, 2.30MB/s] 82%|########1 | 1.26G/1.54G [10:29<01:58, 2.40MB/s] 82%|########1 | 1.26G/1.54G [10:29<01:52, 2.51MB/s] 82%|########1 | 1.26G/1.54G [10:29<01:48, 2.61MB/s] 82%|########1 | 1.26G/1.54G [10:29<01:47, 2.63MB/s] 82%|########1 | 1.26G/1.54G [10:29<01:45, 2.69MB/s] 82%|########1 | 1.26G/1.54G [10:29<01:51, 2.52MB/s] 82%|########1 | 1.26G/1.54G [10:30<01:50, 2.55MB/s] 82%|########1 | 1.26G/1.54G [10:30<01:55, 2.43MB/s] 82%|########1 | 1.26G/1.54G [10:30<01:55, 2.44MB/s] 82%|########1 | 1.26G/1.54G [10:30<01:53, 2.47MB/s] 82%|########1 | 1.26G/1.54G [10:30<01:56, 2.41MB/s] 82%|########1 | 1.26G/1.54G [10:30<02:17, 2.05MB/s] 82%|########1 | 1.26G/1.54G [10:30<02:08, 2.18MB/s] 82%|########1 | 1.26G/1.54G [10:31<02:01, 2.31MB/s] 82%|########1 | 1.26G/1.54G [10:31<02:11, 2.12MB/s] 82%|########1 | 1.26G/1.54G [10:31<02:09, 2.15MB/s] 82%|########1 | 1.26G/1.54G [10:31<02:18, 2.02MB/s] 82%|########1 | 1.26G/1.54G [10:31<02:13, 2.08MB/s] 82%|########1 | 1.26G/1.54G [10:31<02:10, 2.14MB/s] 82%|########1 | 1.26G/1.54G [10:31<02:11, 2.12MB/s] 82%|########1 | 1.26G/1.54G [10:31<02:02, 2.27MB/s] 82%|########1 | 1.26G/1.54G [10:32<02:03, 2.25MB/s] 82%|########2 | 1.26G/1.54G [10:32<02:08, 2.16MB/s] 82%|########2 | 1.26G/1.54G [10:32<02:06, 2.19MB/s] 82%|########2 | 1.26G/1.54G [10:32<02:15, 2.04MB/s] 82%|########2 | 1.26G/1.54G [10:32<01:55, 2.40MB/s] 82%|########2 | 1.26G/1.54G [10:32<01:54, 2.41MB/s] 82%|########2 | 1.26G/1.54G [10:32<02:10, 2.11MB/s] 82%|########2 | 1.27G/1.54G [10:32<02:10, 2.11MB/s] 82%|########2 | 1.27G/1.54G [10:33<01:55, 2.39MB/s] 82%|########2 | 1.27G/1.54G [10:33<01:59, 2.30MB/s] 82%|########2 | 1.27G/1.54G [10:33<02:07, 2.15MB/s] 82%|########2 | 1.27G/1.54G [10:33<01:56, 2.35MB/s] 82%|########2 | 1.27G/1.54G [10:33<02:05, 2.18MB/s] 82%|########2 | 1.27G/1.54G [10:33<01:52, 2.43MB/s] 82%|########2 | 1.27G/1.54G [10:33<02:10, 2.09MB/s] 82%|########2 | 1.27G/1.54G [10:33<02:03, 2.21MB/s] 82%|########2 | 1.27G/1.54G [10:34<01:46, 2.56MB/s] 82%|########2 | 1.27G/1.54G [10:34<02:02, 2.22MB/s] 82%|########2 | 1.27G/1.54G [10:34<01:54, 2.38MB/s] 82%|########2 | 1.27G/1.54G [10:34<01:44, 2.60MB/s] 82%|########2 | 1.27G/1.54G [10:34<01:48, 2.50MB/s] 82%|########2 | 1.27G/1.54G [10:34<01:53, 2.39MB/s] 82%|########2 | 1.27G/1.54G [10:34<01:48, 2.50MB/s] 82%|########2 | 1.27G/1.54G [10:34<01:40, 2.69MB/s] 82%|########2 | 1.27G/1.54G [10:35<01:59, 2.26MB/s] 82%|########2 | 1.27G/1.54G [10:35<02:14, 2.01MB/s] 82%|########2 | 1.27G/1.54G [10:35<01:50, 2.45MB/s] 83%|########2 | 1.27G/1.54G [10:35<02:04, 2.16MB/s] 83%|########2 | 1.27G/1.54G [10:35<02:16, 1.97MB/s] 83%|########2 | 1.27G/1.54G [10:35<02:08, 2.10MB/s] 83%|########2 | 1.27G/1.54G [10:35<02:13, 2.02MB/s] 83%|########2 | 1.27G/1.54G [10:36<02:09, 2.08MB/s] 83%|########2 | 1.27G/1.54G [10:36<02:07, 2.11MB/s] 83%|########2 | 1.27G/1.54G [10:36<02:11, 2.03MB/s] 83%|########2 | 1.27G/1.54G [10:36<02:12, 2.02MB/s] 83%|########2 | 1.27G/1.54G [10:36<02:13, 2.00MB/s] 83%|########2 | 1.27G/1.54G [10:36<02:09, 2.07MB/s] 83%|########2 | 1.27G/1.54G [10:36<02:08, 2.07MB/s] 83%|########2 | 1.27G/1.54G [10:36<01:59, 2.23MB/s] 83%|########2 | 1.27G/1.54G [10:37<01:55, 2.31MB/s] 83%|########2 | 1.27G/1.54G [10:37<02:08, 2.07MB/s] 83%|########2 | 1.27G/1.54G [10:37<02:06, 2.10MB/s] 83%|########2 | 1.28G/1.54G [10:37<01:50, 2.40MB/s] 83%|########2 | 1.28G/1.54G [10:37<01:48, 2.46MB/s] 83%|########2 | 1.28G/1.54G [10:37<01:55, 2.29MB/s] 83%|########2 | 1.28G/1.54G [10:37<02:00, 2.20MB/s] 83%|########2 | 1.28G/1.54G [10:37<01:51, 2.36MB/s] 83%|########2 | 1.28G/1.54G [10:38<01:53, 2.34MB/s] 83%|########2 | 1.28G/1.54G [10:38<01:46, 2.48MB/s] 83%|########2 | 1.28G/1.54G [10:38<01:39, 2.65MB/s] 83%|########2 | 1.28G/1.54G [10:38<01:53, 2.33MB/s] 83%|########2 | 1.28G/1.54G [10:38<01:55, 2.28MB/s] 83%|########2 | 1.28G/1.54G [10:38<01:54, 2.30MB/s] 83%|########2 | 1.28G/1.54G [10:38<01:42, 2.55MB/s] 83%|########3 | 1.28G/1.54G [10:39<01:55, 2.27MB/s] 83%|########3 | 1.28G/1.54G [10:39<01:48, 2.41MB/s] 83%|########3 | 1.28G/1.54G [10:39<01:51, 2.34MB/s] 83%|########3 | 1.28G/1.54G [10:39<01:43, 2.52MB/s] 83%|########3 | 1.28G/1.54G [10:39<01:44, 2.50MB/s] 83%|########3 | 1.28G/1.54G [10:39<01:48, 2.41MB/s] 83%|########3 | 1.28G/1.54G [10:39<01:45, 2.46MB/s] 83%|########3 | 1.28G/1.54G [10:39<01:44, 2.48MB/s] 83%|########3 | 1.28G/1.54G [10:39<01:45, 2.45MB/s] 83%|########3 | 1.28G/1.54G [10:40<01:43, 2.50MB/s] 83%|########3 | 1.28G/1.54G [10:40<01:38, 2.62MB/s] 83%|########3 | 1.28G/1.54G [10:40<01:51, 2.31MB/s] 83%|########3 | 1.28G/1.54G [10:40<01:48, 2.39MB/s] 83%|########3 | 1.28G/1.54G [10:40<01:45, 2.45MB/s] 83%|########3 | 1.28G/1.54G [10:40<01:44, 2.47MB/s] 83%|########3 | 1.28G/1.54G [10:40<01:47, 2.40MB/s] 83%|########3 | 1.28G/1.54G [10:40<01:57, 2.19MB/s] 83%|########3 | 1.28G/1.54G [10:41<01:59, 2.16MB/s] 83%|########3 | 1.28G/1.54G [10:41<01:48, 2.37MB/s] 83%|########3 | 1.28G/1.54G [10:41<01:46, 2.40MB/s] 83%|########3 | 1.28G/1.54G [10:41<01:50, 2.33MB/s] 83%|########3 | 1.29G/1.54G [10:41<01:47, 2.39MB/s] 83%|########3 | 1.29G/1.54G [10:41<01:47, 2.37MB/s] 83%|########3 | 1.29G/1.54G [10:41<01:33, 2.73MB/s] 83%|########3 | 1.29G/1.54G [10:42<01:45, 2.42MB/s] 83%|########3 | 1.29G/1.54G [10:42<01:45, 2.41MB/s] 84%|########3 | 1.29G/1.54G [10:42<01:46, 2.39MB/s] 84%|########3 | 1.29G/1.54G [10:42<01:47, 2.36MB/s] 84%|########3 | 1.29G/1.54G [10:42<01:38, 2.58MB/s] 84%|########3 | 1.29G/1.54G [10:42<01:34, 2.67MB/s] 84%|########3 | 1.29G/1.54G [10:42<01:51, 2.27MB/s] 84%|########3 | 1.29G/1.54G [10:42<02:06, 1.99MB/s] 84%|########3 | 1.29G/1.54G [10:43<02:05, 2.01MB/s] 84%|########3 | 1.29G/1.54G [10:43<02:03, 2.04MB/s] 84%|########3 | 1.29G/1.54G [10:43<02:00, 2.08MB/s] 84%|########3 | 1.29G/1.54G [10:43<01:50, 2.28MB/s] 84%|########3 | 1.29G/1.54G [10:43<01:58, 2.11MB/s] 84%|########3 | 1.29G/1.54G [10:43<02:02, 2.05MB/s] 84%|########3 | 1.29G/1.54G [10:43<01:55, 2.18MB/s] 84%|########3 | 1.29G/1.54G [10:44<02:04, 2.01MB/s] 84%|########3 | 1.29G/1.54G [10:44<01:51, 2.25MB/s] 84%|########3 | 1.29G/1.54G [10:44<01:52, 2.23MB/s] 84%|########3 | 1.29G/1.54G [10:44<01:43, 2.40MB/s] 84%|########3 | 1.29G/1.54G [10:44<01:41, 2.44MB/s] 84%|########3 | 1.29G/1.54G [10:44<01:46, 2.33MB/s] 84%|########3 | 1.29G/1.54G [10:44<01:44, 2.37MB/s] 84%|########3 | 1.29G/1.54G [10:44<01:46, 2.34MB/s] 84%|########3 | 1.29G/1.54G [10:44<01:41, 2.45MB/s] 84%|########3 | 1.29G/1.54G [10:45<01:36, 2.56MB/s] 84%|########3 | 1.29G/1.54G [10:45<01:43, 2.39MB/s] 84%|########3 | 1.29G/1.54G [10:45<01:46, 2.32MB/s] 84%|########3 | 1.29G/1.54G [10:45<01:36, 2.55MB/s] 84%|########4 | 1.29G/1.54G [10:45<01:43, 2.37MB/s] 84%|########4 | 1.29G/1.54G [10:45<01:32, 2.65MB/s] 84%|########4 | 1.30G/1.54G [10:45<01:44, 2.34MB/s] 84%|########4 | 1.30G/1.54G [10:46<01:42, 2.40MB/s] 84%|########4 | 1.30G/1.54G [10:46<01:40, 2.44MB/s] 84%|########4 | 1.30G/1.54G [10:46<01:46, 2.29MB/s] 84%|########4 | 1.30G/1.54G [10:46<01:44, 2.33MB/s] 84%|########4 | 1.30G/1.54G [10:46<01:50, 2.22MB/s] 84%|########4 | 1.30G/1.54G [10:46<01:44, 2.34MB/s] 84%|########4 | 1.30G/1.54G [10:46<01:41, 2.39MB/s] 84%|########4 | 1.30G/1.54G [10:46<01:39, 2.44MB/s] 84%|########4 | 1.30G/1.54G [10:47<01:40, 2.41MB/s] 84%|########4 | 1.30G/1.54G [10:47<01:29, 2.70MB/s] 84%|########4 | 1.30G/1.54G [10:47<01:45, 2.31MB/s] 84%|########4 | 1.30G/1.54G [10:47<01:36, 2.52MB/s] 84%|########4 | 1.30G/1.54G [10:47<01:26, 2.79MB/s] 84%|########4 | 1.30G/1.54G [10:47<01:43, 2.34MB/s] 84%|########4 | 1.30G/1.54G [10:47<01:40, 2.39MB/s] 84%|########4 | 1.30G/1.54G [10:47<01:39, 2.43MB/s] 84%|########4 | 1.30G/1.54G [10:47<01:37, 2.47MB/s] 84%|########4 | 1.30G/1.54G [10:48<01:36, 2.49MB/s] 84%|########4 | 1.30G/1.54G [10:48<01:39, 2.42MB/s] 84%|########4 | 1.30G/1.54G [10:48<01:44, 2.30MB/s] 84%|########4 | 1.30G/1.54G [10:48<01:35, 2.52MB/s] 84%|########4 | 1.30G/1.54G [10:48<01:47, 2.22MB/s] 84%|########4 | 1.30G/1.54G [10:48<01:40, 2.39MB/s] 85%|########4 | 1.30G/1.54G [10:48<01:57, 2.03MB/s] 85%|########4 | 1.30G/1.54G [10:49<02:09, 1.84MB/s] 85%|########4 | 1.30G/1.54G [10:49<01:55, 2.06MB/s] 85%|########4 | 1.30G/1.54G [10:49<02:07, 1.86MB/s] 85%|########4 | 1.30G/1.54G [10:49<02:01, 1.95MB/s] 85%|########4 | 1.30G/1.54G [10:49<01:57, 2.01MB/s] 85%|########4 | 1.30G/1.54G [10:49<01:54, 2.06MB/s] 85%|########4 | 1.30G/1.54G [10:49<01:47, 2.19MB/s] 85%|########4 | 1.30G/1.54G [10:50<02:24, 1.64MB/s] 85%|########4 | 1.30G/1.54G [10:50<02:11, 1.79MB/s] 85%|########4 | 1.30G/1.54G [10:50<01:57, 2.02MB/s] 85%|########4 | 1.31G/1.54G [10:50<01:58, 1.98MB/s] 85%|########4 | 1.31G/1.54G [10:50<01:48, 2.16MB/s] 85%|########4 | 1.31G/1.54G [10:50<01:45, 2.23MB/s] 85%|########4 | 1.31G/1.54G [10:50<01:42, 2.30MB/s] 85%|########4 | 1.31G/1.54G [10:50<01:46, 2.19MB/s] 85%|########4 | 1.31G/1.54G [10:51<01:38, 2.38MB/s] 85%|########4 | 1.31G/1.54G [10:51<01:41, 2.31MB/s] 85%|########4 | 1.31G/1.54G [10:51<01:32, 2.53MB/s] 85%|########4 | 1.31G/1.54G [10:51<01:31, 2.55MB/s] 85%|########4 | 1.31G/1.54G [10:52<03:17, 1.18MB/s] 85%|########4 | 1.31G/1.54G [10:52<02:47, 1.39MB/s] 85%|########4 | 1.31G/1.54G [10:52<02:42, 1.43MB/s] 85%|########4 | 1.31G/1.54G [10:52<02:22, 1.63MB/s] 85%|########4 | 1.31G/1.54G [10:52<01:58, 1.95MB/s] 85%|########4 | 1.31G/1.54G [10:52<02:01, 1.91MB/s] 85%|########5 | 1.31G/1.54G [10:52<01:48, 2.13MB/s] 85%|########5 | 1.31G/1.54G [10:52<01:36, 2.39MB/s] 85%|########5 | 1.31G/1.54G [10:53<02:12, 1.74MB/s] 85%|########5 | 1.31G/1.54G [10:53<01:52, 2.04MB/s] 85%|########5 | 1.31G/1.54G [10:53<01:52, 2.04MB/s] 85%|########5 | 1.31G/1.54G [10:53<01:53, 2.03MB/s] 85%|########5 | 1.31G/1.54G [10:53<01:48, 2.10MB/s] 85%|########5 | 1.31G/1.54G [10:53<01:50, 2.08MB/s] 85%|########5 | 1.31G/1.54G [10:54<01:41, 2.25MB/s] 85%|########5 | 1.31G/1.54G [10:54<01:48, 2.10MB/s] 85%|########5 | 1.31G/1.54G [10:54<01:43, 2.21MB/s] 85%|########5 | 1.31G/1.54G [10:54<01:44, 2.18MB/s] 85%|########5 | 1.31G/1.54G [10:54<01:39, 2.28MB/s] 85%|########5 | 1.31G/1.54G [10:54<01:37, 2.32MB/s] 85%|########5 | 1.31G/1.54G [10:54<01:41, 2.22MB/s] 85%|########5 | 1.31G/1.54G [10:54<01:28, 2.55MB/s] 85%|########5 | 1.31G/1.54G [10:55<01:46, 2.13MB/s] 85%|########5 | 1.32G/1.54G [10:55<01:35, 2.38MB/s] 85%|########5 | 1.32G/1.54G [10:55<01:40, 2.25MB/s] 85%|########5 | 1.32G/1.54G [10:55<01:39, 2.27MB/s] 85%|########5 | 1.32G/1.54G [10:55<01:30, 2.48MB/s] 85%|########5 | 1.32G/1.54G [10:55<02:16, 1.64MB/s] 85%|########5 | 1.32G/1.54G [10:56<02:03, 1.82MB/s] 85%|########5 | 1.32G/1.54G [10:56<01:58, 1.90MB/s] 85%|########5 | 1.32G/1.54G [10:56<02:12, 1.69MB/s] 86%|########5 | 1.32G/1.54G [10:56<01:42, 2.17MB/s] 86%|########5 | 1.32G/1.54G [10:56<01:53, 1.97MB/s] 86%|########5 | 1.32G/1.54G [10:56<01:55, 1.93MB/s] 86%|########5 | 1.32G/1.54G [10:56<01:51, 2.00MB/s] 86%|########5 | 1.32G/1.54G [10:57<01:55, 1.92MB/s] 86%|########5 | 1.32G/1.54G [10:57<01:54, 1.93MB/s] 86%|########5 | 1.32G/1.54G [10:57<01:48, 2.05MB/s] 86%|########5 | 1.32G/1.54G [10:57<01:49, 2.02MB/s] 86%|########5 | 1.32G/1.54G [10:57<01:52, 1.97MB/s] 86%|########5 | 1.32G/1.54G [10:57<01:43, 2.13MB/s] 86%|########5 | 1.32G/1.54G [10:57<01:39, 2.22MB/s] 86%|########5 | 1.32G/1.54G [10:57<01:49, 2.01MB/s] 86%|########5 | 1.32G/1.54G [10:57<01:38, 2.25MB/s] 86%|########5 | 1.32G/1.54G [10:58<01:48, 2.02MB/s] 86%|########5 | 1.32G/1.54G [10:58<01:33, 2.36MB/s] 86%|########5 | 1.32G/1.54G [10:58<01:45, 2.07MB/s] 86%|########5 | 1.32G/1.54G [10:58<01:43, 2.12MB/s] 86%|########5 | 1.32G/1.54G [10:58<01:43, 2.11MB/s] 86%|########5 | 1.32G/1.54G [10:58<01:36, 2.27MB/s] 86%|########5 | 1.32G/1.54G [10:58<01:40, 2.18MB/s] 86%|########5 | 1.32G/1.54G [10:59<01:37, 2.23MB/s] 86%|########5 | 1.32G/1.54G [10:59<01:39, 2.19MB/s] 86%|########5 | 1.32G/1.54G [10:59<01:35, 2.28MB/s] 86%|########5 | 1.32G/1.54G [10:59<01:34, 2.29MB/s] 86%|########5 | 1.32G/1.54G [10:59<01:41, 2.14MB/s] 86%|########5 | 1.32G/1.54G [10:59<01:31, 2.37MB/s] 86%|########5 | 1.32G/1.54G [10:59<01:40, 2.14MB/s] 86%|########5 | 1.33G/1.54G [10:59<01:29, 2.40MB/s] 86%|########6 | 1.33G/1.54G [11:00<01:34, 2.27MB/s] 86%|########6 | 1.33G/1.54G [11:00<01:52, 1.91MB/s] 86%|########6 | 1.33G/1.54G [11:00<01:38, 2.18MB/s] 86%|########6 | 1.33G/1.54G [11:00<01:45, 2.03MB/s] 86%|########6 | 1.33G/1.54G [11:00<01:35, 2.23MB/s] 86%|########6 | 1.33G/1.54G [11:00<01:41, 2.11MB/s] 86%|########6 | 1.33G/1.54G [11:00<01:40, 2.13MB/s] 86%|########6 | 1.33G/1.54G [11:01<01:36, 2.21MB/s] 86%|########6 | 1.33G/1.54G [11:01<01:38, 2.16MB/s] 86%|########6 | 1.33G/1.54G [11:01<01:37, 2.18MB/s] 86%|########6 | 1.33G/1.54G [11:01<01:36, 2.20MB/s] 86%|########6 | 1.33G/1.54G [11:01<01:25, 2.47MB/s] 86%|########6 | 1.33G/1.54G [11:01<01:33, 2.26MB/s] 86%|########6 | 1.33G/1.54G [11:01<01:35, 2.21MB/s] 86%|########6 | 1.33G/1.54G [11:01<01:32, 2.29MB/s] 86%|########6 | 1.33G/1.54G [11:02<01:35, 2.21MB/s] 86%|########6 | 1.33G/1.54G [11:02<01:31, 2.31MB/s] 86%|########6 | 1.33G/1.54G [11:02<01:31, 2.29MB/s] 86%|########6 | 1.33G/1.54G [11:02<01:34, 2.24MB/s] 86%|########6 | 1.33G/1.54G [11:02<01:30, 2.33MB/s] 86%|########6 | 1.33G/1.54G [11:02<01:37, 2.15MB/s] 86%|########6 | 1.33G/1.54G [11:02<01:25, 2.46MB/s] 86%|########6 | 1.33G/1.54G [11:03<01:40, 2.08MB/s] 86%|########6 | 1.33G/1.54G [11:03<01:32, 2.26MB/s] 86%|########6 | 1.33G/1.54G [11:03<01:29, 2.33MB/s] 86%|########6 | 1.33G/1.54G [11:03<01:27, 2.38MB/s] 86%|########6 | 1.33G/1.54G [11:03<01:35, 2.18MB/s] 87%|########6 | 1.33G/1.54G [11:03<01:33, 2.23MB/s] 87%|########6 | 1.33G/1.54G [11:03<01:25, 2.42MB/s] 87%|########6 | 1.33G/1.54G [11:03<01:32, 2.24MB/s] 87%|########6 | 1.33G/1.54G [11:03<01:20, 2.57MB/s] 87%|########6 | 1.33G/1.54G [11:04<01:30, 2.29MB/s] 87%|########6 | 1.33G/1.54G [11:04<01:26, 2.39MB/s] 87%|########6 | 1.33G/1.54G [11:04<01:27, 2.36MB/s] 87%|########6 | 1.34G/1.54G [11:04<01:25, 2.41MB/s] 87%|########6 | 1.34G/1.54G [11:04<01:16, 2.70MB/s] 87%|########6 | 1.34G/1.54G [11:04<01:27, 2.33MB/s] 87%|########6 | 1.34G/1.54G [11:04<01:15, 2.70MB/s] 87%|########6 | 1.34G/1.54G [11:05<01:28, 2.30MB/s] 87%|########6 | 1.34G/1.54G [11:05<01:44, 1.95MB/s] 87%|########6 | 1.34G/1.54G [11:05<01:23, 2.44MB/s] 87%|########6 | 1.34G/1.54G [11:05<01:19, 2.55MB/s] 87%|########6 | 1.34G/1.54G [11:05<01:29, 2.27MB/s] 87%|########6 | 1.34G/1.54G [11:05<01:34, 2.15MB/s] 87%|########6 | 1.34G/1.54G [11:05<01:22, 2.46MB/s] 87%|########6 | 1.34G/1.54G [11:06<01:30, 2.22MB/s] 87%|########6 | 1.34G/1.54G [11:06<01:29, 2.26MB/s] 87%|########6 | 1.34G/1.54G [11:06<01:40, 2.00MB/s] 87%|########6 | 1.34G/1.54G [11:06<01:44, 1.92MB/s] 87%|########6 | 1.34G/1.54G [11:06<01:31, 2.20MB/s] 87%|########6 | 1.34G/1.54G [11:06<01:31, 2.19MB/s] 87%|########7 | 1.34G/1.54G [11:06<01:25, 2.34MB/s] 87%|########7 | 1.34G/1.54G [11:07<01:17, 2.56MB/s] 87%|########7 | 1.34G/1.54G [11:07<01:30, 2.21MB/s] 87%|########7 | 1.34G/1.54G [11:07<01:26, 2.29MB/s] 87%|########7 | 1.34G/1.54G [11:07<01:24, 2.35MB/s] 87%|########7 | 1.34G/1.54G [11:07<01:19, 2.49MB/s] 87%|########7 | 1.34G/1.54G [11:07<01:18, 2.51MB/s] 87%|########7 | 1.34G/1.54G [11:07<01:18, 2.53MB/s] 87%|########7 | 1.34G/1.54G [11:07<01:30, 2.19MB/s] 87%|########7 | 1.34G/1.54G [11:08<01:18, 2.52MB/s] 87%|########7 | 1.34G/1.54G [11:08<01:43, 1.90MB/s] 87%|########7 | 1.34G/1.54G [11:08<01:33, 2.11MB/s] 87%|########7 | 1.34G/1.54G [11:08<02:29, 1.31MB/s] 87%|########7 | 1.34G/1.54G [11:09<02:19, 1.40MB/s] 87%|########7 | 1.34G/1.54G [11:09<02:19, 1.41MB/s] 87%|########7 | 1.35G/1.54G [11:09<02:06, 1.55MB/s] 87%|########7 | 1.35G/1.54G [11:09<01:48, 1.80MB/s] 87%|########7 | 1.35G/1.54G [11:09<01:44, 1.86MB/s] 87%|########7 | 1.35G/1.54G [11:09<01:45, 1.84MB/s] 87%|########7 | 1.35G/1.54G [11:09<01:29, 2.18MB/s] 87%|########7 | 1.35G/1.54G [11:09<01:35, 2.03MB/s] 87%|########7 | 1.35G/1.54G [11:10<01:43, 1.88MB/s] 87%|########7 | 1.35G/1.54G [11:10<01:37, 1.98MB/s] 87%|########7 | 1.35G/1.54G [11:10<01:23, 2.33MB/s] 87%|########7 | 1.35G/1.54G [11:10<01:29, 2.16MB/s] 87%|########7 | 1.35G/1.54G [11:10<01:33, 2.05MB/s] 88%|########7 | 1.35G/1.54G [11:10<01:22, 2.33MB/s] 88%|########7 | 1.35G/1.54G [11:10<01:19, 2.42MB/s] 88%|########7 | 1.35G/1.54G [11:10<01:28, 2.17MB/s] 88%|########7 | 1.35G/1.54G [11:11<01:26, 2.21MB/s] 88%|########7 | 1.35G/1.54G [11:11<01:17, 2.48MB/s] 88%|########7 | 1.35G/1.54G [11:11<01:21, 2.35MB/s] 88%|########7 | 1.35G/1.54G [11:11<01:30, 2.11MB/s] 88%|########7 | 1.35G/1.54G [11:11<01:17, 2.47MB/s] 88%|########7 | 1.35G/1.54G [11:11<01:31, 2.09MB/s] 88%|########7 | 1.35G/1.54G [11:11<01:20, 2.36MB/s] 88%|########7 | 1.35G/1.54G [11:12<01:30, 2.09MB/s] 88%|########7 | 1.35G/1.54G [11:12<01:20, 2.34MB/s] 88%|########7 | 1.35G/1.54G [11:12<01:18, 2.40MB/s] 88%|########7 | 1.35G/1.54G [11:12<01:24, 2.24MB/s] 88%|########7 | 1.35G/1.54G [11:12<01:22, 2.27MB/s] 88%|########7 | 1.35G/1.54G [11:12<01:27, 2.15MB/s] 88%|########7 | 1.35G/1.54G [11:12<01:20, 2.33MB/s] 88%|########7 | 1.35G/1.54G [11:12<01:26, 2.16MB/s] 88%|########7 | 1.35G/1.54G [11:13<01:25, 2.19MB/s] 88%|########7 | 1.35G/1.54G [11:13<01:22, 2.27MB/s] 88%|########7 | 1.35G/1.54G [11:13<01:17, 2.40MB/s] 88%|########7 | 1.35G/1.54G [11:13<01:24, 2.20MB/s] 88%|########7 | 1.35G/1.54G [11:13<01:12, 2.57MB/s] 88%|########7 | 1.36G/1.54G [11:13<01:22, 2.25MB/s] 88%|########7 | 1.36G/1.54G [11:13<01:18, 2.35MB/s] 88%|########7 | 1.36G/1.54G [11:14<01:21, 2.28MB/s] 88%|########8 | 1.36G/1.54G [11:14<01:13, 2.52MB/s] 88%|########8 | 1.36G/1.54G [11:14<01:28, 2.09MB/s] 88%|########8 | 1.36G/1.54G [11:14<01:21, 2.27MB/s] 88%|########8 | 1.36G/1.54G [11:14<01:18, 2.34MB/s] 88%|########8 | 1.36G/1.54G [11:14<01:16, 2.40MB/s] 88%|########8 | 1.36G/1.54G [11:14<01:18, 2.33MB/s] 88%|########8 | 1.36G/1.54G [11:14<01:21, 2.26MB/s] 88%|########8 | 1.36G/1.54G [11:14<01:27, 2.08MB/s] 88%|########8 | 1.36G/1.54G [11:15<01:22, 2.21MB/s] 88%|########8 | 1.36G/1.54G [11:15<01:19, 2.30MB/s] 88%|########8 | 1.36G/1.54G [11:15<01:24, 2.16MB/s] 88%|########8 | 1.36G/1.54G [11:15<01:21, 2.23MB/s] 88%|########8 | 1.36G/1.54G [11:15<01:11, 2.53MB/s] 88%|########8 | 1.36G/1.54G [11:15<01:16, 2.37MB/s] 88%|########8 | 1.36G/1.54G [11:15<01:17, 2.34MB/s] 88%|########8 | 1.36G/1.54G [11:16<01:20, 2.23MB/s] 88%|########8 | 1.36G/1.54G [11:16<01:18, 2.30MB/s] 88%|########8 | 1.36G/1.54G [11:16<01:13, 2.45MB/s] 88%|########8 | 1.36G/1.54G [11:16<01:09, 2.56MB/s] 88%|########8 | 1.36G/1.54G [11:16<01:20, 2.23MB/s] 88%|########8 | 1.36G/1.54G [11:16<01:12, 2.47MB/s] 88%|########8 | 1.36G/1.54G [11:16<01:11, 2.51MB/s] 88%|########8 | 1.36G/1.54G [11:16<01:11, 2.50MB/s] 88%|########8 | 1.36G/1.54G [11:17<01:02, 2.86MB/s] 88%|########8 | 1.36G/1.54G [11:17<01:04, 2.76MB/s] 89%|########8 | 1.36G/1.54G [11:17<01:04, 2.74MB/s] 89%|########8 | 1.36G/1.54G [11:17<01:02, 2.82MB/s] 89%|########8 | 1.36G/1.54G [11:17<01:11, 2.47MB/s] 89%|########8 | 1.36G/1.54G [11:17<01:04, 2.73MB/s] 89%|########8 | 1.37G/1.54G [11:17<01:14, 2.37MB/s] 89%|########8 | 1.37G/1.54G [11:18<01:27, 2.00MB/s] 89%|########8 | 1.37G/1.54G [11:18<01:15, 2.32MB/s] 89%|########8 | 1.37G/1.54G [11:18<01:15, 2.32MB/s] 89%|########8 | 1.37G/1.54G [11:18<01:12, 2.39MB/s] 89%|########8 | 1.37G/1.54G [11:18<01:17, 2.24MB/s] 89%|########8 | 1.37G/1.54G [11:18<01:15, 2.31MB/s] 89%|########8 | 1.37G/1.54G [11:18<01:11, 2.43MB/s] 89%|########8 | 1.37G/1.54G [11:18<01:05, 2.62MB/s] 89%|########8 | 1.37G/1.54G [11:19<01:09, 2.49MB/s] 89%|########8 | 1.37G/1.54G [11:19<01:08, 2.52MB/s] 89%|########8 | 1.37G/1.54G [11:19<01:04, 2.65MB/s] 89%|########8 | 1.37G/1.54G [11:19<01:09, 2.46MB/s] 89%|########8 | 1.37G/1.54G [11:19<01:08, 2.50MB/s] 89%|########8 | 1.37G/1.54G [11:19<00:59, 2.86MB/s] 89%|########8 | 1.37G/1.54G [11:19<01:12, 2.37MB/s] 89%|########8 | 1.37G/1.54G [11:20<01:24, 2.02MB/s] 89%|########8 | 1.37G/1.54G [11:20<01:19, 2.15MB/s] 89%|########8 | 1.37G/1.54G [11:20<01:27, 1.94MB/s] 89%|########8 | 1.37G/1.54G [11:20<01:16, 2.23MB/s] 89%|########9 | 1.37G/1.54G [11:20<01:23, 2.04MB/s] 89%|########9 | 1.37G/1.54G [11:20<01:22, 2.06MB/s] 89%|########9 | 1.37G/1.54G [11:20<01:21, 2.07MB/s] 89%|########9 | 1.37G/1.54G [11:21<01:14, 2.27MB/s] 89%|########9 | 1.37G/1.54G [11:21<01:22, 2.04MB/s] 89%|########9 | 1.37G/1.54G [11:21<01:14, 2.25MB/s] 89%|########9 | 1.37G/1.54G [11:21<01:17, 2.16MB/s] 89%|########9 | 1.37G/1.54G [11:21<01:12, 2.30MB/s] 89%|########9 | 1.37G/1.54G [11:21<01:13, 2.26MB/s] 89%|########9 | 1.37G/1.54G [11:21<01:15, 2.22MB/s] 89%|########9 | 1.37G/1.54G [11:21<01:12, 2.30MB/s] 89%|########9 | 1.37G/1.54G [11:22<01:06, 2.50MB/s] 89%|########9 | 1.37G/1.54G [11:22<01:14, 2.22MB/s] 89%|########9 | 1.38G/1.54G [11:22<01:06, 2.47MB/s] 89%|########9 | 1.38G/1.54G [11:22<01:09, 2.36MB/s] 89%|########9 | 1.38G/1.54G [11:22<01:09, 2.36MB/s] 89%|########9 | 1.38G/1.54G [11:22<01:13, 2.23MB/s] 89%|########9 | 1.38G/1.54G [11:22<01:07, 2.45MB/s] 89%|########9 | 1.38G/1.54G [11:22<01:16, 2.14MB/s] 89%|########9 | 1.38G/1.54G [11:23<01:08, 2.40MB/s] 89%|########9 | 1.38G/1.54G [11:23<01:10, 2.32MB/s] 89%|########9 | 1.38G/1.54G [11:23<01:08, 2.39MB/s] 89%|########9 | 1.38G/1.54G [11:23<01:08, 2.39MB/s] 89%|########9 | 1.38G/1.54G [11:23<01:13, 2.21MB/s] 89%|########9 | 1.38G/1.54G [11:23<01:04, 2.53MB/s] 89%|########9 | 1.38G/1.54G [11:23<01:13, 2.19MB/s] 90%|########9 | 1.38G/1.54G [11:24<01:18, 2.07MB/s] 90%|########9 | 1.38G/1.54G [11:24<01:11, 2.26MB/s] 90%|########9 | 1.38G/1.54G [11:24<01:09, 2.33MB/s] 90%|########9 | 1.38G/1.54G [11:24<01:07, 2.36MB/s] 90%|########9 | 1.38G/1.54G [11:24<01:13, 2.18MB/s] 90%|########9 | 1.38G/1.54G [11:24<01:07, 2.36MB/s] 90%|########9 | 1.38G/1.54G [11:24<01:02, 2.57MB/s] 90%|########9 | 1.38G/1.54G [11:24<01:07, 2.36MB/s] 90%|########9 | 1.38G/1.54G [11:24<01:01, 2.58MB/s] 90%|########9 | 1.38G/1.54G [11:25<01:11, 2.22MB/s] 90%|########9 | 1.38G/1.54G [11:25<01:06, 2.39MB/s] 90%|########9 | 1.38G/1.54G [11:25<01:13, 2.14MB/s] 90%|########9 | 1.38G/1.54G [11:25<01:06, 2.39MB/s] 90%|########9 | 1.38G/1.54G [11:25<01:04, 2.44MB/s] 90%|########9 | 1.38G/1.54G [11:25<01:06, 2.38MB/s] 90%|########9 | 1.38G/1.54G [11:25<01:07, 2.32MB/s] 90%|########9 | 1.38G/1.54G [11:26<01:10, 2.22MB/s] 90%|########9 | 1.38G/1.54G [11:26<00:59, 2.64MB/s] 90%|########9 | 1.38G/1.54G [11:26<01:11, 2.18MB/s] 90%|########9 | 1.38G/1.54G [11:26<01:04, 2.42MB/s] 90%|########9 | 1.39G/1.54G [11:26<01:08, 2.28MB/s] 90%|########9 | 1.39G/1.54G [11:26<01:05, 2.37MB/s] 90%|########9 | 1.39G/1.54G [11:26<01:11, 2.16MB/s] 90%|########9 | 1.39G/1.54G [11:26<01:09, 2.24MB/s] 90%|########9 | 1.39G/1.54G [11:27<01:05, 2.34MB/s] 90%|########9 | 1.39G/1.54G [11:27<01:06, 2.33MB/s] 90%|######### | 1.39G/1.54G [11:27<01:00, 2.55MB/s] 90%|######### | 1.39G/1.54G [11:27<01:22, 1.85MB/s] 90%|######### | 1.39G/1.54G [11:27<01:11, 2.13MB/s] 90%|######### | 1.39G/1.54G [11:27<01:14, 2.05MB/s] 90%|######### | 1.39G/1.54G [11:28<01:14, 2.04MB/s] 90%|######### | 1.39G/1.54G [11:28<01:07, 2.24MB/s] 90%|######### | 1.39G/1.54G [11:28<01:13, 2.06MB/s] 90%|######### | 1.39G/1.54G [11:28<01:15, 2.02MB/s] 90%|######### | 1.39G/1.54G [11:28<01:08, 2.22MB/s] 90%|######### | 1.39G/1.54G [11:28<01:10, 2.13MB/s] 90%|######### | 1.39G/1.54G [11:28<01:09, 2.15MB/s] 90%|######### | 1.39G/1.54G [11:28<01:01, 2.44MB/s] 90%|######### | 1.39G/1.54G [11:29<01:10, 2.13MB/s] 90%|######### | 1.39G/1.54G [11:29<01:04, 2.31MB/s] 90%|######### | 1.39G/1.54G [11:29<01:04, 2.32MB/s] 90%|######### | 1.39G/1.54G [11:29<01:05, 2.26MB/s] 90%|######### | 1.39G/1.54G [11:30<02:16, 1.09MB/s] 90%|######### | 1.39G/1.54G [11:30<01:58, 1.26MB/s] 90%|######### | 1.39G/1.54G [11:30<01:36, 1.54MB/s] 90%|######### | 1.39G/1.54G [11:30<01:26, 1.71MB/s] 90%|######### | 1.39G/1.54G [11:30<01:20, 1.85MB/s] 90%|######### | 1.39G/1.54G [11:30<01:16, 1.93MB/s] 90%|######### | 1.39G/1.54G [11:30<01:08, 2.15MB/s] 90%|######### | 1.39G/1.54G [11:30<01:08, 2.16MB/s] 90%|######### | 1.39G/1.54G [11:30<01:00, 2.41MB/s] 91%|######### | 1.39G/1.54G [11:31<00:57, 2.53MB/s] 91%|######### | 1.39G/1.54G [11:31<01:16, 1.91MB/s] 91%|######### | 1.40G/1.54G [11:31<01:17, 1.87MB/s] 91%|######### | 1.40G/1.54G [11:31<01:18, 1.86MB/s] 91%|######### | 1.40G/1.54G [11:31<01:15, 1.93MB/s] 91%|######### | 1.40G/1.54G [11:31<01:12, 2.00MB/s] 91%|######### | 1.40G/1.54G [11:32<01:16, 1.89MB/s] 91%|######### | 1.40G/1.54G [11:32<01:13, 1.98MB/s] 91%|######### | 1.40G/1.54G [11:32<01:15, 1.90MB/s] 91%|######### | 1.40G/1.54G [11:32<01:05, 2.21MB/s] 91%|######### | 1.40G/1.54G [11:32<01:14, 1.93MB/s] 91%|######### | 1.40G/1.54G [11:32<01:06, 2.16MB/s] 91%|######### | 1.40G/1.54G [11:32<01:08, 2.09MB/s] 91%|######### | 1.40G/1.54G [11:32<01:10, 2.04MB/s] 91%|######### | 1.40G/1.54G [11:33<01:06, 2.16MB/s] 91%|######### | 1.40G/1.54G [11:33<01:11, 1.99MB/s] 91%|######### | 1.40G/1.54G [11:33<01:09, 2.04MB/s] 91%|######### | 1.40G/1.54G [11:33<01:10, 2.01MB/s] 91%|######### | 1.40G/1.54G [11:33<01:06, 2.14MB/s] 91%|######### | 1.40G/1.54G [11:33<01:09, 2.02MB/s] 91%|######### | 1.40G/1.54G [11:33<01:00, 2.31MB/s] 91%|######### | 1.40G/1.54G [11:34<01:07, 2.08MB/s] 91%|######### | 1.40G/1.54G [11:34<01:07, 2.08MB/s] 91%|######### | 1.40G/1.54G [11:34<02:06, 1.11MB/s] 91%|######### | 1.40G/1.54G [11:34<01:48, 1.29MB/s] 91%|######### | 1.40G/1.54G [11:34<01:35, 1.46MB/s] 91%|######### | 1.40G/1.54G [11:35<01:23, 1.67MB/s] 91%|######### | 1.40G/1.54G [11:35<01:26, 1.60MB/s] 91%|#########1| 1.40G/1.54G [11:35<01:20, 1.72MB/s] 91%|#########1| 1.40G/1.54G [11:35<01:07, 2.04MB/s] 91%|#########1| 1.40G/1.54G [11:35<01:13, 1.87MB/s] 91%|#########1| 1.40G/1.54G [11:35<01:06, 2.08MB/s] 91%|#########1| 1.40G/1.54G [11:35<01:09, 1.98MB/s] 91%|#########1| 1.40G/1.54G [11:36<01:02, 2.18MB/s] 91%|#########1| 1.40G/1.54G [11:36<01:06, 2.07MB/s] 91%|#########1| 1.40G/1.54G [11:36<01:07, 2.03MB/s] 91%|#########1| 1.40G/1.54G [11:36<01:05, 2.09MB/s] 91%|#########1| 1.40G/1.54G [11:36<00:59, 2.29MB/s] 91%|#########1| 1.40G/1.54G [11:36<01:05, 2.07MB/s] 91%|#########1| 1.41G/1.54G [11:36<01:01, 2.21MB/s] 91%|#########1| 1.41G/1.54G [11:36<00:59, 2.28MB/s] 91%|#########1| 1.41G/1.54G [11:37<01:02, 2.18MB/s] 91%|#########1| 1.41G/1.54G [11:37<00:59, 2.25MB/s] 91%|#########1| 1.41G/1.54G [11:37<00:59, 2.25MB/s] 91%|#########1| 1.41G/1.54G [11:37<01:03, 2.12MB/s] 91%|#########1| 1.41G/1.54G [11:37<01:05, 2.06MB/s] 91%|#########1| 1.41G/1.54G [11:37<00:59, 2.26MB/s] 91%|#########1| 1.41G/1.54G [11:37<01:01, 2.16MB/s] 91%|#########1| 1.41G/1.54G [11:37<00:53, 2.47MB/s] 91%|#########1| 1.41G/1.54G [11:38<01:01, 2.16MB/s] 91%|#########1| 1.41G/1.54G [11:38<00:58, 2.25MB/s] 91%|#########1| 1.41G/1.54G [11:38<00:56, 2.33MB/s] 91%|#########1| 1.41G/1.54G [11:38<00:55, 2.36MB/s] 91%|#########1| 1.41G/1.54G [11:38<00:54, 2.42MB/s] 91%|#########1| 1.41G/1.54G [11:38<00:54, 2.42MB/s] 92%|#########1| 1.41G/1.54G [11:38<00:52, 2.50MB/s] 92%|#########1| 1.41G/1.54G [11:38<00:57, 2.26MB/s] 92%|#########1| 1.41G/1.54G [11:39<00:53, 2.41MB/s] 92%|#########1| 1.41G/1.54G [11:39<00:47, 2.71MB/s] 92%|#########1| 1.41G/1.54G [11:39<00:55, 2.34MB/s] 92%|#########1| 1.41G/1.54G [11:39<00:55, 2.33MB/s] 92%|#########1| 1.41G/1.54G [11:39<00:55, 2.33MB/s] 92%|#########1| 1.41G/1.54G [11:39<00:52, 2.43MB/s] 92%|#########1| 1.41G/1.54G [11:39<00:52, 2.46MB/s] 92%|#########1| 1.41G/1.54G [11:40<01:01, 2.08MB/s] 92%|#########1| 1.41G/1.54G [11:40<01:43, 1.23MB/s] 92%|#########1| 1.41G/1.54G [11:40<01:37, 1.31MB/s] 92%|#########1| 1.41G/1.54G [11:40<01:23, 1.52MB/s] 92%|#########1| 1.41G/1.54G [11:40<01:15, 1.67MB/s] 92%|#########1| 1.41G/1.54G [11:40<01:10, 1.80MB/s] 92%|#########1| 1.41G/1.54G [11:41<01:09, 1.83MB/s] 92%|#########1| 1.41G/1.54G [11:41<00:58, 2.17MB/s] 92%|#########1| 1.41G/1.54G [11:41<01:04, 1.96MB/s] 92%|#########1| 1.42G/1.54G [11:41<00:57, 2.17MB/s] 92%|#########1| 1.42G/1.54G [11:41<01:01, 2.05MB/s] 92%|#########1| 1.42G/1.54G [11:41<00:55, 2.24MB/s] 92%|#########1| 1.42G/1.54G [11:41<01:00, 2.07MB/s] 92%|#########1| 1.42G/1.54G [11:42<01:05, 1.90MB/s] 92%|#########1| 1.42G/1.54G [11:42<01:08, 1.82MB/s] 92%|#########1| 1.42G/1.54G [11:42<01:06, 1.86MB/s] 92%|#########1| 1.42G/1.54G [11:42<01:02, 1.96MB/s] 92%|#########1| 1.42G/1.54G [11:42<00:58, 2.10MB/s] 92%|#########2| 1.42G/1.54G [11:42<00:56, 2.18MB/s] 92%|#########2| 1.42G/1.54G [11:42<00:50, 2.42MB/s] 92%|#########2| 1.42G/1.54G [11:43<00:54, 2.26MB/s] 92%|#########2| 1.42G/1.54G [11:43<01:02, 1.97MB/s] 92%|#########2| 1.42G/1.54G [11:43<00:49, 2.44MB/s] 92%|#########2| 1.42G/1.54G [11:43<00:56, 2.14MB/s] 92%|#########2| 1.42G/1.54G [11:43<00:59, 2.03MB/s] 92%|#########2| 1.42G/1.54G [11:43<00:59, 2.04MB/s] 92%|#########2| 1.42G/1.54G [11:43<00:58, 2.04MB/s] 92%|#########2| 1.42G/1.54G [11:44<00:57, 2.09MB/s] 92%|#########2| 1.42G/1.54G [11:44<00:58, 2.07MB/s] 92%|#########2| 1.42G/1.54G [11:44<00:57, 2.08MB/s] 92%|#########2| 1.42G/1.54G [11:44<00:56, 2.11MB/s] 92%|#########2| 1.42G/1.54G [11:44<00:57, 2.06MB/s] 92%|#########2| 1.42G/1.54G [11:44<00:54, 2.19MB/s] 92%|#########2| 1.42G/1.54G [11:44<00:55, 2.14MB/s] 92%|#########2| 1.42G/1.54G [11:44<00:56, 2.10MB/s] 92%|#########2| 1.42G/1.54G [11:45<00:53, 2.21MB/s] 92%|#########2| 1.42G/1.54G [11:45<01:09, 1.69MB/s] 92%|#########2| 1.42G/1.54G [11:45<01:03, 1.86MB/s] 92%|#########2| 1.42G/1.54G [11:45<00:59, 1.98MB/s] 92%|#########2| 1.42G/1.54G [11:45<00:58, 2.01MB/s] 92%|#########2| 1.42G/1.54G [11:45<00:59, 1.97MB/s] 92%|#########2| 1.42G/1.54G [11:45<00:52, 2.23MB/s] 92%|#########2| 1.42G/1.54G [11:46<00:58, 1.99MB/s] 92%|#########2| 1.42G/1.54G [11:46<00:50, 2.29MB/s] 92%|#########2| 1.43G/1.54G [11:46<00:55, 2.07MB/s] 93%|#########2| 1.43G/1.54G [11:46<00:56, 2.04MB/s] 93%|#########2| 1.43G/1.54G [11:46<00:50, 2.26MB/s] 93%|#########2| 1.43G/1.54G [11:46<00:54, 2.12MB/s] 93%|#########2| 1.43G/1.54G [11:46<00:53, 2.15MB/s] 93%|#########2| 1.43G/1.54G [11:46<00:52, 2.17MB/s] 93%|#########2| 1.43G/1.54G [11:46<00:52, 2.19MB/s] 93%|#########2| 1.43G/1.54G [11:47<00:52, 2.17MB/s] 93%|#########2| 1.43G/1.54G [11:47<00:54, 2.10MB/s] 93%|#########2| 1.43G/1.54G [11:47<00:48, 2.31MB/s] 93%|#########2| 1.43G/1.54G [11:47<00:51, 2.19MB/s] 93%|#########2| 1.43G/1.54G [11:47<00:51, 2.20MB/s] 93%|#########2| 1.43G/1.54G [11:47<00:47, 2.39MB/s] 93%|#########2| 1.43G/1.54G [11:47<00:55, 2.03MB/s] 93%|#########2| 1.43G/1.54G [11:47<00:46, 2.40MB/s] 93%|#########2| 1.43G/1.54G [11:48<00:54, 2.06MB/s] 93%|#########2| 1.43G/1.54G [11:48<00:49, 2.26MB/s] 93%|#########2| 1.43G/1.54G [11:48<00:52, 2.10MB/s] 93%|#########2| 1.43G/1.54G [11:48<00:52, 2.13MB/s] 93%|#########2| 1.43G/1.54G [11:48<00:44, 2.49MB/s] 93%|#########2| 1.43G/1.54G [11:48<00:51, 2.15MB/s] 93%|#########2| 1.43G/1.54G [11:48<00:48, 2.26MB/s] 93%|#########2| 1.43G/1.54G [11:49<00:52, 2.07MB/s] 93%|#########2| 1.43G/1.54G [11:49<00:51, 2.11MB/s] 93%|#########2| 1.43G/1.54G [11:49<00:50, 2.17MB/s] 93%|#########2| 1.43G/1.54G [11:49<00:47, 2.27MB/s] 93%|#########2| 1.43G/1.54G [11:49<00:46, 2.32MB/s] 93%|#########2| 1.43G/1.54G [11:49<00:48, 2.22MB/s] 93%|#########3| 1.43G/1.54G [11:49<00:45, 2.37MB/s] 93%|#########3| 1.43G/1.54G [11:50<00:49, 2.17MB/s] 93%|#########3| 1.43G/1.54G [11:50<00:49, 2.18MB/s] 93%|#########3| 1.43G/1.54G [11:50<00:45, 2.36MB/s] 93%|#########3| 1.43G/1.54G [11:50<00:45, 2.36MB/s] 93%|#########3| 1.43G/1.54G [11:50<00:45, 2.32MB/s] 93%|#########3| 1.43G/1.54G [11:50<00:46, 2.29MB/s] 93%|#########3| 1.44G/1.54G [11:50<00:44, 2.36MB/s] 93%|#########3| 1.44G/1.54G [11:50<00:47, 2.21MB/s] 93%|#########3| 1.44G/1.54G [11:51<00:41, 2.55MB/s] 93%|#########3| 1.44G/1.54G [11:51<00:46, 2.27MB/s] 93%|#########3| 1.44G/1.54G [11:51<00:46, 2.24MB/s] 93%|#########3| 1.44G/1.54G [11:51<00:44, 2.34MB/s] 93%|#########3| 1.44G/1.54G [11:51<00:39, 2.62MB/s] 93%|#########3| 1.44G/1.54G [11:51<00:41, 2.49MB/s] 93%|#########3| 1.44G/1.54G [11:51<00:45, 2.28MB/s] 93%|#########3| 1.44G/1.54G [11:51<00:41, 2.50MB/s] 93%|#########3| 1.44G/1.54G [11:52<00:46, 2.19MB/s] 93%|#########3| 1.44G/1.54G [11:52<00:45, 2.25MB/s] 93%|#########3| 1.44G/1.54G [11:52<00:52, 1.96MB/s] 93%|#########3| 1.44G/1.54G [11:52<00:46, 2.19MB/s] 93%|#########3| 1.44G/1.54G [11:52<00:45, 2.21MB/s] 93%|#########3| 1.44G/1.54G [11:52<00:47, 2.10MB/s] 93%|#########3| 1.44G/1.54G [11:53<00:45, 2.21MB/s] 93%|#########3| 1.44G/1.54G [11:53<00:47, 2.12MB/s] 94%|#########3| 1.44G/1.54G [11:53<00:44, 2.26MB/s] 94%|#########3| 1.44G/1.54G [11:53<00:43, 2.29MB/s] 94%|#########3| 1.44G/1.54G [11:53<00:43, 2.26MB/s] 94%|#########3| 1.44G/1.54G [11:53<00:39, 2.50MB/s] 94%|#########3| 1.44G/1.54G [11:54<01:35, 1.04MB/s] 94%|#########3| 1.44G/1.54G [11:54<01:26, 1.13MB/s] 94%|#########3| 1.44G/1.54G [11:54<01:09, 1.41MB/s] 94%|#########3| 1.44G/1.54G [11:54<01:07, 1.44MB/s] 94%|#########3| 1.44G/1.54G [11:54<00:55, 1.78MB/s] 94%|#########3| 1.44G/1.54G [11:55<01:00, 1.62MB/s] 94%|#########3| 1.44G/1.54G [11:55<00:52, 1.83MB/s] 94%|#########3| 1.44G/1.54G [11:55<00:47, 2.03MB/s] 94%|#########3| 1.44G/1.54G [11:55<00:52, 1.83MB/s] 94%|#########3| 1.44G/1.54G [11:55<00:52, 1.82MB/s] 94%|#########3| 1.45G/1.54G [11:55<00:45, 2.10MB/s] 94%|#########3| 1.45G/1.54G [11:56<00:50, 1.89MB/s] 94%|#########3| 1.45G/1.54G [11:56<00:46, 2.04MB/s] 94%|#########3| 1.45G/1.54G [11:56<00:47, 1.99MB/s] 94%|#########3| 1.45G/1.54G [11:56<00:49, 1.92MB/s] 94%|#########3| 1.45G/1.54G [11:56<00:42, 2.21MB/s] 94%|#########3| 1.45G/1.54G [11:56<00:47, 1.99MB/s] 94%|#########3| 1.45G/1.54G [11:56<00:46, 2.00MB/s] 94%|#########3| 1.45G/1.54G [11:56<00:45, 2.05MB/s] 94%|#########3| 1.45G/1.54G [11:57<00:47, 1.97MB/s] 94%|#########3| 1.45G/1.54G [11:57<00:44, 2.08MB/s] 94%|#########3| 1.45G/1.54G [11:57<00:44, 2.10MB/s] 94%|#########4| 1.45G/1.54G [11:57<00:41, 2.20MB/s] 94%|#########4| 1.45G/1.54G [11:57<00:39, 2.31MB/s] 94%|#########4| 1.45G/1.54G [11:57<00:42, 2.14MB/s] 94%|#########4| 1.45G/1.54G [11:57<00:42, 2.15MB/s] 94%|#########4| 1.45G/1.54G [11:57<00:43, 2.12MB/s] 94%|#########4| 1.45G/1.54G [11:58<00:41, 2.20MB/s] 94%|#########4| 1.45G/1.54G [11:58<00:38, 2.38MB/s] 94%|#########4| 1.45G/1.54G [11:58<00:40, 2.22MB/s] 94%|#########4| 1.45G/1.54G [11:58<00:41, 2.20MB/s] 94%|#########4| 1.45G/1.54G [11:58<01:14, 1.20MB/s] 94%|#########4| 1.45G/1.54G [11:59<01:08, 1.32MB/s] 94%|#########4| 1.45G/1.54G [11:59<01:01, 1.46MB/s] 94%|#########4| 1.45G/1.54G [11:59<00:50, 1.76MB/s] 94%|#########4| 1.45G/1.54G [11:59<00:52, 1.69MB/s] 94%|#########4| 1.45G/1.54G [11:59<00:45, 1.94MB/s] 94%|#########4| 1.45G/1.54G [11:59<00:46, 1.89MB/s] 94%|#########4| 1.45G/1.54G [11:59<00:42, 2.04MB/s] 94%|#########4| 1.45G/1.54G [12:00<00:43, 2.00MB/s] 94%|#########4| 1.45G/1.54G [12:00<00:39, 2.19MB/s] 94%|#########4| 1.45G/1.54G [12:00<00:38, 2.26MB/s] 94%|#########4| 1.45G/1.54G [12:00<00:42, 2.05MB/s] 94%|#########4| 1.45G/1.54G [12:00<00:39, 2.18MB/s] 94%|#########4| 1.45G/1.54G [12:00<00:39, 2.18MB/s] 94%|#########4| 1.45G/1.54G [12:00<00:39, 2.17MB/s] 94%|#########4| 1.46G/1.54G [12:00<00:37, 2.29MB/s] 94%|#########4| 1.46G/1.54G [12:01<00:35, 2.37MB/s] 94%|#########4| 1.46G/1.54G [12:01<00:36, 2.34MB/s] 95%|#########4| 1.46G/1.54G [12:01<00:40, 2.11MB/s] 95%|#########4| 1.46G/1.54G [12:01<00:34, 2.45MB/s] 95%|#########4| 1.46G/1.54G [12:01<00:38, 2.17MB/s] 95%|#########4| 1.46G/1.54G [12:01<00:34, 2.43MB/s] 95%|#########4| 1.46G/1.54G [12:01<00:37, 2.22MB/s] 95%|#########4| 1.46G/1.54G [12:01<00:34, 2.39MB/s] 95%|#########4| 1.46G/1.54G [12:02<00:35, 2.32MB/s] 95%|#########4| 1.46G/1.54G [12:02<00:35, 2.34MB/s] 95%|#########4| 1.46G/1.54G [12:02<00:34, 2.41MB/s] 95%|#########4| 1.46G/1.54G [12:02<00:35, 2.31MB/s] 95%|#########4| 1.46G/1.54G [12:02<00:32, 2.49MB/s] 95%|#########4| 1.46G/1.54G [12:02<00:35, 2.29MB/s] 95%|#########4| 1.46G/1.54G [12:03<01:14, 1.09MB/s] 95%|#########4| 1.46G/1.54G [12:03<01:08, 1.17MB/s] 95%|#########4| 1.46G/1.54G [12:03<00:49, 1.62MB/s] 95%|#########4| 1.46G/1.54G [12:03<00:50, 1.58MB/s] 95%|#########4| 1.46G/1.54G [12:04<00:54, 1.46MB/s] 95%|#########4| 1.46G/1.54G [12:04<00:45, 1.74MB/s] 95%|#########4| 1.46G/1.54G [12:04<00:44, 1.77MB/s] 95%|#########4| 1.46G/1.54G [12:04<00:38, 2.04MB/s] 95%|#########4| 1.46G/1.54G [12:04<00:41, 1.90MB/s] 95%|#########4| 1.46G/1.54G [12:04<00:36, 2.12MB/s] 95%|#########4| 1.46G/1.54G [12:04<00:39, 1.96MB/s] 95%|#########4| 1.46G/1.54G [12:05<00:38, 2.01MB/s] 95%|#########4| 1.46G/1.54G [12:05<00:37, 2.06MB/s] 95%|#########5| 1.46G/1.54G [12:05<00:35, 2.14MB/s] 95%|#########5| 1.46G/1.54G [12:05<00:38, 1.99MB/s] 95%|#########5| 1.46G/1.54G [12:05<00:33, 2.27MB/s] 95%|#########5| 1.46G/1.54G [12:05<00:36, 2.08MB/s] 95%|#########5| 1.46G/1.54G [12:05<00:35, 2.16MB/s] 95%|#########5| 1.47G/1.54G [12:05<00:32, 2.33MB/s] 95%|#########5| 1.47G/1.54G [12:06<00:32, 2.33MB/s] 95%|#########5| 1.47G/1.54G [12:06<00:31, 2.34MB/s] 95%|#########5| 1.47G/1.54G [12:06<00:29, 2.54MB/s] 95%|#########5| 1.47G/1.54G [12:06<00:33, 2.24MB/s] 95%|#########5| 1.47G/1.54G [12:06<00:35, 2.11MB/s] 95%|#########5| 1.47G/1.54G [12:06<00:31, 2.37MB/s] 95%|#########5| 1.47G/1.54G [12:06<00:30, 2.42MB/s] 95%|#########5| 1.47G/1.54G [12:06<00:31, 2.30MB/s] 95%|#########5| 1.47G/1.54G [12:07<00:31, 2.31MB/s] 95%|#########5| 1.47G/1.54G [12:07<00:30, 2.39MB/s] 95%|#########5| 1.47G/1.54G [12:07<00:31, 2.30MB/s] 95%|#########5| 1.47G/1.54G [12:07<00:30, 2.32MB/s] 95%|#########5| 1.47G/1.54G [12:07<00:26, 2.70MB/s] 95%|#########5| 1.47G/1.54G [12:07<00:31, 2.29MB/s] 95%|#########5| 1.47G/1.54G [12:07<00:27, 2.59MB/s] 95%|#########5| 1.47G/1.54G [12:08<00:30, 2.29MB/s] 95%|#########5| 1.47G/1.54G [12:08<00:26, 2.65MB/s] 95%|#########5| 1.47G/1.54G [12:08<00:29, 2.36MB/s] 95%|#########5| 1.47G/1.54G [12:08<00:28, 2.48MB/s] 96%|#########5| 1.47G/1.54G [12:08<00:27, 2.51MB/s] 96%|#########5| 1.47G/1.54G [12:08<00:27, 2.53MB/s] 96%|#########5| 1.47G/1.54G [12:08<00:30, 2.25MB/s] 96%|#########5| 1.47G/1.54G [12:09<00:32, 2.13MB/s] 96%|#########5| 1.47G/1.54G [12:09<00:29, 2.31MB/s] 96%|#########5| 1.47G/1.54G [12:09<00:33, 2.01MB/s] 96%|#########5| 1.47G/1.54G [12:09<00:33, 2.03MB/s] 96%|#########5| 1.47G/1.54G [12:09<00:33, 2.03MB/s] 96%|#########5| 1.47G/1.54G [12:09<00:30, 2.16MB/s] 96%|#########5| 1.47G/1.54G [12:09<00:32, 2.06MB/s] 96%|#########5| 1.47G/1.54G [12:09<00:30, 2.18MB/s] 96%|#########5| 1.47G/1.54G [12:10<00:31, 2.08MB/s] 96%|#########5| 1.47G/1.54G [12:10<00:31, 2.12MB/s] 96%|#########5| 1.48G/1.54G [12:10<00:31, 2.08MB/s] 96%|#########5| 1.48G/1.54G [12:10<00:28, 2.27MB/s] 96%|#########5| 1.48G/1.54G [12:10<00:28, 2.28MB/s] 96%|#########5| 1.48G/1.54G [12:10<00:28, 2.25MB/s] 96%|#########5| 1.48G/1.54G [12:10<00:25, 2.51MB/s] 96%|#########5| 1.48G/1.54G [12:10<00:26, 2.39MB/s] 96%|#########5| 1.48G/1.54G [12:10<00:28, 2.28MB/s] 96%|#########5| 1.48G/1.54G [12:11<00:25, 2.48MB/s] 96%|#########5| 1.48G/1.54G [12:11<00:27, 2.33MB/s] 96%|#########5| 1.48G/1.54G [12:11<00:24, 2.53MB/s] 96%|#########5| 1.48G/1.54G [12:11<00:26, 2.32MB/s] 96%|#########5| 1.48G/1.54G [12:11<00:26, 2.38MB/s] 96%|#########5| 1.48G/1.54G [12:11<00:25, 2.44MB/s] 96%|#########5| 1.48G/1.54G [12:11<00:27, 2.26MB/s] 96%|#########6| 1.48G/1.54G [12:12<00:24, 2.49MB/s] 96%|#########6| 1.48G/1.54G [12:12<00:26, 2.32MB/s] 96%|#########6| 1.48G/1.54G [12:12<00:23, 2.54MB/s] 96%|#########6| 1.48G/1.54G [12:12<00:27, 2.21MB/s] 96%|#########6| 1.48G/1.54G [12:12<00:32, 1.88MB/s] 96%|#########6| 1.48G/1.54G [12:12<00:25, 2.36MB/s] 96%|#########6| 1.48G/1.54G [12:12<00:28, 2.10MB/s] 96%|#########6| 1.48G/1.54G [12:13<00:29, 1.97MB/s] 96%|#########6| 1.48G/1.54G [12:13<00:29, 2.00MB/s] 96%|#########6| 1.48G/1.54G [12:13<00:27, 2.11MB/s] 96%|#########6| 1.48G/1.54G [12:13<00:27, 2.09MB/s] 96%|#########6| 1.48G/1.54G [12:13<00:27, 2.13MB/s] 96%|#########6| 1.48G/1.54G [12:13<00:26, 2.19MB/s] 96%|#########6| 1.48G/1.54G [12:13<00:27, 2.12MB/s] 96%|#########6| 1.48G/1.54G [12:14<00:24, 2.31MB/s] 96%|#########6| 1.48G/1.54G [12:14<00:25, 2.20MB/s] 96%|#########6| 1.48G/1.54G [12:14<00:25, 2.20MB/s] 96%|#########6| 1.48G/1.54G [12:14<00:24, 2.29MB/s] 96%|#########6| 1.48G/1.54G [12:14<00:25, 2.15MB/s] 96%|#########6| 1.49G/1.54G [12:14<00:23, 2.41MB/s] 96%|#########6| 1.49G/1.54G [12:14<00:22, 2.45MB/s] 96%|#########6| 1.49G/1.54G [12:14<00:25, 2.20MB/s] 96%|#########6| 1.49G/1.54G [12:15<00:24, 2.25MB/s] 96%|#########6| 1.49G/1.54G [12:15<00:22, 2.37MB/s] 96%|#########6| 1.49G/1.54G [12:15<00:23, 2.31MB/s] 97%|#########6| 1.49G/1.54G [12:15<00:21, 2.54MB/s] 97%|#########6| 1.49G/1.54G [12:15<00:22, 2.42MB/s] 97%|#########6| 1.49G/1.54G [12:15<00:23, 2.28MB/s] 97%|#########6| 1.49G/1.54G [12:15<00:22, 2.35MB/s] 97%|#########6| 1.49G/1.54G [12:15<00:19, 2.65MB/s] 97%|#########6| 1.49G/1.54G [12:16<00:22, 2.35MB/s] 97%|#########6| 1.49G/1.54G [12:16<00:20, 2.49MB/s] 97%|#########6| 1.49G/1.54G [12:16<00:24, 2.15MB/s] 97%|#########6| 1.49G/1.54G [12:16<00:22, 2.32MB/s] 97%|#########6| 1.49G/1.54G [12:16<00:22, 2.31MB/s] 97%|#########6| 1.49G/1.54G [12:16<00:21, 2.34MB/s] 97%|#########6| 1.49G/1.54G [12:16<00:20, 2.41MB/s] 97%|#########6| 1.49G/1.54G [12:17<00:22, 2.26MB/s] 97%|#########6| 1.49G/1.54G [12:17<00:18, 2.64MB/s] 97%|#########6| 1.49G/1.54G [12:17<00:18, 2.67MB/s] 97%|#########6| 1.49G/1.54G [12:17<00:21, 2.33MB/s] 97%|#########6| 1.49G/1.54G [12:17<00:19, 2.48MB/s] 97%|#########6| 1.49G/1.54G [12:17<00:21, 2.27MB/s] 97%|#########6| 1.49G/1.54G [12:17<00:20, 2.35MB/s] 97%|#########6| 1.49G/1.54G [12:17<00:18, 2.65MB/s] 97%|#########6| 1.49G/1.54G [12:18<00:20, 2.28MB/s] 97%|#########6| 1.49G/1.54G [12:18<00:20, 2.32MB/s] 97%|#########6| 1.49G/1.54G [12:18<00:19, 2.45MB/s] 97%|#########6| 1.49G/1.54G [12:18<00:18, 2.57MB/s] 97%|#########6| 1.49G/1.54G [12:18<00:20, 2.31MB/s] 97%|#########7| 1.49G/1.54G [12:18<00:21, 2.17MB/s] 97%|#########7| 1.49G/1.54G [12:18<00:24, 1.85MB/s] 97%|#########7| 1.50G/1.54G [12:19<00:21, 2.10MB/s] 97%|#########7| 1.50G/1.54G [12:19<00:20, 2.20MB/s] 97%|#########7| 1.50G/1.54G [12:19<00:22, 1.95MB/s] 97%|#########7| 1.50G/1.54G [12:19<00:21, 2.09MB/s] 97%|#########7| 1.50G/1.54G [12:19<00:22, 1.96MB/s] 97%|#########7| 1.50G/1.54G [12:19<00:20, 2.11MB/s] 97%|#########7| 1.50G/1.54G [12:19<00:21, 2.06MB/s] 97%|#########7| 1.50G/1.54G [12:20<00:24, 1.75MB/s] 97%|#########7| 1.50G/1.54G [12:20<00:22, 1.89MB/s] 97%|#########7| 1.50G/1.54G [12:20<00:21, 2.05MB/s] 97%|#########7| 1.50G/1.54G [12:20<00:21, 2.03MB/s] 97%|#########7| 1.50G/1.54G [12:20<00:20, 2.09MB/s] 97%|#########7| 1.50G/1.54G [12:20<00:19, 2.13MB/s] 97%|#########7| 1.50G/1.54G [12:20<00:19, 2.20MB/s] 97%|#########7| 1.50G/1.54G [12:20<00:16, 2.46MB/s] 97%|#########7| 1.50G/1.54G [12:21<00:18, 2.26MB/s] 97%|#########7| 1.50G/1.54G [12:21<00:18, 2.26MB/s] 97%|#########7| 1.50G/1.54G [12:21<00:18, 2.19MB/s] 97%|#########7| 1.50G/1.54G [12:21<00:16, 2.45MB/s] 97%|#########7| 1.50G/1.54G [12:21<00:18, 2.18MB/s] 97%|#########7| 1.50G/1.54G [12:21<00:16, 2.43MB/s] 97%|#########7| 1.50G/1.54G [12:21<00:15, 2.54MB/s] 97%|#########7| 1.50G/1.54G [12:21<00:16, 2.35MB/s] 97%|#########7| 1.50G/1.54G [12:22<00:16, 2.32MB/s] 97%|#########7| 1.50G/1.54G [12:22<00:16, 2.32MB/s] 98%|#########7| 1.50G/1.54G [12:22<00:16, 2.30MB/s] 98%|#########7| 1.50G/1.54G [12:22<00:16, 2.27MB/s] 98%|#########7| 1.50G/1.54G [12:22<00:14, 2.54MB/s] 98%|#########7| 1.50G/1.54G [12:22<00:15, 2.38MB/s] 98%|#########7| 1.50G/1.54G [12:22<00:15, 2.45MB/s] 98%|#########7| 1.50G/1.54G [12:23<00:14, 2.51MB/s] 98%|#########7| 1.50G/1.54G [12:23<00:14, 2.45MB/s] 98%|#########7| 1.50G/1.54G [12:23<00:14, 2.51MB/s] 98%|#########7| 1.51G/1.54G [12:23<00:14, 2.44MB/s] 98%|#########7| 1.51G/1.54G [12:23<00:13, 2.64MB/s] 98%|#########7| 1.51G/1.54G [12:23<00:15, 2.32MB/s] 98%|#########7| 1.51G/1.54G [12:23<00:14, 2.38MB/s] 98%|#########7| 1.51G/1.54G [12:23<00:14, 2.44MB/s] 98%|#########7| 1.51G/1.54G [12:23<00:12, 2.65MB/s] 98%|#########7| 1.51G/1.54G [12:24<00:14, 2.31MB/s] 98%|#########7| 1.51G/1.54G [12:24<00:13, 2.46MB/s] 98%|#########7| 1.51G/1.54G [12:24<00:13, 2.46MB/s] 98%|#########7| 1.51G/1.54G [12:24<00:13, 2.42MB/s] 98%|#########7| 1.51G/1.54G [12:24<00:13, 2.45MB/s] 98%|#########7| 1.51G/1.54G [12:24<00:13, 2.48MB/s] 98%|#########7| 1.51G/1.54G [12:24<00:12, 2.61MB/s] 98%|#########7| 1.51G/1.54G [12:25<00:14, 2.26MB/s] 98%|#########7| 1.51G/1.54G [12:25<00:13, 2.34MB/s] 98%|#########7| 1.51G/1.54G [12:25<00:12, 2.58MB/s] 98%|#########7| 1.51G/1.54G [12:25<00:12, 2.39MB/s] 98%|#########8| 1.51G/1.54G [12:25<00:12, 2.36MB/s] 98%|#########8| 1.51G/1.54G [12:25<00:11, 2.66MB/s] 98%|#########8| 1.51G/1.54G [12:25<00:12, 2.33MB/s] 98%|#########8| 1.51G/1.54G [12:25<00:11, 2.48MB/s] 98%|#########8| 1.51G/1.54G [12:25<00:11, 2.53MB/s] 98%|#########8| 1.51G/1.54G [12:26<00:11, 2.60MB/s] 98%|#########8| 1.51G/1.54G [12:26<00:10, 2.65MB/s] 98%|#########8| 1.51G/1.54G [12:26<00:10, 2.67MB/s] 98%|#########8| 1.51G/1.54G [12:26<00:10, 2.58MB/s] 98%|#########8| 1.51G/1.54G [12:26<00:12, 2.29MB/s] 98%|#########8| 1.51G/1.54G [12:26<00:11, 2.30MB/s] 98%|#########8| 1.51G/1.54G [12:26<00:11, 2.37MB/s] 98%|#########8| 1.51G/1.54G [12:26<00:10, 2.49MB/s] 98%|#########8| 1.51G/1.54G [12:27<00:10, 2.42MB/s] 98%|#########8| 1.51G/1.54G [12:27<00:10, 2.51MB/s] 98%|#########8| 1.52G/1.54G [12:27<00:10, 2.50MB/s] 98%|#########8| 1.52G/1.54G [12:27<00:10, 2.50MB/s] 98%|#########8| 1.52G/1.54G [12:27<00:09, 2.61MB/s] 98%|#########8| 1.52G/1.54G [12:27<00:09, 2.64MB/s] 98%|#########8| 1.52G/1.54G [12:27<00:09, 2.58MB/s] 98%|#########8| 1.52G/1.54G [12:28<00:10, 2.32MB/s] 98%|#########8| 1.52G/1.54G [12:28<00:09, 2.61MB/s] 98%|#########8| 1.52G/1.54G [12:28<00:10, 2.25MB/s] 98%|#########8| 1.52G/1.54G [12:28<00:11, 1.96MB/s] 99%|#########8| 1.52G/1.54G [12:28<00:11, 2.00MB/s] 99%|#########8| 1.52G/1.54G [12:28<00:10, 2.18MB/s] 99%|#########8| 1.52G/1.54G [12:29<00:10, 2.10MB/s] 99%|#########8| 1.52G/1.54G [12:29<00:09, 2.35MB/s] 99%|#########8| 1.52G/1.54G [12:29<00:10, 2.13MB/s] 99%|#########8| 1.52G/1.54G [12:29<00:09, 2.31MB/s] 99%|#########8| 1.52G/1.54G [12:29<00:09, 2.28MB/s] 99%|#########8| 1.52G/1.54G [12:29<00:08, 2.32MB/s] 99%|#########8| 1.52G/1.54G [12:29<00:08, 2.38MB/s] 99%|#########8| 1.52G/1.54G [12:29<00:07, 2.66MB/s] 99%|#########8| 1.52G/1.54G [12:30<00:08, 2.30MB/s] 99%|#########8| 1.52G/1.54G [12:30<00:07, 2.51MB/s] 99%|#########8| 1.52G/1.54G [12:30<00:08, 2.22MB/s] 99%|#########8| 1.52G/1.54G [12:30<00:09, 1.90MB/s] 99%|#########8| 1.52G/1.54G [12:30<00:08, 2.05MB/s] 99%|#########8| 1.52G/1.54G [12:30<00:08, 2.00MB/s] 99%|#########8| 1.52G/1.54G [12:31<00:08, 2.12MB/s] 99%|#########8| 1.52G/1.54G [12:31<00:08, 1.93MB/s] 99%|#########8| 1.52G/1.54G [12:31<00:08, 2.00MB/s] 99%|#########8| 1.52G/1.54G [12:31<00:08, 1.98MB/s] 99%|#########8| 1.52G/1.54G [12:31<00:08, 1.96MB/s] 99%|#########8| 1.52G/1.54G [12:31<00:07, 2.15MB/s] 99%|#########8| 1.52G/1.54G [12:31<00:07, 2.07MB/s] 99%|#########8| 1.53G/1.54G [12:31<00:07, 2.23MB/s] 99%|#########9| 1.53G/1.54G [12:32<00:06, 2.29MB/s] 99%|#########9| 1.53G/1.54G [12:32<00:06, 2.25MB/s] 99%|#########9| 1.53G/1.54G [12:32<00:07, 2.09MB/s] 99%|#########9| 1.53G/1.54G [12:32<00:06, 2.33MB/s] 99%|#########9| 1.53G/1.54G [12:32<00:06, 2.04MB/s] 99%|#########9| 1.53G/1.54G [12:32<00:06, 2.09MB/s] 99%|#########9| 1.53G/1.54G [12:32<00:05, 2.37MB/s] 99%|#########9| 1.53G/1.54G [12:32<00:05, 2.32MB/s] 99%|#########9| 1.53G/1.54G [12:33<00:08, 1.58MB/s] 99%|#########9| 1.53G/1.54G [12:33<00:08, 1.60MB/s] 99%|#########9| 1.53G/1.54G [12:33<00:07, 1.74MB/s] 99%|#########9| 1.53G/1.54G [12:33<00:06, 1.99MB/s] 99%|#########9| 1.53G/1.54G [12:33<00:05, 2.07MB/s] 99%|#########9| 1.53G/1.54G [12:33<00:05, 2.01MB/s] 99%|#########9| 1.53G/1.54G [12:34<00:04, 2.30MB/s] 99%|#########9| 1.53G/1.54G [12:34<00:05, 2.11MB/s] 99%|#########9| 1.53G/1.54G [12:34<00:04, 2.21MB/s] 99%|#########9| 1.53G/1.54G [12:34<00:04, 2.28MB/s] 99%|#########9| 1.53G/1.54G [12:34<00:04, 2.25MB/s] 99%|#########9| 1.53G/1.54G [12:34<00:04, 2.24MB/s] 99%|#########9| 1.53G/1.54G [12:34<00:03, 2.46MB/s] 99%|#########9| 1.53G/1.54G [12:34<00:04, 2.19MB/s] 99%|#########9| 1.53G/1.54G [12:35<00:03, 2.54MB/s] 99%|#########9| 1.53G/1.54G [12:35<00:03, 2.20MB/s] 99%|#########9| 1.53G/1.54G [12:35<00:03, 2.27MB/s] 99%|#########9| 1.53G/1.54G [12:35<00:03, 2.43MB/s] 99%|#########9| 1.53G/1.54G [12:35<00:03, 2.38MB/s]100%|#########9| 1.53G/1.54G [12:35<00:03, 2.14MB/s]100%|#########9| 1.53G/1.54G [12:35<00:03, 2.40MB/s]100%|#########9| 1.53G/1.54G [12:35<00:02, 2.43MB/s]100%|#########9| 1.53G/1.54G [12:36<00:03, 2.19MB/s]100%|#########9| 1.53G/1.54G [12:36<00:02, 2.50MB/s]100%|#########9| 1.53G/1.54G [12:36<00:02, 2.20MB/s]100%|#########9| 1.53G/1.54G [12:36<00:02, 2.59MB/s]100%|#########9| 1.54G/1.54G [12:36<00:02, 2.25MB/s]100%|#########9| 1.54G/1.54G [12:36<00:02, 2.33MB/s]100%|#########9| 1.54G/1.54G [12:36<00:01, 2.47MB/s]100%|#########9| 1.54G/1.54G [12:36<00:02, 2.30MB/s]100%|#########9| 1.54G/1.54G [12:37<00:01, 2.24MB/s]100%|#########9| 1.54G/1.54G [12:37<00:01, 2.38MB/s]100%|#########9| 1.54G/1.54G [12:37<00:01, 2.27MB/s]100%|#########9| 1.54G/1.54G [12:37<00:01, 2.60MB/s]100%|#########9| 1.54G/1.54G [12:37<00:01, 2.37MB/s]100%|#########9| 1.54G/1.54G [12:37<00:01, 2.41MB/s]100%|#########9| 1.54G/1.54G [12:37<00:01, 2.40MB/s]100%|#########9| 1.54G/1.54G [12:38<00:00, 2.40MB/s]100%|#########9| 1.54G/1.54G [12:38<00:00, 2.44MB/s]100%|#########9| 1.54G/1.54G [12:38<00:00, 2.28MB/s]100%|#########9| 1.54G/1.54G [12:38<00:00, 2.52MB/s]100%|#########9| 1.54G/1.54G [12:38<00:00, 2.77MB/s]100%|#########9| 1.54G/1.54G [12:38<00:00, 2.28MB/s]100%|#########9| 1.54G/1.54G [12:38<00:00, 2.42MB/s]100%|##########| 1.54G/1.54G [12:38<00:00, 2.03MB/s]
[mem] train split -> memmap C:\Users\so\Desktop\AI-Powered Radiology Hub\api\data\medmnist\_memmap\bloodmnist_train_224.npy (1.80 GB)
[mem] val split -> memmap C:\Users\so\Desktop\AI-Powered Radiology Hub\api\data\medmnist\_memmap\bloodmnist_val_224.npy (0.26 GB)
[mem] test split -> memmap C:\Users\so\Desktop\AI-Powered Radiology Hub\api\data\medmnist\_memmap\bloodmnist_test_224.npy (0.51 GB)
[blood_eb0] train=11959 val=1712 test=3421 | test balance=[244, 624, 311, 579, 243, 284, 666, 470]
  ep  1/30 [A(head)] loss=1.0069 val_loss=0.6376 val_acc=0.8633 val_bacc=0.8512
  ep  2/30 [A(head)] loss=0.7630 val_loss=0.5438 val_acc=0.8808 val_bacc=0.8835
  ep  3/30 [A(head)] loss=0.7325 val_loss=0.4729 val_acc=0.9025 val_bacc=0.8968
  ep  4/30 [B(full)] loss=0.4990 val_loss=0.0874 val_acc=0.9848 val_bacc=0.9858
  ep  5/30 [B(full)] loss=0.4015 val_loss=0.0989 val_acc=0.9866 val_bacc=0.9871
  ep  6/30 [B(full)] loss=0.3782 val_loss=0.1244 val_acc=0.9778 val_bacc=0.9709
  ep  7/30 [B(full)] loss=0.3648 val_loss=0.1029 val_acc=0.9848 val_bacc=0.9874
  ep  8/30 [B(full)] loss=0.3587 val_loss=0.0839 val_acc=0.9889 val_bacc=0.9916
  ep  9/30 [B(full)] loss=0.3495 val_loss=0.0949 val_acc=0.9918 val_bacc=0.9935
  ep 10/30 [B(full)] loss=0.3447 val_loss=0.0803 val_acc=0.9895 val_bacc=0.9920
  ep 11/30 [B(full)] loss=0.3418 val_loss=0.0830 val_acc=0.9924 val_bacc=0.9933
  ep 12/30 [B(full)] loss=0.3359 val_loss=0.0868 val_acc=0.9912 val_bacc=0.9936
  ep 13/30 [B(full)] loss=0.3325 val_loss=0.0857 val_acc=0.9924 val_bacc=0.9943
  ep 14/30 [B(full)] loss=0.3338 val_loss=0.0891 val_acc=0.9889 val_bacc=0.9911
  ep 15/30 [B(full)] loss=0.3293 val_loss=0.0820 val_acc=0.9918 val_bacc=0.9934
  ep 16/30 [B(full)] loss=0.3267 val_loss=0.0902 val_acc=0.9907 val_bacc=0.9924
  ep 17/30 [B(full)] loss=0.3244 val_loss=0.0820 val_acc=0.9912 val_bacc=0.9934
  ep 18/30 [B(full)] loss=0.3185 val_loss=0.0840 val_acc=0.9924 val_bacc=0.9936
  ep 19/30 [B(full)] loss=0.3190 val_loss=0.0823 val_acc=0.9924 val_bacc=0.9938
  [early stop] patience 8
  [tta] val_plain=0.9924 val_tta=0.9918 -> use_tta=False (decided on val)

[report]
                                                                      precision    recall  f1-score   support

                                                           basophil       1.00      0.99      1.00       244
                                                         eosinophil       1.00      1.00      1.00       624
                                                       erythroblast       1.00      0.99      1.00       311
immature granulocytes(myelocytes, metamyelocytes and promyelocytes)       0.96      0.98      0.97       579
                                                         lymphocyte       0.97      1.00      0.98       243
                                                           monocyte       0.99      0.98      0.98       284
                                                         neutrophil       0.99      0.97      0.98       666
                                                           platelet       1.00      1.00      1.00       470

                                                           accuracy                           0.99      3421
                                                          macro avg       0.99      0.99      0.99      3421
                                                       weighted avg       0.99      0.99      0.99      3421

[RESULT] blood_eb0 test_acc=0.9883 train_acc=0.9947 gap=+0.0064 macroF1=0.9889 auc=0.9994 tta=False
BLOOD_EB0_DONE
[exit] blood_eb0 rc=0

======== oct_geo  2026-09-08 12:16:37 ========
[cmd] DATASET=octmnist ARCH=efficientnet_b0 SIZE=128 AUG=geometry_safe MAX_TRAIN=40000 VAL_MAX=3000 EPOCHS=14 SUFFIX=_geo
[oct_geo] octmnist arch=efficientnet_b0 size=128 batch=24 classes=4 device=cuda binary=False mixup=0.0 cutmix=0.0 preproc=none/geometry_safe
[mem] train split -> memmap C:\Users\so\Desktop\AI-Powered Radiology Hub\api\data\medmnist\_memmap\octmnist_train_128.npy (1.60 GB)
[mem] val split -> memmap C:\Users\so\Desktop\AI-Powered Radiology Hub\api\data\medmnist\_memmap\octmnist_val_128.npy (0.18 GB)
[oct_geo] subsampled train -> 37754
[oct_geo] val subsampled -> 3000 (VAL_MAX, model selection only)
[oct_geo] train=37754 val=3000 test=1000 | test balance=[250, 250, 250, 250]
  ep  1/14 [A(head)] loss=1.0418 val_loss=0.7638 val_acc=0.7117 val_bacc=0.7117
  ep  2/14 [A(head)] loss=1.0158 val_loss=0.7720 val_acc=0.7057 val_bacc=0.7057
  ep  3/14 [A(head)] loss=1.0167 val_loss=0.8055 val_acc=0.6870 val_bacc=0.6870
  ep  4/14 [B(full)] loss=0.5337 val_loss=0.2146 val_acc=0.9340 val_bacc=0.9340
  ep  5/14 [B(full)] loss=0.4152 val_loss=0.2202 val_acc=0.9373 val_bacc=0.9373
  ep  6/14 [B(full)] loss=0.3760 val_loss=0.2221 val_acc=0.9267 val_bacc=0.9267
  ep  7/14 [B(full)] loss=0.3530 val_loss=0.1666 val_acc=0.9523 val_bacc=0.9523
  ep  8/14 [B(full)] loss=0.3363 val_loss=0.1662 val_acc=0.9533 val_bacc=0.9533
  ep  9/14 [B(full)] loss=0.3190 val_loss=0.1616 val_acc=0.9563 val_bacc=0.9563
  ep 10/14 [B(full)] loss=0.3040 val_loss=0.1459 val_acc=0.9590 val_bacc=0.9590
  ep 11/14 [B(full)] loss=0.2928 val_loss=0.1395 val_acc=0.9633 val_bacc=0.9633
  ep 12/14 [B(full)] loss=0.2812 val_loss=0.1372 val_acc=0.9630 val_bacc=0.9630
  ep 13/14 [B(full)] loss=0.2735 val_loss=0.1314 val_acc=0.9647 val_bacc=0.9647
  ep 14/14 [B(full)] loss=0.2711 val_loss=0.1291 val_acc=0.9637 val_bacc=0.9637
  [tta] val_plain=0.9647 val_tta=0.9633 -> use_tta=False (decided on val)

[report]
                               precision    recall  f1-score   support

choroidal neovascularization       0.75      0.99      0.85       250
      diabetic macular edema       0.96      0.96      0.96       250
                      drusen       0.98      0.70      0.82       250
                      normal       0.99      0.96      0.97       250

                    accuracy                           0.90      1000
                   macro avg       0.92      0.90      0.90      1000
                weighted avg       0.92      0.90      0.90      1000

[RESULT] oct_geo test_acc=0.9020 train_acc=0.9864 gap=+0.0844 macroF1=0.9012 auc=0.9856 tta=False
OCT_GEO_DONE
[exit] oct_geo rc=0

======== retina_bg2  2026-09-08 13:07:10 ========
[cmd] DATASET=retinamnist ARCH=efficientnet_b0 PREPROC=ben_graham SUFFIX=_bg2
[retina_bg2] retinamnist arch=efficientnet_b0 size=224 batch=24 classes=5 device=cuda binary=False mixup=0.0 cutmix=0.0 preproc=ben_graham/full
[preproc] ben_graham train -> (1080, 224, 224, 3) in 2.7s
[mem] train split -> memmap C:\Users\so\Desktop\AI-Powered Radiology Hub\api\data\medmnist\_memmap\retinamnist_train_224_ben_graham.npy (0.16 GB)
[preproc] ben_graham val -> (120, 224, 224, 3) in 0.3s
[preproc] ben_graham test -> (400, 224, 224, 3) in 0.9s
[retina_bg2] train=1080 val=120 test=400 | test balance=[174, 46, 92, 68, 20]
  ep  1/30 [A(head)] loss=1.5901 val_loss=1.3879 val_acc=0.4417 val_bacc=0.4077
  ep  2/30 [A(head)] loss=1.4618 val_loss=1.3415 val_acc=0.5000 val_bacc=0.4639
  ep  3/30 [A(head)] loss=1.4277 val_loss=1.2877 val_acc=0.4667 val_bacc=0.3976
  ep  4/30 [B(full)] loss=1.3244 val_loss=1.1500 val_acc=0.5667 val_bacc=0.5797
  ep  5/30 [B(full)] loss=1.1179 val_loss=1.0035 val_acc=0.6000 val_bacc=0.6057
  ep  6/30 [B(full)] loss=0.9923 val_loss=1.1858 val_acc=0.5333 val_bacc=0.5245
  ep  7/30 [B(full)] loss=0.8987 val_loss=1.2070 val_acc=0.5083 val_bacc=0.5178
  ep  8/30 [B(full)] loss=0.8332 val_loss=1.0383 val_acc=0.5833 val_bacc=0.5578
  ep  9/30 [B(full)] loss=0.7934 val_loss=0.9958 val_acc=0.6167 val_bacc=0.5736
  ep 10/30 [B(full)] loss=0.7277 val_loss=1.1151 val_acc=0.5917 val_bacc=0.5686
  ep 11/30 [B(full)] loss=0.6772 val_loss=0.9925 val_acc=0.6417 val_bacc=0.5687
  ep 12/30 [B(full)] loss=0.6454 val_loss=1.1881 val_acc=0.5750 val_bacc=0.5417
  ep 13/30 [B(full)] loss=0.6042 val_loss=1.0983 val_acc=0.5917 val_bacc=0.5341
  ep 14/30 [B(full)] loss=0.5822 val_loss=1.1230 val_acc=0.5833 val_bacc=0.5247
  ep 15/30 [B(full)] loss=0.5737 val_loss=1.1349 val_acc=0.5333 val_bacc=0.4824
  ep 16/30 [B(full)] loss=0.5405 val_loss=1.0793 val_acc=0.5917 val_bacc=0.5439
  ep 17/30 [B(full)] loss=0.5007 val_loss=1.0089 val_acc=0.6250 val_bacc=0.5732
  ep 18/30 [B(full)] loss=0.4924 val_loss=1.0895 val_acc=0.6000 val_bacc=0.5403
  ep 19/30 [B(full)] loss=0.4709 val_loss=1.0364 val_acc=0.6750 val_bacc=0.6158
  ep 20/30 [B(full)] loss=0.4700 val_loss=1.1428 val_acc=0.6333 val_bacc=0.6032
  ep 21/30 [B(full)] loss=0.4611 val_loss=1.1868 val_acc=0.6167 val_bacc=0.5698
  ep 22/30 [B(full)] loss=0.4695 val_loss=1.1995 val_acc=0.6167 val_bacc=0.5708
  ep 23/30 [B(full)] loss=0.4530 val_loss=1.1754 val_acc=0.6000 val_bacc=0.5565
  ep 24/30 [B(full)] loss=0.4528 val_loss=1.1252 val_acc=0.6417 val_bacc=0.5907
  ep 25/30 [B(full)] loss=0.4496 val_loss=1.1535 val_acc=0.6333 val_bacc=0.5835
  ep 26/30 [B(full)] loss=0.4302 val_loss=1.1635 val_acc=0.6167 val_bacc=0.5698
  ep 27/30 [B(full)] loss=0.4469 val_loss=1.1183 val_acc=0.6250 val_bacc=0.5735
  [early stop] patience 8
  [tta] val_plain=0.6750 val_tta=0.6750 -> use_tta=False (decided on val)

[report]
               precision    recall  f1-score   support

           0       0.78      0.81      0.79       174
           1       0.26      0.26      0.26        46
           2       0.62      0.59      0.60        92
           3       0.65      0.74      0.69        68
           4       0.75      0.30      0.43        20

    accuracy                           0.66       400
   macro avg       0.61      0.54      0.55       400
weighted avg       0.66      0.66      0.65       400

[RESULT] retina_bg2 test_acc=0.6575 train_acc=0.9880 gap=+0.3305 macroF1=0.5548 auc=0.8481 tta=False
RETINA_BG2_DONE
[exit] retina_bg2 rc=0

======== retina_clahe2  2026-09-08 13:16:40 ========
[cmd] DATASET=retinamnist ARCH=efficientnet_b0 PREPROC=clahe      SUFFIX=_clahe2
[retina_clahe2] retinamnist arch=efficientnet_b0 size=224 batch=24 classes=5 device=cuda binary=False mixup=0.0 cutmix=0.0 preproc=clahe/full
[preproc] clahe train -> (1080, 224, 224, 3) in 24.2s
[mem] train split -> memmap C:\Users\so\Desktop\AI-Powered Radiology Hub\api\data\medmnist\_memmap\retinamnist_train_224_clahe.npy (0.16 GB)
[preproc] clahe val -> (120, 224, 224, 3) in 2.4s
[preproc] clahe test -> (400, 224, 224, 3) in 7.8s
[retina_clahe2] train=1080 val=120 test=400 | test balance=[174, 46, 92, 68, 20]
  ep  1/30 [A(head)] loss=1.5844 val_loss=1.2831 val_acc=0.5167 val_bacc=0.4714
  ep  2/30 [A(head)] loss=1.4431 val_loss=1.2291 val_acc=0.5417 val_bacc=0.5249
  ep  3/30 [A(head)] loss=1.4029 val_loss=1.2200 val_acc=0.5917 val_bacc=0.5792
  ep  4/30 [B(full)] loss=1.3376 val_loss=1.0964 val_acc=0.5500 val_bacc=0.5553
  ep  5/30 [B(full)] loss=1.1464 val_loss=1.1482 val_acc=0.5750 val_bacc=0.5682
  ep  6/30 [B(full)] loss=1.0156 val_loss=1.1594 val_acc=0.5833 val_bacc=0.5808
  ep  7/30 [B(full)] loss=0.9569 val_loss=1.1028 val_acc=0.6083 val_bacc=0.5712
  ep  8/30 [B(full)] loss=0.9174 val_loss=0.9122 val_acc=0.6417 val_bacc=0.5544
  ep  9/30 [B(full)] loss=0.8549 val_loss=1.0051 val_acc=0.6250 val_bacc=0.5647
  ep 10/30 [B(full)] loss=0.7736 val_loss=1.1025 val_acc=0.5750 val_bacc=0.5500
  ep 11/30 [B(full)] loss=0.7217 val_loss=0.9825 val_acc=0.6500 val_bacc=0.5832
  ep 12/30 [B(full)] loss=0.6738 val_loss=1.0108 val_acc=0.5917 val_bacc=0.5378
  ep 13/30 [B(full)] loss=0.6301 val_loss=0.9557 val_acc=0.6500 val_bacc=0.5737
  ep 14/30 [B(full)] loss=0.6128 val_loss=1.0998 val_acc=0.6000 val_bacc=0.5017
  ep 15/30 [B(full)] loss=0.6037 val_loss=0.9783 val_acc=0.6250 val_bacc=0.5929
  ep 16/30 [B(full)] loss=0.5659 val_loss=0.9937 val_acc=0.6000 val_bacc=0.5291
  ep 17/30 [B(full)] loss=0.5624 val_loss=0.9488 val_acc=0.6250 val_bacc=0.5591
  ep 18/30 [B(full)] loss=0.5252 val_loss=1.0104 val_acc=0.6750 val_bacc=0.5815
  ep 19/30 [B(full)] loss=0.5128 val_loss=0.9281 val_acc=0.6417 val_bacc=0.5637
  ep 20/30 [B(full)] loss=0.5076 val_loss=0.9893 val_acc=0.6417 val_bacc=0.5472
  ep 21/30 [B(full)] loss=0.4938 val_loss=0.9939 val_acc=0.6417 val_bacc=0.5501
  ep 22/30 [B(full)] loss=0.4752 val_loss=1.0502 val_acc=0.6167 val_bacc=0.5457
  ep 23/30 [B(full)] loss=0.4662 val_loss=1.0344 val_acc=0.6250 val_bacc=0.5494
  ep 24/30 [B(full)] loss=0.4736 val_loss=0.9920 val_acc=0.6333 val_bacc=0.5496
  ep 25/30 [B(full)] loss=0.4558 val_loss=0.9922 val_acc=0.6333 val_bacc=0.5468
  ep 26/30 [B(full)] loss=0.4432 val_loss=0.9918 val_acc=0.6333 val_bacc=0.5496
  [early stop] patience 8
  [tta] val_plain=0.6750 val_tta=0.6750 -> use_tta=False (decided on val)
=== sweep queue_resume.txt start 2026-09-09 04:11:06 ===

======== retina_clahe2  2026-09-09 04:11:06 ========
[cmd] DATASET=retinamnist ARCH=efficientnet_b0 PREPROC=clahe      SUFFIX=_clahe2
[retina_clahe2] retinamnist arch=efficientnet_b0 size=224 batch=24 classes=5 device=cuda binary=False mixup=0.0 cutmix=0.0 preproc=clahe/full
[preproc] clahe train -> (1080, 224, 224, 3) in 19.7s
[mem] train split -> memmap C:\Users\so\Desktop\AI-Powered Radiology Hub\api\data\medmnist\_memmap\retinamnist_train_224_clahe.npy (0.16 GB)
[preproc] clahe val -> (120, 224, 224, 3) in 2.1s
[preproc] clahe test -> (400, 224, 224, 3) in 6.9s
[retina_clahe2] train=1080 val=120 test=400 | test balance=[174, 46, 92, 68, 20]
  ep  1/30 [A(head)] loss=1.5844 val_loss=1.2831 val_acc=0.5167 val_bacc=0.4714
  ep  2/30 [A(head)] loss=1.4431 val_loss=1.2291 val_acc=0.5417 val_bacc=0.5249
  ep  3/30 [A(head)] loss=1.4029 val_loss=1.2200 val_acc=0.5917 val_bacc=0.5792
  ep  4/30 [B(full)] loss=1.3376 val_loss=1.0964 val_acc=0.5500 val_bacc=0.5553
  ep  5/30 [B(full)] loss=1.1464 val_loss=1.1482 val_acc=0.5750 val_bacc=0.5682
  ep  6/30 [B(full)] loss=1.0156 val_loss=1.1594 val_acc=0.5833 val_bacc=0.5808
  ep  7/30 [B(full)] loss=0.9569 val_loss=1.1028 val_acc=0.6083 val_bacc=0.5712
  ep  8/30 [B(full)] loss=0.9174 val_loss=0.9123 val_acc=0.6417 val_bacc=0.5544
  ep  9/30 [B(full)] loss=0.8549 val_loss=1.0051 val_acc=0.6250 val_bacc=0.5647
  ep 10/30 [B(full)] loss=0.7736 val_loss=1.1024 val_acc=0.5750 val_bacc=0.5500
  ep 11/30 [B(full)] loss=0.7217 val_loss=0.9825 val_acc=0.6500 val_bacc=0.5832
  ep 12/30 [B(full)] loss=0.6738 val_loss=1.0108 val_acc=0.5917 val_bacc=0.5378
  ep 13/30 [B(full)] loss=0.6301 val_loss=0.9557 val_acc=0.6500 val_bacc=0.5737
  ep 14/30 [B(full)] loss=0.6128 val_loss=1.0998 val_acc=0.6000 val_bacc=0.5017
  ep 15/30 [B(full)] loss=0.6037 val_loss=0.9783 val_acc=0.6250 val_bacc=0.5929
  ep 16/30 [B(full)] loss=0.5659 val_loss=0.9937 val_acc=0.6000 val_bacc=0.5291
  ep 17/30 [B(full)] loss=0.5624 val_loss=0.9487 val_acc=0.6250 val_bacc=0.5591
  ep 18/30 [B(full)] loss=0.5252 val_loss=1.0104 val_acc=0.6750 val_bacc=0.5815
  ep 19/30 [B(full)] loss=0.5128 val_loss=0.9281 val_acc=0.6417 val_bacc=0.5637
  ep 20/30 [B(full)] loss=0.5076 val_loss=0.9893 val_acc=0.6417 val_bacc=0.5472
  ep 21/30 [B(full)] loss=0.4938 val_loss=0.9939 val_acc=0.6417 val_bacc=0.5501
  ep 22/30 [B(full)] loss=0.4752 val_loss=1.0501 val_acc=0.6167 val_bacc=0.5457
  ep 23/30 [B(full)] loss=0.4662 val_loss=1.0344 val_acc=0.6250 val_bacc=0.5494
  ep 24/30 [B(full)] loss=0.4736 val_loss=0.9920 val_acc=0.6333 val_bacc=0.5496
  ep 25/30 [B(full)] loss=0.4558 val_loss=0.9921 val_acc=0.6333 val_bacc=0.5468
  ep 26/30 [B(full)] loss=0.4432 val_loss=0.9918 val_acc=0.6333 val_bacc=0.5496
  [early stop] patience 8
  [tta] val_plain=0.6750 val_tta=0.6750 -> use_tta=False (decided on val)

[report]
               precision    recall  f1-score   support

           0       0.76      0.78      0.77       174
           1       0.25      0.28      0.27        46
           2       0.46      0.36      0.40        92
           3       0.61      0.81      0.70        68
           4       0.73      0.40      0.52        20

    accuracy                           0.61       400
   macro avg       0.56      0.53      0.53       400
weighted avg       0.61      0.61      0.60       400

[RESULT] retina_clahe2 test_acc=0.6100 train_acc=0.9898 gap=+0.3798 macroF1=0.5309 auc=0.8241 tta=False
RETINA_CLAHE2_DONE
[exit] retina_clahe2 rc=0

======== derma_bin_bacc  2026-09-09 04:19:09 ========
[cmd] DATASET=dermamnist ARCH=efficientnet_b0 BINARY=1 EPOCHS=45 SELECT_ON=bacc   SUFFIX=_bacc
[derma_bin_bacc] dermamnist arch=efficientnet_b0 size=224 batch=24 classes=2 device=cuda binary=True mixup=0.0 cutmix=0.0 preproc=none/full
[mem] train split -> memmap C:\Users\so\Desktop\AI-Powered Radiology Hub\api\data\medmnist\_memmap\dermamnist_train_224.npy (1.05 GB)
[mem] val split -> memmap C:\Users\so\Desktop\AI-Powered Radiology Hub\api\data\medmnist\_memmap\dermamnist_val_224.npy (0.15 GB)
[mem] test split -> memmap C:\Users\so\Desktop\AI-Powered Radiology Hub\api\data\medmnist\_memmap\dermamnist_test_224.npy (0.30 GB)
[derma_bin_bacc] train=7007 val=1003 test=2005 | test balance=[1613, 392]
  ep  1/45 [A(head)] loss=0.5924 val_loss=0.5317 val_acc=0.7109 val_bacc=0.7759
  ep  2/45 [A(head)] loss=0.5714 val_loss=0.4737 val_acc=0.7627 val_bacc=0.7753
  ep  3/45 [A(head)] loss=0.5732 val_loss=0.4540 val_acc=0.7827 val_bacc=0.8012
  ep  4/45 [B(full)] loss=0.5498 val_loss=0.3970 val_acc=0.8245 val_bacc=0.8156
  ep  5/45 [B(full)] loss=0.5055 val_loss=0.4464 val_acc=0.7637 val_bacc=0.8184
  ep  6/45 [B(full)] loss=0.4779 val_loss=0.3561 val_acc=0.8485 val_bacc=0.8305
  ep  7/45 [B(full)] loss=0.4530 val_loss=0.3405 val_acc=0.8614 val_bacc=0.8540
  ep  8/45 [B(full)] loss=0.4428 val_loss=0.3312 val_acc=0.8664 val_bacc=0.8571
  ep  9/45 [B(full)] loss=0.4207 val_loss=0.3233 val_acc=0.8734 val_bacc=0.8614
  ep 10/45 [B(full)] loss=0.4097 val_loss=0.3099 val_acc=0.8694 val_bacc=0.8609
  ep 11/45 [B(full)] loss=0.3861 val_loss=0.3355 val_acc=0.8614 val_bacc=0.8463
  ep 12/45 [B(full)] loss=0.3723 val_loss=0.2915 val_acc=0.8863 val_bacc=0.8096
  ep 13/45 [B(full)] loss=0.3574 val_loss=0.2924 val_acc=0.9003 val_bacc=0.8415
  ep 14/45 [B(full)] loss=0.3491 val_loss=0.2942 val_acc=0.8814 val_bacc=0.8413
  ep 15/45 [B(full)] loss=0.3341 val_loss=0.3052 val_acc=0.8873 val_bacc=0.8624
  ep 16/45 [B(full)] loss=0.3274 val_loss=0.2726 val_acc=0.8983 val_bacc=0.8460
  ep 17/45 [B(full)] loss=0.3094 val_loss=0.3318 val_acc=0.8863 val_bacc=0.8811
  ep 18/45 [B(full)] loss=0.3048 val_loss=0.3401 val_acc=0.8843 val_bacc=0.8837
  ep 19/45 [B(full)] loss=0.2919 val_loss=0.2739 val_acc=0.9053 val_bacc=0.8426
  ep 20/45 [B(full)] loss=0.2835 val_loss=0.2585 val_acc=0.8893 val_bacc=0.8076
  ep 21/45 [B(full)] loss=0.2744 val_loss=0.2928 val_acc=0.9013 val_bacc=0.8479
  ep 22/45 [B(full)] loss=0.2750 val_loss=0.2585 val_acc=0.9123 val_bacc=0.8644
  ep 23/45 [B(full)] loss=0.2632 val_loss=0.2577 val_acc=0.9113 val_bacc=0.8695
  ep 24/45 [B(full)] loss=0.2562 val_loss=0.2706 val_acc=0.9192 val_bacc=0.8726
  ep 25/45 [B(full)] loss=0.2581 val_loss=0.3004 val_acc=0.9013 val_bacc=0.8633
  ep 26/45 [B(full)] loss=0.2474 val_loss=0.2716 val_acc=0.9242 val_bacc=0.8834
  [early stop] patience 8
  [tta] val_plain=0.8843 val_tta=0.8814 -> use_tta=False (decided on val)

[report]
                                             precision    recall  f1-score   support

                   benign (bkl/df/nv/vasc)       0.97      0.88      0.92      1613
malignant or pre-malignant (akiec/bcc/mel)       0.63      0.88      0.73       392

                                  accuracy                           0.88      2005
                                 macro avg       0.80      0.88      0.83      2005
                              weighted avg       0.90      0.88      0.88      2005

[RESULT] derma_bin_bacc test_acc=0.8758 train_acc=0.9612 gap=+0.0854 macroF1=0.8264 auc=0.94 tta=False
DERMA_BIN_BACC_DONE
[exit] derma_bin_bacc rc=0

======== derma_bin_rec  2026-09-09 05:05:56 ========
[cmd] DATASET=dermamnist ARCH=efficientnet_b0 BINARY=1 EPOCHS=45 SELECT_ON=recall SUFFIX=_rec
[derma_bin_rec] dermamnist arch=efficientnet_b0 size=224 batch=24 classes=2 device=cuda binary=True mixup=0.0 cutmix=0.0 preproc=none/full
[mem] train split -> memmap C:\Users\so\Desktop\AI-Powered Radiology Hub\api\data\medmnist\_memmap\dermamnist_train_224.npy (1.05 GB)
[mem] val split -> memmap C:\Users\so\Desktop\AI-Powered Radiology Hub\api\data\medmnist\_memmap\dermamnist_val_224.npy (0.15 GB)
[mem] test split -> memmap C:\Users\so\Desktop\AI-Powered Radiology Hub\api\data\medmnist\_memmap\dermamnist_test_224.npy (0.30 GB)
[derma_bin_rec] train=7007 val=1003 test=2005 | test balance=[1613, 392]
  ep  1/45 [A(head)] loss=0.5924 val_loss=0.5317 val_acc=0.7109 val_bacc=0.7759
  ep  2/45 [A(head)] loss=0.5714 val_loss=0.4737 val_acc=0.7627 val_bacc=0.7753
  ep  3/45 [A(head)] loss=0.5732 val_loss=0.4540 val_acc=0.7827 val_bacc=0.8012
  ep  4/45 [B(full)] loss=0.5498 val_loss=0.3971 val_acc=0.8245 val_bacc=0.8156
  ep  5/45 [B(full)] loss=0.5054 val_loss=0.4468 val_acc=0.7647 val_bacc=0.8190
  ep  6/45 [B(full)] loss=0.4779 val_loss=0.3565 val_acc=0.8485 val_bacc=0.8305
  ep  7/45 [B(full)] loss=0.4530 val_loss=0.3416 val_acc=0.8584 val_bacc=0.8521
  ep  8/45 [B(full)] loss=0.4427 val_loss=0.3299 val_acc=0.8604 val_bacc=0.8495
  ep  9/45 [B(full)] loss=0.4204 val_loss=0.3239 val_acc=0.8704 val_bacc=0.8654
  ep 10/45 [B(full)] loss=0.4098 val_loss=0.3164 val_acc=0.8644 val_bacc=0.8636
  ep 11/45 [B(full)] loss=0.3876 val_loss=0.3419 val_acc=0.8604 val_bacc=0.8611
  ep 12/45 [B(full)] loss=0.3701 val_loss=0.2875 val_acc=0.9003 val_bacc=0.8241
  ep 13/45 [B(full)] loss=0.3564 val_loss=0.2855 val_acc=0.8993 val_bacc=0.8466
  [early stop] patience 8
  [tta] val_plain=0.7647 val_tta=0.7707 -> use_tta=True (decided on val)

[report]
                                             precision    recall  f1-score   support

                   benign (bkl/df/nv/vasc)       0.97      0.75      0.85      1613
malignant or pre-malignant (akiec/bcc/mel)       0.47      0.91      0.62       392

                                  accuracy                           0.78      2005
                                 macro avg       0.72      0.83      0.73      2005
                              weighted avg       0.87      0.78      0.80      2005

[RESULT] derma_bin_rec test_acc=0.7796 train_acc=0.7939 gap=+0.0144 macroF1=0.7311 auc=0.9176 tta=True
DERMA_BIN_REC_DONE
[exit] derma_bin_rec rc=0

======== breast_k_r18f0  2026-09-09 05:27:21 ========
[cmd] DATASET=breastmnist ARCH=resnet18 KFOLD=5 FOLD=0 SUFFIX=_k_r18f0
[breast_k_r18f0] breastmnist arch=resnet18 size=224 batch=32 classes=2 device=cuda binary=False mixup=0.0 cutmix=0.0 preproc=none/full
[kfold] 5-fold, fold 0: pooled 624 -> train 499 / val 125 (seed 12345, stratified)
[breast_k_r18f0] train=499 val=125 test=156 | test balance=[42, 114]
  ep  1/30 [A(head)] loss=0.7428 val_loss=0.6117 val_acc=0.6880 val_bacc=0.4965
  ep  2/30 [A(head)] loss=0.7065 val_loss=0.6011 val_acc=0.7200 val_bacc=0.6543
  ep  3/30 [A(head)] loss=0.6773 val_loss=0.5704 val_acc=0.7280 val_bacc=0.6986
  ep  4/30 [B(full)] loss=0.6437 val_loss=0.4082 val_acc=0.8240 val_bacc=0.8319
  ep  5/30 [B(full)] loss=0.5969 val_loss=0.6895 val_acc=0.7360 val_bacc=0.5000
  ep  6/30 [B(full)] loss=0.4671 val_loss=0.9855 val_acc=0.5760 val_bacc=0.7120
  ep  7/30 [B(full)] loss=0.4028 val_loss=0.2792 val_acc=0.8800 val_bacc=0.8310
  ep  8/30 [B(full)] loss=0.4062 val_loss=0.5234 val_acc=0.7920 val_bacc=0.8101
  ep  9/30 [B(full)] loss=0.3622 val_loss=0.4864 val_acc=0.8080 val_bacc=0.8598
  ep 10/30 [B(full)] loss=0.3755 val_loss=0.4256 val_acc=0.7920 val_bacc=0.8198
  ep 11/30 [B(full)] loss=0.3546 val_loss=0.9763 val_acc=0.6720 val_bacc=0.7772
  ep 12/30 [B(full)] loss=0.3447 val_loss=0.3302 val_acc=0.8480 val_bacc=0.8676
  ep 13/30 [B(full)] loss=0.3496 val_loss=0.4317 val_acc=0.8080 val_bacc=0.8404
  ep 14/30 [B(full)] loss=0.3104 val_loss=0.5710 val_acc=0.8320 val_bacc=0.8859
  ep 15/30 [B(full)] loss=0.2903 val_loss=0.3299 val_acc=0.8640 val_bacc=0.8590
  [early stop] patience 8
  [tta] val_plain=0.8800 val_tta=0.9040 -> use_tta=True (decided on val)

[report]
                 precision    recall  f1-score   support

     malignant       0.83      0.69      0.75        42
normal, benign       0.89      0.95      0.92       114

      accuracy                           0.88       156
     macro avg       0.86      0.82      0.84       156
  weighted avg       0.88      0.88      0.87       156

[RESULT] breast_k_r18f0 test_acc=0.8782 train_acc=0.9439 gap=+0.0657 macroF1=0.8362 auc=0.9449 tta=True
BREAST_K_R18F0_DONE
[exit] breast_k_r18f0 rc=0

======== breast_k_r18f1  2026-09-09 05:28:55 ========
[cmd] DATASET=breastmnist ARCH=resnet18 KFOLD=5 FOLD=1 SUFFIX=_k_r18f1
[breast_k_r18f1] breastmnist arch=resnet18 size=224 batch=32 classes=2 device=cuda binary=False mixup=0.0 cutmix=0.0 preproc=none/full
[kfold] 5-fold, fold 1: pooled 624 -> train 499 / val 125 (seed 12345, stratified)
[breast_k_r18f1] train=499 val=125 test=156 | test balance=[42, 114]
  ep  1/30 [A(head)] loss=0.7938 val_loss=0.7380 val_acc=0.4720 val_bacc=0.5545
  ep  2/30 [A(head)] loss=0.7231 val_loss=0.6700 val_acc=0.5520 val_bacc=0.6094
  ep  3/30 [A(head)] loss=0.6399 val_loss=0.7229 val_acc=0.5120 val_bacc=0.6464
  ep  4/30 [B(full)] loss=0.6001 val_loss=0.4130 val_acc=0.8080 val_bacc=0.7207
  ep  5/30 [B(full)] loss=0.5590 val_loss=0.5320 val_acc=0.8400 val_bacc=0.8348
  ep  6/30 [B(full)] loss=0.4743 val_loss=0.3674 val_acc=0.8480 val_bacc=0.7943
  ep  7/30 [B(full)] loss=0.4083 val_loss=0.3094 val_acc=0.8960 val_bacc=0.8365
  ep  8/30 [B(full)] loss=0.3497 val_loss=0.6584 val_acc=0.7120 val_bacc=0.7746
  ep  9/30 [B(full)] loss=0.4047 val_loss=0.4994 val_acc=0.7680 val_bacc=0.8038
  ep 10/30 [B(full)] loss=0.3490 val_loss=0.6991 val_acc=0.6960 val_bacc=0.7452
  ep 11/30 [B(full)] loss=0.3549 val_loss=0.3273 val_acc=0.8960 val_bacc=0.8549
  ep 12/30 [B(full)] loss=0.3279 val_loss=0.3664 val_acc=0.8640 val_bacc=0.8513
  ep 13/30 [B(full)] loss=0.2938 val_loss=0.4080 val_acc=0.8160 val_bacc=0.8184
  ep 14/30 [B(full)] loss=0.3039 val_loss=0.3891 val_acc=0.8320 val_bacc=0.8293
  ep 15/30 [B(full)] loss=0.2877 val_loss=0.3568 val_acc=0.8240 val_bacc=0.7962
  [early stop] patience 8
  [tta] val_plain=0.8960 val_tta=0.8960 -> use_tta=False (decided on val)

[report]
                 precision    recall  f1-score   support

     malignant       0.83      0.69      0.75        42
normal, benign       0.89      0.95      0.92       114

      accuracy                           0.88       156
     macro avg       0.86      0.82      0.84       156
  weighted avg       0.88      0.88      0.87       156

[RESULT] breast_k_r18f1 test_acc=0.8782 train_acc=0.9439 gap=+0.0657 macroF1=0.8362 auc=0.9081 tta=False
BREAST_K_R18F1_DONE
[exit] breast_k_r18f1 rc=0

======== derma_bin_focal  2026-09-09 05:30:23 ========
[cmd] DATASET=dermamnist ARCH=efficientnet_b0 BINARY=1 EPOCHS=45 LOSS=focal SUFFIX=_focal
[derma_bin_focal] dermamnist arch=efficientnet_b0 size=224 batch=24 classes=2 device=cuda binary=True mixup=0.0 cutmix=0.0 preproc=none/full
[mem] train split -> memmap C:\Users\so\Desktop\AI-Powered Radiology Hub\api\data\medmnist\_memmap\dermamnist_train_224.npy (1.05 GB)
[mem] val split -> memmap C:\Users\so\Desktop\AI-Powered Radiology Hub\api\data\medmnist\_memmap\dermamnist_val_224.npy (0.15 GB)
[mem] test split -> memmap C:\Users\so\Desktop\AI-Powered Radiology Hub\api\data\medmnist\_memmap\dermamnist_test_224.npy (0.30 GB)
[derma_bin_focal] train=7007 val=1003 test=2005 | test balance=[1613, 392]
  ep  1/45 [A(head)] loss=0.1535 val_loss=0.6002 val_acc=0.6530 val_bacc=0.7400
  ep  2/45 [A(head)] loss=0.1435 val_loss=0.5016 val_acc=0.7976 val_bacc=0.7352
  ep  3/45 [A(head)] loss=0.1474 val_loss=0.5013 val_acc=0.7946 val_bacc=0.7835
  ep  4/45 [B(full)] loss=0.1249 val_loss=0.4390 val_acc=0.7916 val_bacc=0.8010
  ep  5/45 [B(full)] loss=0.1201 val_loss=0.4385 val_acc=0.7547 val_bacc=0.8244
  ep  6/45 [B(full)] loss=0.1086 val_loss=0.4054 val_acc=0.8265 val_bacc=0.8265
  ep  7/45 [B(full)] loss=0.1018 val_loss=0.4140 val_acc=0.7727 val_bacc=0.8298
  ep  8/45 [B(full)] loss=0.0954 val_loss=0.4129 val_acc=0.8036 val_bacc=0.8316
[exit] derma_bin_focal rc=127

======== breast_k_r18f2  2026-09-09 05:42:38 ========
[cmd] DATASET=breastmnist ARCH=resnet18 KFOLD=5 FOLD=2 SUFFIX=_k_r18f2
[breast_k_r18f2] breastmnist arch=resnet18 size=224 batch=32 classes=2 device=cuda binary=False mixup=0.0 cutmix=0.0 preproc=none/full
[kfold] 5-fold, fold 2: pooled 624 -> train 499 / val 125 (seed 12345, stratified)
[breast_k_r18f2] train=499 val=125 test=156 | test balance=[42, 114]
  ep  1/30 [A(head)] loss=0.7964 val_loss=0.6370 val_acc=0.6160 val_bacc=0.4507
  ep  2/30 [A(head)] loss=0.6788 val_loss=0.6454 val_acc=0.5920 val_bacc=0.5816
  ep  3/30 [A(head)] loss=0.6727 val_loss=0.6518 val_acc=0.5840 val_bacc=0.6037
  ep  4/30 [B(full)] loss=0.6210 val_loss=0.4226 val_acc=0.8160 val_bacc=0.6894
  ep  5/30 [B(full)] loss=0.6474 val_loss=0.3417 val_acc=0.8560 val_bacc=0.7537
  ep  6/30 [B(full)] loss=0.5411 val_loss=0.3700 val_acc=0.8400 val_bacc=0.7427
  ep  7/30 [B(full)] loss=0.4987 val_loss=0.6030 val_acc=0.7280 val_bacc=0.8040
  ep  8/30 [B(full)] loss=0.4410 val_loss=0.5217 val_acc=0.8400 val_bacc=0.7059
  ep  9/30 [B(full)] loss=0.3971 val_loss=0.3046 val_acc=0.8880 val_bacc=0.8862
  ep 10/30 [B(full)] loss=0.3665 val_loss=0.2454 val_acc=0.9200 val_bacc=0.8714
  ep 11/30 [B(full)] loss=0.3837 val_loss=0.3533 val_acc=0.8720 val_bacc=0.7739
  ep 12/30 [B(full)] loss=0.3499 val_loss=0.2606 val_acc=0.9280 val_bacc=0.8953
  ep 13/30 [B(full)] loss=0.3483 val_loss=0.3710 val_acc=0.8320 val_bacc=0.8478
  ep 14/30 [B(full)] loss=0.3602 val_loss=0.3183 val_acc=0.8960 val_bacc=0.9101
  ep 15/30 [B(full)] loss=0.2924 val_loss=0.2839 val_acc=0.9040 val_bacc=0.8604
  ep 16/30 [B(full)] loss=0.2929 val_loss=0.3730 val_acc=0.8560 val_bacc=0.8827
  ep 17/30 [B(full)] loss=0.2501 val_loss=0.2726 val_acc=0.8880 val_bacc=0.8954
  ep 18/30 [B(full)] loss=0.2733 val_loss=0.3213 val_acc=0.8560 val_bacc=0.8827
  ep 19/30 [B(full)] loss=0.2957 val_loss=0.3951 val_acc=0.8720 val_bacc=0.8937
  ep 20/30 [B(full)] loss=0.2536 val_loss=0.2003 val_acc=0.9520 val_bacc=0.9302
  ep 21/30 [B(full)] loss=0.2540 val_loss=0.2501 val_acc=0.9200 val_bacc=0.9082
  ep 22/30 [B(full)] loss=0.2329 val_loss=0.3110 val_acc=0.8880 val_bacc=0.8954
  ep 23/30 [B(full)] loss=0.2296 val_loss=0.2934 val_acc=0.8960 val_bacc=0.9101
  ep 24/30 [B(full)] loss=0.2414 val_loss=0.3427 val_acc=0.8720 val_bacc=0.8937
  ep 25/30 [B(full)] loss=0.2038 val_loss=0.3213 val_acc=0.8720 val_bacc=0.8937
  ep 26/30 [B(full)] loss=0.2239 val_loss=0.2624 val_acc=0.8960 val_bacc=0.8917
  ep 27/30 [B(full)] loss=0.2391 val_loss=0.2827 val_acc=0.9040 val_bacc=0.9156
  ep 28/30 [B(full)] loss=0.2137 val_loss=0.2825 val_acc=0.9040 val_bacc=0.9156
  [early stop] patience 8
  [tta] val_plain=0.9520 val_tta=0.9360 -> use_tta=False (decided on val)

[report]
                 precision    recall  f1-score   support

     malignant       0.81      0.81      0.81        42
normal, benign       0.93      0.93      0.93       114

      accuracy                           0.90       156
     macro avg       0.87      0.87      0.87       156
  weighted avg       0.90      0.90      0.90       156

[RESULT] breast_k_r18f2 test_acc=0.8974 train_acc=0.9940 gap=+0.0966 macroF1=0.8697 auc=0.9378 tta=False
BREAST_K_R18F2_DONE
[exit] breast_k_r18f2 rc=0
=== sweep queue_resume.txt end 2026-09-09 05:45:22 ===
[lock] /c/Users/so/Desktop/AI-Powered Radiology Hub/api/models/.runner.lock is stale: recorded pid '1181' is gone. Reclaiming.
=== sweep queue_session7.txt start 2026-09-09 06:01:07 ===

======== breast_k_r18f0b  2026-09-09 06:01:07 ========
[cmd] DATASET=breastmnist ARCH=resnet18 KFOLD=5 FOLD=0 SUFFIX=_k_r18f0b
[breast_k_r18f0b] breastmnist arch=resnet18 size=224 batch=32 classes=2 device=cuda binary=False mixup=0.0 cutmix=0.0 preproc=none/full
[kfold] 5-fold, fold 0: pooled 624 -> train 499 / val 125 (seed 12345, stratified)
[breast_k_r18f0b] train=499 val=125 test=156 | test balance=[42, 114]
  ep  1/30 [A(head)] loss=0.7428 val_loss=0.6117 val_acc=0.6880 val_bacc=0.4965
  ep  2/30 [A(head)] loss=0.7065 val_loss=0.6011 val_acc=0.7200 val_bacc=0.6543
  ep  3/30 [A(head)] loss=0.6773 val_loss=0.5704 val_acc=0.7280 val_bacc=0.6986
  ep  4/30 [B(full)] loss=0.6422 val_loss=0.4321 val_acc=0.8000 val_bacc=0.8058
  ep  5/30 [B(full)] loss=0.5999 val_loss=0.7064 val_acc=0.7360 val_bacc=0.5000
  ep  6/30 [B(full)] loss=0.4617 val_loss=0.9072 val_acc=0.6320 val_bacc=0.7500
  ep  7/30 [B(full)] loss=0.4077 val_loss=0.3317 val_acc=0.8800 val_bacc=0.8407
  ep  8/30 [B(full)] loss=0.4238 val_loss=0.6016 val_acc=0.7680 val_bacc=0.8132
  ep  9/30 [B(full)] loss=0.3726 val_loss=0.3075 val_acc=0.8400 val_bacc=0.8330
  ep 10/30 [B(full)] loss=0.3618 val_loss=0.3999 val_acc=0.8000 val_bacc=0.8058
  ep 11/30 [B(full)] loss=0.3456 val_loss=0.4870 val_acc=0.7760 val_bacc=0.8187
  ep 12/30 [B(full)] loss=0.3299 val_loss=0.2698 val_acc=0.8800 val_bacc=0.8699
  ep 13/30 [B(full)] loss=0.3577 val_loss=0.4033 val_acc=0.8400 val_bacc=0.8719
  ep 14/30 [B(full)] loss=0.3033 val_loss=0.4988 val_acc=0.8000 val_bacc=0.8447
  ep 15/30 [B(full)] loss=0.2786 val_loss=0.4185 val_acc=0.8240 val_bacc=0.8610
  [early stop] patience 8
  [tta] val_plain=0.8800 val_tta=0.9040 -> use_tta=True (decided on val)
  [select] alternate bacc   best val=0.8719 at epoch 13 -> breast_k_r18f0b_selbacc.pt
  [select] alternate recall best val=1.0000 at epoch 6 -> breast_k_r18f0b_selrecall.pt

[report]
                 precision    recall  f1-score   support

     malignant       0.81      0.71      0.76        42
normal, benign       0.90      0.94      0.92       114

      accuracy                           0.88       156
     macro avg       0.85      0.83      0.84       156
  weighted avg       0.88      0.88      0.88       156

[RESULT] breast_k_r18f0b test_acc=0.8782 train_acc=0.9359 gap=+0.0577 macroF1=0.839 auc=0.9271 tta=True
BREAST_K_R18F0B_DONE
[exit] breast_k_r18f0b rc=0

======== breast_k_r18f0c  2026-09-09 06:02:31 ========
[cmd] DATASET=breastmnist ARCH=resnet18 KFOLD=5 FOLD=0 SUFFIX=_k_r18f0c
[breast_k_r18f0c] breastmnist arch=resnet18 size=224 batch=32 classes=2 device=cuda binary=False mixup=0.0 cutmix=0.0 preproc=none/full
[kfold] 5-fold, fold 0: pooled 624 -> train 499 / val 125 (seed 12345, stratified)
[breast_k_r18f0c] train=499 val=125 test=156 | test balance=[42, 114]
  ep  1/30 [A(head)] loss=0.7428 val_loss=0.6117 val_acc=0.6880 val_bacc=0.4965
  ep  2/30 [A(head)] loss=0.7065 val_loss=0.6011 val_acc=0.7200 val_bacc=0.6543
  ep  3/30 [A(head)] loss=0.6773 val_loss=0.5704 val_acc=0.7280 val_bacc=0.6986
  ep  4/30 [B(full)] loss=0.6452 val_loss=0.3983 val_acc=0.8080 val_bacc=0.7918
  ep  5/30 [B(full)] loss=0.6003 val_loss=0.8118 val_acc=0.7360 val_bacc=0.5000
  ep  6/30 [B(full)] loss=0.4710 val_loss=1.0649 val_acc=0.5680 val_bacc=0.7065
  ep  7/30 [B(full)] loss=0.3978 val_loss=0.2981 val_acc=0.8640 val_bacc=0.7910
  ep  8/30 [B(full)] loss=0.4279 val_loss=0.5403 val_acc=0.8080 val_bacc=0.8501
  ep  9/30 [B(full)] loss=0.3638 val_loss=0.4479 val_acc=0.8080 val_bacc=0.8501
  ep 10/30 [B(full)] loss=0.3646 val_loss=0.8248 val_acc=0.6720 val_bacc=0.7772
  ep 11/30 [B(full)] loss=0.3540 val_loss=1.0370 val_acc=0.6320 val_bacc=0.7403
  ep 12/30 [B(full)] loss=0.3602 val_loss=0.2918 val_acc=0.8720 val_bacc=0.8839
  ep 13/30 [B(full)] loss=0.3410 val_loss=0.4119 val_acc=0.8000 val_bacc=0.8350
  ep 14/30 [B(full)] loss=0.3040 val_loss=0.4094 val_acc=0.8240 val_bacc=0.8610
  ep 15/30 [B(full)] loss=0.2786 val_loss=0.4839 val_acc=0.8000 val_bacc=0.8544
  ep 16/30 [B(full)] loss=0.2745 val_loss=0.4161 val_acc=0.7920 val_bacc=0.8490
  ep 17/30 [B(full)] loss=0.2636 val_loss=0.3904 val_acc=0.8240 val_bacc=0.8513
  ep 18/30 [B(full)] loss=0.2944 val_loss=0.2975 val_acc=0.8640 val_bacc=0.8785
  ep 19/30 [B(full)] loss=0.2802 val_loss=0.2639 val_acc=0.8720 val_bacc=0.8742
  ep 20/30 [B(full)] loss=0.2332 val_loss=0.3610 val_acc=0.8400 val_bacc=0.8622
  [early stop] patience 8
  [tta] val_plain=0.8720 val_tta=0.8800 -> use_tta=True (decided on val)
  [select] alternate bacc   best val=0.8839 at epoch 12 -> breast_k_r18f0c_selbacc.pt
  [select] alternate recall best val=1.0000 at epoch 6 -> breast_k_r18f0c_selrecall.pt

[report]
                 precision    recall  f1-score   support

     malignant       0.79      0.81      0.80        42
normal, benign       0.93      0.92      0.93       114

      accuracy                           0.89       156
     macro avg       0.86      0.87      0.86       156
  weighted avg       0.89      0.89      0.89       156

[RESULT] breast_k_r18f0c test_acc=0.8910 train_acc=0.9499 gap=+0.0589 macroF1=0.8626 auc=0.9388 tta=True
BREAST_K_R18F0C_DONE
[exit] breast_k_r18f0c rc=0

======== breast_k_r18f0d  2026-09-09 06:04:25 ========
[cmd] DATASET=breastmnist ARCH=resnet18 KFOLD=5 FOLD=0 SUFFIX=_k_r18f0d
[breast_k_r18f0d] breastmnist arch=resnet18 size=224 batch=32 classes=2 device=cuda binary=False mixup=0.0 cutmix=0.0 preproc=none/full
[kfold] 5-fold, fold 0: pooled 624 -> train 499 / val 125 (seed 12345, stratified)
[breast_k_r18f0d] train=499 val=125 test=156 | test balance=[42, 114]
  ep  1/30 [A(head)] loss=0.7428 val_loss=0.6117 val_acc=0.6880 val_bacc=0.4965
  ep  2/30 [A(head)] loss=0.7065 val_loss=0.6011 val_acc=0.7200 val_bacc=0.6543
  ep  3/30 [A(head)] loss=0.6773 val_loss=0.5704 val_acc=0.7280 val_bacc=0.6986
  ep  4/30 [B(full)] loss=0.6426 val_loss=0.4193 val_acc=0.8000 val_bacc=0.7864
  ep  5/30 [B(full)] loss=0.6015 val_loss=0.6588 val_acc=0.7280 val_bacc=0.4946
  ep  6/30 [B(full)] loss=0.4797 val_loss=0.7794 val_acc=0.6560 val_bacc=0.7663
  ep  7/30 [B(full)] loss=0.4164 val_loss=0.3054 val_acc=0.8640 val_bacc=0.7910
  ep  8/30 [B(full)] loss=0.4157 val_loss=0.6031 val_acc=0.7920 val_bacc=0.8295
  ep  9/30 [B(full)] loss=0.3694 val_loss=0.3400 val_acc=0.8560 val_bacc=0.8439
  ep 10/30 [B(full)] loss=0.3852 val_loss=0.4610 val_acc=0.8080 val_bacc=0.8501
  ep 11/30 [B(full)] loss=0.3529 val_loss=0.5276 val_acc=0.7920 val_bacc=0.8587
  ep 12/30 [B(full)] loss=0.3394 val_loss=0.2757 val_acc=0.8880 val_bacc=0.8753
  ep 13/30 [B(full)] loss=0.3485 val_loss=0.4183 val_acc=0.8320 val_bacc=0.8664
  ep 14/30 [B(full)] loss=0.2995 val_loss=0.4728 val_acc=0.8400 val_bacc=0.8913
  ep 15/30 [B(full)] loss=0.2646 val_loss=0.2906 val_acc=0.8560 val_bacc=0.8730
  ep 16/30 [B(full)] loss=0.2650 val_loss=0.4772 val_acc=0.7760 val_bacc=0.8478
  ep 17/30 [B(full)] loss=0.2736 val_loss=0.4630 val_acc=0.8000 val_bacc=0.8350
  ep 18/30 [B(full)] loss=0.2786 val_loss=0.2281 val_acc=0.9200 val_bacc=0.8971
  ep 19/30 [B(full)] loss=0.2815 val_loss=0.4729 val_acc=0.8080 val_bacc=0.8404
  ep 20/30 [B(full)] loss=0.2427 val_loss=0.3263 val_acc=0.8640 val_bacc=0.8979
  ep 21/30 [B(full)] loss=0.2307 val_loss=0.2328 val_acc=0.9040 val_bacc=0.9056
  ep 22/30 [B(full)] loss=0.2308 val_loss=0.3061 val_acc=0.8880 val_bacc=0.9142
  ep 23/30 [B(full)] loss=0.2288 val_loss=0.2384 val_acc=0.9120 val_bacc=0.9208
  ep 24/30 [B(full)] loss=0.2401 val_loss=0.2669 val_acc=0.9040 val_bacc=0.9056
  ep 25/30 [B(full)] loss=0.2208 val_loss=0.2553 val_acc=0.8960 val_bacc=0.8905
  ep 26/30 [B(full)] loss=0.2232 val_loss=0.2659 val_acc=0.9040 val_bacc=0.9056
  [early stop] patience 8
  [tta] val_plain=0.9200 val_tta=0.9280 -> use_tta=True (decided on val)
  [select] alternate bacc   best val=0.9208 at epoch 23 -> breast_k_r18f0d_selbacc.pt
  [select] alternate recall best val=1.0000 at epoch 6 -> breast_k_r18f0d_selrecall.pt

[report]
                 precision    recall  f1-score   support

     malignant       0.80      0.76      0.78        42
normal, benign       0.91      0.93      0.92       114

      accuracy                           0.88       156
     macro avg       0.86      0.85      0.85       156
  weighted avg       0.88      0.88      0.88       156

[RESULT] breast_k_r18f0d test_acc=0.8846 train_acc=0.9800 gap=+0.0953 macroF1=0.8511 auc=0.9213 tta=True
BREAST_K_R18F0D_DONE
[exit] breast_k_r18f0d rc=0

======== derma_bin_all3  2026-09-09 06:06:49 ========
[cmd] DATASET=dermamnist ARCH=efficientnet_b0 BINARY=1 EPOCHS=45 PATIENCE=45 SUFFIX=_all3
[derma_bin_all3] dermamnist arch=efficientnet_b0 size=224 batch=24 classes=2 device=cuda binary=True mixup=0.0 cutmix=0.0 preproc=none/full
[mem] train split -> memmap C:\Users\so\Desktop\AI-Powered Radiology Hub\api\data\medmnist\_memmap\dermamnist_train_224.npy (1.05 GB)
[mem] val split -> memmap C:\Users\so\Desktop\AI-Powered Radiology Hub\api\data\medmnist\_memmap\dermamnist_val_224.npy (0.15 GB)
[mem] test split -> memmap C:\Users\so\Desktop\AI-Powered Radiology Hub\api\data\medmnist\_memmap\dermamnist_test_224.npy (0.30 GB)
[derma_bin_all3] train=7007 val=1003 test=2005 | test balance=[1613, 392]
  ep  1/45 [A(head)] loss=0.5924 val_loss=0.5317 val_acc=0.7109 val_bacc=0.7759
  ep  2/45 [A(head)] loss=0.5714 val_loss=0.4737 val_acc=0.7627 val_bacc=0.7753
  ep  3/45 [A(head)] loss=0.5732 val_loss=0.4540 val_acc=0.7827 val_bacc=0.8012
  ep  4/45 [B(full)] loss=0.5498 val_loss=0.3971 val_acc=0.8245 val_bacc=0.8156
  ep  5/45 [B(full)] loss=0.5055 val_loss=0.4464 val_acc=0.7637 val_bacc=0.8184
  ep  6/45 [B(full)] loss=0.4779 val_loss=0.3562 val_acc=0.8495 val_bacc=0.8311
  ep  7/45 [B(full)] loss=0.4530 val_loss=0.3405 val_acc=0.8604 val_bacc=0.8534
  ep  8/45 [B(full)] loss=0.4429 val_loss=0.3310 val_acc=0.8664 val_bacc=0.8571
  ep  9/45 [B(full)] loss=0.4207 val_loss=0.3217 val_acc=0.8714 val_bacc=0.8563
  ep 10/45 [B(full)] loss=0.4097 val_loss=0.3088 val_acc=0.8654 val_bacc=0.8584
  ep 11/45 [B(full)] loss=0.3865 val_loss=0.3272 val_acc=0.8654 val_bacc=0.8488
  ep 12/45 [B(full)] loss=0.3715 val_loss=0.2902 val_acc=0.8873 val_bacc=0.8102
  ep 13/45 [B(full)] loss=0.3575 val_loss=0.2839 val_acc=0.8953 val_bacc=0.8364
  ep 14/45 [B(full)] loss=0.3497 val_loss=0.2889 val_acc=0.8863 val_bacc=0.8598
  ep 15/45 [B(full)] loss=0.3321 val_loss=0.3008 val_acc=0.8863 val_bacc=0.8579
  ep 16/45 [B(full)] loss=0.3301 val_loss=0.2661 val_acc=0.9053 val_bacc=0.8562
  ep 17/45 [B(full)] loss=0.3096 val_loss=0.3092 val_acc=0.8893 val_bacc=0.8694
  ep 18/45 [B(full)] loss=0.3022 val_loss=0.3390 val_acc=0.8943 val_bacc=0.8841
  ep 19/45 [B(full)] loss=0.2913 val_loss=0.2752 val_acc=0.9123 val_bacc=0.8489
  ep 20/45 [B(full)] loss=0.2865 val_loss=0.2666 val_acc=0.8983 val_bacc=0.8132
  ep 21/45 [B(full)] loss=0.2765 val_loss=0.2748 val_acc=0.9073 val_bacc=0.8458
  ep 22/45 [B(full)] loss=0.2728 val_loss=0.2584 val_acc=0.9133 val_bacc=0.8592
  ep 23/45 [B(full)] loss=0.2615 val_loss=0.2642 val_acc=0.9083 val_bacc=0.8522
  ep 24/45 [B(full)] loss=0.2551 val_loss=0.2892 val_acc=0.9083 val_bacc=0.8793
  ep 25/45 [B(full)] loss=0.2529 val_loss=0.2858 val_acc=0.9073 val_bacc=0.8709
  ep 26/45 [B(full)] loss=0.2483 val_loss=0.2829 val_acc=0.9212 val_bacc=0.8835
  ep 27/45 [B(full)] loss=0.2435 val_loss=0.2720 val_acc=0.9093 val_bacc=0.8374
  ep 28/45 [B(full)] loss=0.2377 val_loss=0.2757 val_acc=0.9212 val_bacc=0.8854
  ep 29/45 [B(full)] loss=0.2306 val_loss=0.2828 val_acc=0.9222 val_bacc=0.8937
  ep 30/45 [B(full)] loss=0.2341 val_loss=0.2629 val_acc=0.9222 val_bacc=0.8744
  ep 31/45 [B(full)] loss=0.2275 val_loss=0.2765 val_acc=0.9103 val_bacc=0.8573
  ep 32/45 [B(full)] loss=0.2284 val_loss=0.2589 val_acc=0.9182 val_bacc=0.8758
  ep 33/45 [B(full)] loss=0.2235 val_loss=0.2540 val_acc=0.9232 val_bacc=0.8750
  ep 34/45 [B(full)] loss=0.2191 val_loss=0.2437 val_acc=0.9252 val_bacc=0.8666
  ep 35/45 [B(full)] loss=0.2220 val_loss=0.2366 val_acc=0.9312 val_bacc=0.8839
  ep 36/45 [B(full)] loss=0.2205 val_loss=0.2371 val_acc=0.9262 val_bacc=0.8672
  ep 37/45 [B(full)] loss=0.2168 val_loss=0.2412 val_acc=0.9282 val_bacc=0.8781
  ep 38/45 [B(full)] loss=0.2170 val_loss=0.2485 val_acc=0.9302 val_bacc=0.8929
  ep 39/45 [B(full)] loss=0.2169 val_loss=0.2379 val_acc=0.9282 val_bacc=0.8723
  ep 40/45 [B(full)] loss=0.2132 val_loss=0.2404 val_acc=0.9272 val_bacc=0.8814
  ep 41/45 [B(full)] loss=0.2178 val_loss=0.2354 val_acc=0.9302 val_bacc=0.8755
  ep 42/45 [B(full)] loss=0.2123 val_loss=0.2342 val_acc=0.9272 val_bacc=0.8679
  ep 43/45 [B(full)] loss=0.2150 val_loss=0.2366 val_acc=0.9292 val_bacc=0.8788
  ep 44/45 [B(full)] loss=0.2113 val_loss=0.2316 val_acc=0.9242 val_bacc=0.8602
  ep 45/45 [B(full)] loss=0.2143 val_loss=0.2293 val_acc=0.9322 val_bacc=0.8787
  [tta] val_plain=0.9322 val_tta=0.9252 -> use_tta=False (decided on val)
  [select] alternate bacc   best val=0.8937 at epoch 29 -> derma_bin_all3_selbacc.pt
  [select] alternate recall best val=0.9082 at epoch 5 -> derma_bin_all3_selrecall.pt

[report]
                                             precision    recall  f1-score   support

                   benign (bkl/df/nv/vasc)       0.95      0.96      0.95      1613
malignant or pre-malignant (akiec/bcc/mel)       0.81      0.78      0.80       392

                                  accuracy                           0.92      2005
                                 macro avg       0.88      0.87      0.87      2005
                              weighted avg       0.92      0.92      0.92      2005

[RESULT] derma_bin_all3 test_acc=0.9217 train_acc=0.9991 gap=+0.0774 macroF1=0.8739 auc=0.9355 tta=False
DERMA_BIN_ALL3_DONE
[exit] derma_bin_all3 rc=0

======== derma_bin_focal3  2026-09-09 07:21:44 ========
[cmd] DATASET=dermamnist ARCH=efficientnet_b0 BINARY=1 EPOCHS=45 PATIENCE=45 LOSS=focal SUFFIX=_focal3
[derma_bin_focal3] dermamnist arch=efficientnet_b0 size=224 batch=24 classes=2 device=cuda binary=True mixup=0.0 cutmix=0.0 preproc=none/full
[mem] train split -> memmap C:\Users\so\Desktop\AI-Powered Radiology Hub\api\data\medmnist\_memmap\dermamnist_train_224.npy (1.05 GB)
[mem] val split -> memmap C:\Users\so\Desktop\AI-Powered Radiology Hub\api\data\medmnist\_memmap\dermamnist_val_224.npy (0.15 GB)
[mem] test split -> memmap C:\Users\so\Desktop\AI-Powered Radiology Hub\api\data\medmnist\_memmap\dermamnist_test_224.npy (0.30 GB)
[derma_bin_focal3] train=7007 val=1003 test=2005 | test balance=[1613, 392]
  ep  1/45 [A(head)] loss=0.1535 val_loss=0.6002 val_acc=0.6530 val_bacc=0.7400
  ep  2/45 [A(head)] loss=0.1435 val_loss=0.5016 val_acc=0.7976 val_bacc=0.7352
  ep  3/45 [A(head)] loss=0.1474 val_loss=0.5013 val_acc=0.7946 val_bacc=0.7835
  ep  4/45 [B(full)] loss=0.1249 val_loss=0.4390 val_acc=0.7916 val_bacc=0.8010
  ep  5/45 [B(full)] loss=0.1201 val_loss=0.4384 val_acc=0.7547 val_bacc=0.8244
  ep  6/45 [B(full)] loss=0.1085 val_loss=0.4061 val_acc=0.8265 val_bacc=0.8265
  ep  7/45 [B(full)] loss=0.1017 val_loss=0.4149 val_acc=0.7717 val_bacc=0.8291
  ep  8/45 [B(full)] loss=0.0955 val_loss=0.4063 val_acc=0.8036 val_bacc=0.8316
  ep  9/45 [B(full)] loss=0.0952 val_loss=0.3704 val_acc=0.8873 val_bacc=0.8469
  ep 10/45 [B(full)] loss=0.0887 val_loss=0.3896 val_acc=0.8475 val_bacc=0.8608
  ep 11/45 [B(full)] loss=0.0820 val_loss=0.4072 val_acc=0.7797 val_bacc=0.8283
  ep 12/45 [B(full)] loss=0.0907 val_loss=0.4128 val_acc=0.8754 val_bacc=0.8202
  ep 13/45 [B(full)] loss=0.0854 val_loss=0.3558 val_acc=0.8584 val_bacc=0.8193
  ep 14/45 [B(full)] loss=0.0749 val_loss=0.3227 val_acc=0.8804 val_bacc=0.8175
  ep 15/45 [B(full)] loss=0.0689 val_loss=0.3202 val_acc=0.8524 val_bacc=0.8484
  ep 16/45 [B(full)] loss=0.0679 val_loss=0.2990 val_acc=0.8883 val_bacc=0.8456
  ep 17/45 [B(full)] loss=0.0617 val_loss=0.2927 val_acc=0.8734 val_bacc=0.8421
  ep 18/45 [B(full)] loss=0.0570 val_loss=0.2829 val_acc=0.8744 val_bacc=0.8601
  ep 19/45 [B(full)] loss=0.0546 val_loss=0.2697 val_acc=0.8853 val_bacc=0.8438
  ep 20/45 [B(full)] loss=0.0524 val_loss=0.2828 val_acc=0.8883 val_bacc=0.8263
  ep 21/45 [B(full)] loss=0.0515 val_loss=0.2661 val_acc=0.9023 val_bacc=0.8697
  ep 22/45 [B(full)] loss=0.0510 val_loss=0.2794 val_acc=0.8903 val_bacc=0.8372
  ep 23/45 [B(full)] loss=0.0426 val_loss=0.2464 val_acc=0.9043 val_bacc=0.8671
  ep 24/45 [B(full)] loss=0.0389 val_loss=0.2791 val_acc=0.8824 val_bacc=0.8651
  ep 25/45 [B(full)] loss=0.0411 val_loss=0.2569 val_acc=0.8853 val_bacc=0.8554
  ep 26/45 [B(full)] loss=0.0358 val_loss=0.2284 val_acc=0.9123 val_bacc=0.8624
  ep 27/45 [B(full)] loss=0.0324 val_loss=0.2484 val_acc=0.9053 val_bacc=0.8658
  ep 28/45 [B(full)] loss=0.0299 val_loss=0.2352 val_acc=0.9113 val_bacc=0.8676
  ep 29/45 [B(full)] loss=0.0293 val_loss=0.2464 val_acc=0.8953 val_bacc=0.8712
  ep 30/45 [B(full)] loss=0.0273 val_loss=0.2267 val_acc=0.9063 val_bacc=0.8742
  ep 31/45 [B(full)] loss=0.0252 val_loss=0.2255 val_acc=0.9073 val_bacc=0.8786
  ep 32/45 [B(full)] loss=0.0235 val_loss=0.2146 val_acc=0.9113 val_bacc=0.8734
  ep 33/45 [B(full)] loss=0.0197 val_loss=0.2045 val_acc=0.9123 val_bacc=0.8702
  ep 34/45 [B(full)] loss=0.0176 val_loss=0.2025 val_acc=0.9093 val_bacc=0.8644
  ep 35/45 [B(full)] loss=0.0183 val_loss=0.2058 val_acc=0.9063 val_bacc=0.8626
  ep 36/45 [B(full)] loss=0.0185 val_loss=0.2008 val_acc=0.9172 val_bacc=0.8539
  ep 37/45 [B(full)] loss=0.0167 val_loss=0.1989 val_acc=0.9212 val_bacc=0.8796
  ep 38/45 [B(full)] loss=0.0163 val_loss=0.1987 val_acc=0.9202 val_bacc=0.8751
  ep 39/45 [B(full)] loss=0.0142 val_loss=0.1948 val_acc=0.9232 val_bacc=0.8654
  ep 40/45 [B(full)] loss=0.0126 val_loss=0.1956 val_acc=0.9242 val_bacc=0.8834
  ep 41/45 [B(full)] loss=0.0144 val_loss=0.1951 val_acc=0.9172 val_bacc=0.8559
  ep 42/45 [B(full)] loss=0.0121 val_loss=0.1902 val_acc=0.9242 val_bacc=0.8660
  ep 43/45 [B(full)] loss=0.0143 val_loss=0.1940 val_acc=0.9242 val_bacc=0.8757
  ep 44/45 [B(full)] loss=0.0124 val_loss=0.1929 val_acc=0.9272 val_bacc=0.8737
  ep 45/45 [B(full)] loss=0.0145 val_loss=0.1918 val_acc=0.9252 val_bacc=0.8685
  [tta] val_plain=0.9272 val_tta=0.9242 -> use_tta=False (decided on val)
  [select] alternate bacc   best val=0.8834 at epoch 40 -> derma_bin_focal3_selbacc.pt
  [select] alternate recall best val=0.9388 at epoch 5 -> derma_bin_focal3_selrecall.pt

[report]
                                             precision    recall  f1-score   support

                   benign (bkl/df/nv/vasc)       0.96      0.95      0.95      1613
malignant or pre-malignant (akiec/bcc/mel)       0.80      0.83      0.82       392

                                  accuracy                           0.93      2005
                                 macro avg       0.88      0.89      0.89      2005
                              weighted avg       0.93      0.93      0.93      2005

[RESULT] derma_bin_focal3 test_acc=0.9272 train_acc=0.9980 gap=+0.0708 macroF1=0.8856 auc=0.9636 tta=False
DERMA_BIN_FOCAL3_DONE
[exit] derma_bin_focal3 rc=0
=== sweep queue_session7.txt end 2026-09-09 08:37:12 ===
